2026-04-16 03:12:15  INFO      Run started — count=10  batch_size=10  dry_run=True  resume=False
2026-04-16 03:12:15  INFO      Generating phone numbers…
2026-04-16 03:12:15  INFO      Generated 10 phone number(s) (0 skipped via --resume)
2026-04-16 03:12:15  INFO      Generating 10 image(s)…
2026-04-16 03:12:15  INFO      Images written to: /home/amaan/green-automation/images
2026-04-16 03:12:15  INFO      Dry-run: exercising RegistrationBot on pair #1 for selector detail
2026-04-16 03:12:17  INFO      Bot dry-run result: {'status': 'success', 'message': 'Dry-run — form was NOT submitted'}
2026-04-16 03:12:17  INFO      Cleaning up images folder…
2026-04-16 03:12:17  INFO      Images folder removed.
2026-04-16 03:12:17  INFO      Run finished.
2026-04-16 03:25:44  INFO      Run started — count=3  batch_size=10  dry_run=True  resume=False
2026-04-16 03:25:44  INFO      Generating phone numbers…
2026-04-16 03:25:44  INFO      Generated 3 phone number(s) (0 skipped via --resume)
2026-04-16 03:25:44  INFO      Generating 3 image(s)…
2026-04-16 03:25:44  INFO      Images written to: /home/amaan/green-automation/images
2026-04-16 03:25:44  INFO      Dry-run: exercising RegistrationBot on pair #1 for selector detail
2026-04-16 03:25:46  INFO      Bot dry-run result: {'status': 'success', 'message': 'Dry-run — form was NOT submitted'}
2026-04-16 03:25:46  INFO      Cleaning up images folder…
2026-04-16 03:25:46  INFO      Images folder removed.
2026-04-16 03:25:46  INFO      Run finished.
2026-04-16 03:26:13  INFO      Run started — count=5  batch_size=10  dry_run=True  resume=False
2026-04-16 03:26:13  INFO      Generating phone numbers…
2026-04-16 03:26:13  INFO      Generated 5 phone number(s) (0 skipped via --resume)
2026-04-16 03:26:13  INFO      Generating 5 image(s)…
2026-04-16 03:26:13  INFO      Images written to: /home/amaan/green-automation/images
2026-04-16 03:26:13  INFO      Dry-run: exercising RegistrationBot on pair #1 for selector detail
2026-04-16 03:26:15  INFO      Bot dry-run result: {'status': 'success', 'message': 'Dry-run — form was NOT submitted'}
2026-04-16 03:26:15  INFO      Cleaning up images folder…
2026-04-16 03:26:15  INFO      Images folder removed.
2026-04-16 03:26:15  INFO      Run finished.
2026-04-16 03:30:42  INFO      Run started — count=1  batch_size=10  dry_run=False  resume=False
2026-04-16 03:30:42  INFO      Generating phone numbers…
2026-04-16 03:30:42  INFO      Generated 1 phone number(s) (0 skipped via --resume)
2026-04-16 03:30:42  INFO      Generating 1 image(s)…
2026-04-16 03:30:42  INFO      Images written to: /home/amaan/green-automation/images
2026-04-16 03:30:42  INFO      Starting live registrations in batches of 10…
2026-04-16 03:30:42  DEBUG     Batch 1/1 — 1 pair(s)
2026-04-16 03:31:08  DEBUG     +917308889641    FAILED    Image upload field not found: '#imageInput'
2026-04-16 03:31:08  INFO      Exporting results…
2026-04-16 03:31:08  INFO      Successful numbers → /home/amaan/green-automation/successful_numbers.csv
2026-04-16 03:31:08  INFO      Failed numbers     → /home/amaan/green-automation/failed_numbers.csv
2026-04-16 03:31:08  INFO      Run complete — attempted=1  success=0  failed=1
2026-04-16 03:31:08  INFO      Cleaning up images folder…
2026-04-16 03:31:08  INFO      Images folder removed.
2026-04-16 03:31:08  INFO      Run finished.
2026-04-16 03:34:02  INFO      Run started — count=1  batch_size=10  dry_run=False  resume=False
2026-04-16 03:34:02  INFO      Generating phone numbers…
2026-04-16 03:34:02  INFO      Generated 1 phone number(s) (0 skipped via --resume)
2026-04-16 03:34:02  INFO      Generating 1 image(s)…
2026-04-16 03:34:02  INFO      Images written to: /home/amaan/green-automation/images
2026-04-16 03:34:02  INFO      Starting live registrations in batches of 10…
2026-04-16 03:34:02  DEBUG     Batch 1/1 — 1 pair(s)
2026-04-16 03:34:13  DEBUG     +918299822340    SUCCESS   Thanks for participating! 1 image submitted successfully.
Follow us on Instagram to increase your chances of winning.
2026-04-16 03:34:13  INFO      Exporting results…
2026-04-16 03:34:13  INFO      Successful numbers → /home/amaan/green-automation/successful_numbers.csv
2026-04-16 03:34:13  INFO      Failed numbers     → /home/amaan/green-automation/failed_numbers.csv
2026-04-16 03:34:13  INFO      Run complete — attempted=2  success=1  failed=1
2026-04-16 03:34:13  INFO      Cleaning up images folder…
2026-04-16 03:34:13  INFO      Images folder removed.
2026-04-16 03:34:13  INFO      Run finished.
2026-04-16 03:57:17  INFO      Run started — count=100  batch_size=5  dry_run=False  resume=False
2026-04-16 03:57:17  INFO      Generating phone numbers…
2026-04-16 03:57:17  INFO      Generated 100 phone number(s) (0 skipped via --resume)
2026-04-16 03:57:17  INFO      Generating 100 image(s)…
2026-04-16 03:57:17  INFO      Images written to: /home/amaan/green-automation/images
2026-04-16 03:57:17  INFO      Starting live registrations in batches of 5…
2026-04-16 03:57:17  DEBUG     Batch 1/20 — 5 pair(s)
2026-04-16 03:57:26  DEBUG     +917152506602    SUCCESS   Thanks for participating! 1 image submitted successfully.
Follow us on Instagram to increase your chances of winning.
2026-04-16 03:57:33  DEBUG     +919284021081    SUCCESS   Thanks for participating! 1 image submitted successfully.
Follow us on Instagram to increase your chances of winning.
2026-04-16 03:57:41  DEBUG     +919915704941    SUCCESS   Thanks for participating! 1 image submitted successfully.
Follow us on Instagram to increase your chances of winning.
2026-04-16 03:57:49  DEBUG     +917991836400    SUCCESS   Thanks for participating! 1 image submitted successfully.
Follow us on Instagram to increase your chances of winning.
2026-04-16 03:58:00  DEBUG     +918353891711    SUCCESS   Thanks for participating! 1 image submitted successfully.
Follow us on Instagram to increase your chances of winning.
2026-04-16 03:58:00  DEBUG     Batch 2/20 — 5 pair(s)
2026-04-16 03:58:07  DEBUG     +918627536343    SUCCESS   Thanks for participating! 1 image submitted successfully.
Follow us on Instagram to increase your chances of winning.
2026-04-16 03:58:16  DEBUG     +918526342930    SUCCESS   Thanks for participating! 1 image submitted successfully.
Follow us on Instagram to increase your chances of winning.
2026-04-16 03:58:24  DEBUG     +918164247391    SUCCESS   Thanks for participating! 1 image submitted successfully.
Follow us on Instagram to increase your chances of winning.
2026-04-16 03:58:31  DEBUG     +917943012032    SUCCESS   Thanks for participating! 1 image submitted successfully.
Follow us on Instagram to increase your chances of winning.
2026-04-16 03:58:39  DEBUG     +918455152833    SUCCESS   Thanks for participating! 1 image submitted successfully.
Follow us on Instagram to increase your chances of winning.
2026-04-16 03:58:39  DEBUG     Batch 3/20 — 5 pair(s)
2026-04-16 03:58:47  DEBUG     +916821809227    SUCCESS   Thanks for participating! 1 image submitted successfully.
Follow us on Instagram to increase your chances of winning.
2026-04-16 03:58:54  DEBUG     +917852044014    SUCCESS   Thanks for participating! 1 image submitted successfully.
Follow us on Instagram to increase your chances of winning.
2026-04-16 03:59:03  DEBUG     +919163407203    SUCCESS   Thanks for participating! 1 image submitted successfully.
Follow us on Instagram to increase your chances of winning.
2026-04-16 03:59:11  DEBUG     +916443895248    SUCCESS   Thanks for participating! 1 image submitted successfully.
Follow us on Instagram to increase your chances of winning.
2026-04-16 03:59:21  DEBUG     +918219053896    SUCCESS   Thanks for participating! 1 image submitted successfully.
Follow us on Instagram to increase your chances of winning.
2026-04-16 03:59:21  DEBUG     Batch 4/20 — 5 pair(s)
2026-04-16 03:59:32  DEBUG     +919441941183    SUCCESS   Thanks for participating! 1 image submitted successfully.
Follow us on Instagram to increase your chances of winning.
2026-04-16 03:59:40  DEBUG     +919281752562    SUCCESS   Thanks for participating! 1 image submitted successfully.
Follow us on Instagram to increase your chances of winning.
2026-04-16 03:59:47  DEBUG     +919299297825    SUCCESS   Thanks for participating! 1 image submitted successfully.
Follow us on Instagram to increase your chances of winning.
2026-04-16 03:59:55  DEBUG     +917102585982    SUCCESS   Thanks for participating! 1 image submitted successfully.
Follow us on Instagram to increase your chances of winning.
2026-04-16 04:00:03  DEBUG     +919431050839    SUCCESS   Thanks for participating! 1 image submitted successfully.
Follow us on Instagram to increase your chances of winning.
2026-04-16 04:00:03  DEBUG     Batch 5/20 — 5 pair(s)
2026-04-16 04:00:10  DEBUG     +916488341486    SUCCESS   Thanks for participating! 1 image submitted successfully.
Follow us on Instagram to increase your chances of winning.
2026-04-16 04:00:21  DEBUG     +918175994978    SUCCESS   Thanks for participating! 1 image submitted successfully.
Follow us on Instagram to increase your chances of winning.
2026-04-16 04:00:29  DEBUG     +917113665159    SUCCESS   Thanks for participating! 1 image submitted successfully.
Follow us on Instagram to increase your chances of winning.
2026-04-16 04:00:37  DEBUG     +916796034485    SUCCESS   Thanks for participating! 1 image submitted successfully.
Follow us on Instagram to increase your chances of winning.
2026-04-16 04:00:46  DEBUG     +919021330885    SUCCESS   Thanks for participating! 1 image submitted successfully.
Follow us on Instagram to increase your chances of winning.
2026-04-16 04:00:46  DEBUG     Batch 6/20 — 5 pair(s)
2026-04-16 04:00:54  DEBUG     +918559946850    SUCCESS   Thanks for participating! 1 image submitted successfully.
Follow us on Instagram to increase your chances of winning.
2026-04-16 04:01:02  DEBUG     +918818611328    SUCCESS   Thanks for participating! 1 image submitted successfully.
Follow us on Instagram to increase your chances of winning.
2026-04-16 04:01:10  DEBUG     +916987460669    SUCCESS   Thanks for participating! 1 image submitted successfully.
Follow us on Instagram to increase your chances of winning.
2026-04-16 04:01:17  DEBUG     +919125783875    SUCCESS   Thanks for participating! 1 image submitted successfully.
Follow us on Instagram to increase your chances of winning.
2026-04-16 04:01:24  DEBUG     +917960649343    SUCCESS   Thanks for participating! 1 image submitted successfully.
Follow us on Instagram to increase your chances of winning.
2026-04-16 04:01:24  DEBUG     Batch 7/20 — 5 pair(s)
2026-04-16 04:01:34  DEBUG     +919688990653    SUCCESS   Thanks for participating! 1 image submitted successfully.
Follow us on Instagram to increase your chances of winning.
2026-04-16 04:01:42  DEBUG     +919325165593    SUCCESS   Thanks for participating! 1 image submitted successfully.
Follow us on Instagram to increase your chances of winning.
2026-04-16 04:01:51  DEBUG     +919228040732    SUCCESS   Thanks for participating! 1 image submitted successfully.
Follow us on Instagram to increase your chances of winning.
2026-04-16 04:01:59  DEBUG     +916129564850    SUCCESS   Thanks for participating! 1 image submitted successfully.
Follow us on Instagram to increase your chances of winning.
2026-04-16 04:02:07  DEBUG     +918359453691    SUCCESS   Thanks for participating! 1 image submitted successfully.
Follow us on Instagram to increase your chances of winning.
2026-04-16 04:02:07  DEBUG     Batch 8/20 — 5 pair(s)
2026-04-16 04:02:17  DEBUG     +919123211266    SUCCESS   Thanks for participating! 1 image submitted successfully.
Follow us on Instagram to increase your chances of winning.
2026-04-16 04:02:24  DEBUG     +919236050646    SUCCESS   Thanks for participating! 1 image submitted successfully.
Follow us on Instagram to increase your chances of winning.
2026-04-16 04:02:35  DEBUG     +919766958636    SUCCESS   Thanks for participating! 1 image submitted successfully.
Follow us on Instagram to increase your chances of winning.
2026-04-16 04:02:42  DEBUG     +918997648710    SUCCESS   Thanks for participating! 1 image submitted successfully.
Follow us on Instagram to increase your chances of winning.
2026-04-16 04:02:53  DEBUG     +918596942545    SUCCESS   Thanks for participating! 1 image submitted successfully.
Follow us on Instagram to increase your chances of winning.
2026-04-16 04:02:53  DEBUG     Batch 9/20 — 5 pair(s)
2026-04-16 04:03:02  DEBUG     +918694885493    SUCCESS   Thanks for participating! 1 image submitted successfully.
Follow us on Instagram to increase your chances of winning.
2026-04-16 04:03:13  DEBUG     +916219605065    SUCCESS   Thanks for participating! 1 image submitted successfully.
Follow us on Instagram to increase your chances of winning.
2026-04-16 04:03:23  DEBUG     +919042624485    SUCCESS   Thanks for participating! 1 image submitted successfully.
Follow us on Instagram to increase your chances of winning.
2026-04-16 04:03:30  DEBUG     +918801038769    SUCCESS   Thanks for participating! 1 image submitted successfully.
Follow us on Instagram to increase your chances of winning.
2026-04-16 04:03:38  DEBUG     +919773894267    SUCCESS   Thanks for participating! 1 image submitted successfully.
Follow us on Instagram to increase your chances of winning.
2026-04-16 04:03:38  DEBUG     Batch 10/20 — 5 pair(s)
2026-04-16 04:03:46  DEBUG     +919143761289    SUCCESS   Thanks for participating! 1 image submitted successfully.
Follow us on Instagram to increase your chances of winning.
2026-04-16 04:03:53  DEBUG     +918988600876    SUCCESS   Thanks for participating! 1 image submitted successfully.
Follow us on Instagram to increase your chances of winning.
2026-04-16 04:04:00  DEBUG     +917479573348    SUCCESS   Thanks for participating! 1 image submitted successfully.
Follow us on Instagram to increase your chances of winning.
2026-04-16 04:04:08  DEBUG     +916988091961    SUCCESS   Thanks for participating! 1 image submitted successfully.
Follow us on Instagram to increase your chances of winning.
2026-04-16 04:04:19  DEBUG     +919078864705    SUCCESS   Thanks for participating! 1 image submitted successfully.
Follow us on Instagram to increase your chances of winning.
2026-04-16 04:04:19  DEBUG     Batch 11/20 — 5 pair(s)
2026-04-16 04:04:26  DEBUG     +916847477391    SUCCESS   Thanks for participating! 1 image submitted successfully.
Follow us on Instagram to increase your chances of winning.
2026-04-16 04:04:37  DEBUG     +919406977288    SUCCESS   Thanks for participating! 1 image submitted successfully.
Follow us on Instagram to increase your chances of winning.
2026-04-16 04:04:45  DEBUG     +917212561962    SUCCESS   Thanks for participating! 1 image submitted successfully.
Follow us on Instagram to increase your chances of winning.
2026-04-16 04:04:54  DEBUG     +918689577917    SUCCESS   Thanks for participating! 1 image submitted successfully.
Follow us on Instagram to increase your chances of winning.
2026-04-16 04:05:04  DEBUG     +917600093041    SUCCESS   Thanks for participating! 1 image submitted successfully.
Follow us on Instagram to increase your chances of winning.
2026-04-16 04:05:04  DEBUG     Batch 12/20 — 5 pair(s)
2026-04-16 04:05:14  DEBUG     +917760581758    SUCCESS   Thanks for participating! 1 image submitted successfully.
Follow us on Instagram to increase your chances of winning.
2026-04-16 04:05:21  DEBUG     +917721963201    SUCCESS   Thanks for participating! 1 image submitted successfully.
Follow us on Instagram to increase your chances of winning.
2026-04-16 04:05:29  DEBUG     +918740001661    SUCCESS   Thanks for participating! 1 image submitted successfully.
Follow us on Instagram to increase your chances of winning.
2026-04-16 04:05:37  DEBUG     +917985992565    SUCCESS   Thanks for participating! 1 image submitted successfully.
Follow us on Instagram to increase your chances of winning.
2026-04-16 04:05:44  DEBUG     +919649033771    SUCCESS   Thanks for participating! 1 image submitted successfully.
Follow us on Instagram to increase your chances of winning.
2026-04-16 04:05:44  DEBUG     Batch 13/20 — 5 pair(s)
2026-04-16 04:05:55  DEBUG     +918577412685    SUCCESS   Thanks for participating! 1 image submitted successfully.
Follow us on Instagram to increase your chances of winning.
2026-04-16 04:06:03  DEBUG     +916506540073    SUCCESS   Thanks for participating! 1 image submitted successfully.
Follow us on Instagram to increase your chances of winning.
2026-04-16 04:06:11  DEBUG     +918968629964    SUCCESS   Thanks for participating! 1 image submitted successfully.
Follow us on Instagram to increase your chances of winning.
2026-04-16 04:06:19  DEBUG     +916332734297    SUCCESS   Thanks for participating! 1 image submitted successfully.
Follow us on Instagram to increase your chances of winning.
2026-04-16 04:06:27  DEBUG     +916101571228    SUCCESS   Thanks for participating! 1 image submitted successfully.
Follow us on Instagram to increase your chances of winning.
2026-04-16 04:06:27  DEBUG     Batch 14/20 — 5 pair(s)
2026-04-16 04:06:37  DEBUG     +917526357498    SUCCESS   Thanks for participating! 1 image submitted successfully.
Follow us on Instagram to increase your chances of winning.
2026-04-16 04:06:45  DEBUG     +918848943920    SUCCESS   Thanks for participating! 1 image submitted successfully.
Follow us on Instagram to increase your chances of winning.
2026-04-16 04:06:53  DEBUG     +919705692636    SUCCESS   Thanks for participating! 1 image submitted successfully.
Follow us on Instagram to increase your chances of winning.
2026-04-16 04:07:03  DEBUG     +917387153233    SUCCESS   Thanks for participating! 1 image submitted successfully.
Follow us on Instagram to increase your chances of winning.
2026-04-16 04:07:12  DEBUG     +918766977256    SUCCESS   Thanks for participating! 1 image submitted successfully.
Follow us on Instagram to increase your chances of winning.
2026-04-16 04:07:12  DEBUG     Batch 15/20 — 5 pair(s)
2026-04-16 04:07:20  DEBUG     +916766587244    SUCCESS   Thanks for participating! 1 image submitted successfully.
Follow us on Instagram to increase your chances of winning.
2026-04-16 04:07:28  DEBUG     +916798388207    SUCCESS   Thanks for participating! 1 image submitted successfully.
Follow us on Instagram to increase your chances of winning.
2026-04-16 04:07:36  DEBUG     +917058390373    SUCCESS   Thanks for participating! 1 image submitted successfully.
Follow us on Instagram to increase your chances of winning.
2026-04-16 04:07:44  DEBUG     +916974687191    SUCCESS   Thanks for participating! 1 image submitted successfully.
Follow us on Instagram to increase your chances of winning.
2026-04-16 04:07:52  DEBUG     +919394400770    SUCCESS   Thanks for participating! 1 image submitted successfully.
Follow us on Instagram to increase your chances of winning.
2026-04-16 04:07:52  DEBUG     Batch 16/20 — 5 pair(s)
2026-04-16 04:07:59  DEBUG     +916857928619    SUCCESS   Thanks for participating! 1 image submitted successfully.
Follow us on Instagram to increase your chances of winning.
2026-04-16 04:08:07  DEBUG     +916185062090    SUCCESS   Thanks for participating! 1 image submitted successfully.
Follow us on Instagram to increase your chances of winning.
2026-04-16 04:08:15  DEBUG     +916722316056    SUCCESS   Thanks for participating! 1 image submitted successfully.
Follow us on Instagram to increase your chances of winning.
2026-04-16 04:24:55  INFO      Run started — count=10  batch_size=5  dry_run=False  resume=False
2026-04-16 04:24:55  INFO      Generating phone numbers…
2026-04-16 04:24:55  INFO      Generated 10 phone number(s) (0 skipped via --resume)
2026-04-16 04:24:55  INFO      Generating 10 image(s)…
2026-04-16 04:24:55  INFO      Images written to: /home/amaan/green-automation/images
2026-04-16 04:24:55  INFO      Starting live registrations in batches of 5…
2026-04-16 04:24:55  DEBUG     Batch 1/2 — 5 pair(s)
2026-04-16 04:25:03  DEBUG     +918002424987    SUCCESS   Thanks for participating! 1 image submitted successfully.
Follow us on Instagram to increase your chances of winning.
2026-04-16 04:25:10  DEBUG     +917000257854    SUCCESS   Thanks for participating! 1 image submitted successfully.
Follow us on Instagram to increase your chances of winning.
2026-04-16 04:25:21  DEBUG     +918886650243    SUCCESS   Thanks for participating! 1 image submitted successfully.
Follow us on Instagram to increase your chances of winning.
2026-04-16 04:25:28  DEBUG     +917386081101    SUCCESS   Thanks for participating! 1 image submitted successfully.
Follow us on Instagram to increase your chances of winning.
2026-04-16 04:25:36  DEBUG     +919869443583    SUCCESS   Thanks for participating! 1 image submitted successfully.
Follow us on Instagram to increase your chances of winning.
2026-04-16 04:25:36  DEBUG     Batch 2/2 — 5 pair(s)
2026-04-16 04:25:43  DEBUG     +916084956743    SUCCESS   Thanks for participating! 1 image submitted successfully.
Follow us on Instagram to increase your chances of winning.
2026-04-16 04:25:51  DEBUG     +916848999687    SUCCESS   Thanks for participating! 1 image submitted successfully.
Follow us on Instagram to increase your chances of winning.
2026-04-16 04:26:00  DEBUG     +919777190953    SUCCESS   Thanks for participating! 1 image submitted successfully.
Follow us on Instagram to increase your chances of winning.
2026-04-16 04:26:08  DEBUG     +919765371374    SUCCESS   Thanks for participating! 1 image submitted successfully.
Follow us on Instagram to increase your chances of winning.
2026-04-16 04:26:15  DEBUG     +916701848330    SUCCESS   Thanks for participating! 1 image submitted successfully.
Follow us on Instagram to increase your chances of winning.
2026-04-16 04:26:15  INFO      Exporting results…
2026-04-16 04:26:15  INFO      Successful numbers → /home/amaan/green-automation/successful_numbers.csv
2026-04-16 04:26:15  INFO      Failed numbers     → /home/amaan/green-automation/failed_numbers.csv
2026-04-16 04:26:15  INFO      Run complete — attempted=90  success=89  failed=1
2026-04-16 04:26:15  INFO      Cleaning up images folder…
2026-04-16 04:26:15  INFO      Images folder removed.
2026-04-16 04:26:15  INFO      Run finished.
2026-04-16 04:44:35  INFO      Run started — count=10  batch_size=5  dry_run=True  resume=False
2026-04-16 04:44:35  INFO      Generating phone numbers…
2026-04-16 04:44:35  INFO      Generated 10 phone number(s) (0 skipped via --resume)
2026-04-16 04:44:35  INFO      Generating 10 image(s)…
2026-04-16 04:44:35  INFO      Images written to: /home/amaan/green-automation/images
2026-04-16 04:44:35  INFO      Dry-run: exercising RegistrationBot on pair #1 for selector detail
2026-04-16 04:44:37  INFO      Bot dry-run result: {'status': 'success', 'message': 'Dry-run — form was NOT submitted'}
2026-04-16 04:44:37  INFO      Cleaning up images folder…
2026-04-16 04:44:37  INFO      Images folder removed.
2026-04-16 04:44:37  INFO      Run finished.
2026-04-16 04:44:55  INFO      Run started — count=100  batch_size=5  dry_run=True  resume=False
2026-04-16 04:44:55  INFO      Generating phone numbers…
2026-04-16 04:44:55  INFO      Generated 100 phone number(s) (0 skipped via --resume)
2026-04-16 04:44:55  INFO      Generating 100 image(s)…
2026-04-16 04:44:57  INFO      Images written to: /home/amaan/green-automation/images
2026-04-16 04:44:57  INFO      Dry-run: exercising RegistrationBot on pair #1 for selector detail
2026-04-16 04:44:59  INFO      Bot dry-run result: {'status': 'success', 'message': 'Dry-run — form was NOT submitted'}
2026-04-16 04:44:59  INFO      Cleaning up images folder…
2026-04-16 04:44:59  INFO      Images folder removed.
2026-04-16 04:44:59  INFO      Run finished.
2026-04-16 04:47:36  INFO      Run started — count=5  batch_size=5  dry_run=False  resume=False
2026-04-16 04:47:36  INFO      Generating phone numbers…
2026-04-16 04:47:36  INFO      Generated 5 phone number(s) (0 skipped via --resume)
2026-04-16 04:47:36  INFO      Generating 5 image(s)…
2026-04-16 04:47:36  INFO      Images written to: /home/amaan/green-automation/images
2026-04-16 04:47:36  INFO      Starting live registrations in batches of 5…
2026-04-16 04:47:36  DEBUG     Batch 1/1 — 5 pair(s)
2026-04-16 04:47:45  DEBUG     +916719493290    SUCCESS   Thanks for participating! 1 image submitted successfully.
Follow us on Instagram to increase your chances of winning.
2026-04-16 04:47:53  DEBUG     +917538376750    SUCCESS   Thanks for participating! 1 image submitted successfully.
Follow us on Instagram to increase your chances of winning.
2026-04-16 04:48:00  DEBUG     +916942744644    SUCCESS   Thanks for participating! 1 image submitted successfully.
Follow us on Instagram to increase your chances of winning.
2026-04-16 04:48:11  DEBUG     +916011121050    SUCCESS   Thanks for participating! 1 image submitted successfully.
Follow us on Instagram to increase your chances of winning.
2026-04-16 04:48:20  DEBUG     +919151925596    SUCCESS   Thanks for participating! 1 image submitted successfully.
Follow us on Instagram to increase your chances of winning.
2026-04-16 04:48:20  INFO      Exporting results…
2026-04-16 04:48:20  INFO      Successful numbers → /home/amaan/green-automation/successful_numbers.csv
2026-04-16 04:48:20  INFO      Failed numbers     → /home/amaan/green-automation/failed_numbers.csv
2026-04-16 04:48:20  INFO      Run complete — attempted=95  success=94  failed=1
2026-04-16 04:48:20  INFO      Cleaning up images folder…
2026-04-16 04:48:20  INFO      Images folder removed.
2026-04-16 04:48:20  INFO      Run finished.
2026-04-16 17:39:37  INFO      Run started — count=5  batch_size=5  dry_run=False  resume=False
2026-04-16 17:39:37  INFO      Generating phone numbers…
2026-04-16 17:39:37  INFO      Generated 5 phone number(s) (0 skipped via --resume)
2026-04-16 17:39:37  INFO      Generating 5 image(s)…
2026-04-16 17:39:37  INFO      Images written to: /home/amaan/green-automation/images
2026-04-16 17:39:37  INFO      Starting live registrations in batches of 5…
2026-04-16 17:39:37  DEBUG     Batch 1/1 — 5 pair(s)
2026-04-16 17:39:46  DEBUG     +918411521259    SUCCESS   Thanks for participating! 1 image submitted successfully.
Follow us on Instagram to increase your chances of winning.
2026-04-16 17:39:55  DEBUG     +916346173470    SUCCESS   Thanks for participating! 1 image submitted successfully.
Follow us on Instagram to increase your chances of winning.
2026-04-16 17:40:04  DEBUG     +919678338053    SUCCESS   Thanks for participating! 1 image submitted successfully.
Follow us on Instagram to increase your chances of winning.
2026-04-16 17:40:13  DEBUG     +916694149232    SUCCESS   Thanks for participating! 1 image submitted successfully.
Follow us on Instagram to increase your chances of winning.
2026-04-16 17:40:22  DEBUG     +916215691353    SUCCESS   Thanks for participating! 1 image submitted successfully.
Follow us on Instagram to increase your chances of winning.
2026-04-16 17:40:22  INFO      Exporting results…
2026-04-16 17:40:22  INFO      Successful numbers → /home/amaan/green-automation/successful_numbers.csv
2026-04-16 17:40:22  INFO      Failed numbers     → /home/amaan/green-automation/failed_numbers.csv
2026-04-16 17:40:22  INFO      Run complete — attempted=100  success=99  failed=1
2026-04-16 17:40:22  INFO      Cleaning up images folder…
2026-04-16 17:40:22  INFO      Images folder removed.
2026-04-16 17:40:22  INFO      Run finished.
2026-04-18 16:11:10  INFO      Run started — count=50  batch_size=10  dry_run=False  resume=False
2026-04-18 16:11:10  INFO      Generating phone numbers…
2026-04-18 16:11:10  INFO      Generated 50 phone number(s) (0 skipped via --resume)
2026-04-18 16:11:10  INFO      Generating 50 image(s)…
2026-04-18 16:11:13  INFO      Images written to: /home/amaan/green-automation/images
2026-04-18 16:11:13  INFO      Starting live registrations in batches of 10…
2026-04-18 16:11:13  DEBUG     Batch 1/5 — 10 pair(s)
2026-04-18 16:11:21  DEBUG     +918504011735    SUCCESS   Thanks for participating! 1 image submitted successfully.
Follow us on Instagram to increase your chances of winning.
2026-04-18 16:11:29  DEBUG     +916600417925    SUCCESS   Thanks for participating! 1 image submitted successfully.
Follow us on Instagram to increase your chances of winning.
2026-04-18 16:11:38  DEBUG     +919733973606    SUCCESS   Thanks for participating! 1 image submitted successfully.
Follow us on Instagram to increase your chances of winning.
2026-04-18 16:11:46  DEBUG     +918616273882    SUCCESS   Thanks for participating! 1 image submitted successfully.
Follow us on Instagram to increase your chances of winning.
2026-04-18 16:11:57  DEBUG     +918599706248    SUCCESS   Thanks for participating! 1 image submitted successfully.
Follow us on Instagram to increase your chances of winning.
2026-04-18 16:12:05  DEBUG     +916204943921    SUCCESS   Thanks for participating! 1 image submitted successfully.
Follow us on Instagram to increase your chances of winning.
2026-04-18 16:12:13  DEBUG     +917037137631    SUCCESS   Thanks for participating! 1 image submitted successfully.
Follow us on Instagram to increase your chances of winning.
2026-04-18 16:12:22  DEBUG     +916610642951    SUCCESS   Thanks for participating! 1 image submitted successfully.
Follow us on Instagram to increase your chances of winning.
2026-04-18 16:12:30  DEBUG     +918455860063    SUCCESS   Thanks for participating! 1 image submitted successfully.
Follow us on Instagram to increase your chances of winning.
2026-04-18 16:12:42  DEBUG     +918197985853    SUCCESS   Thanks for participating! 1 image submitted successfully.
Follow us on Instagram to increase your chances of winning.
2026-04-18 16:12:42  DEBUG     Batch 2/5 — 10 pair(s)
2026-04-18 16:12:50  DEBUG     +916619231438    SUCCESS   Thanks for participating! 1 image submitted successfully.
Follow us on Instagram to increase your chances of winning.
2026-04-18 16:13:00  DEBUG     +919863825609    SUCCESS   Thanks for participating! 1 image submitted successfully.
Follow us on Instagram to increase your chances of winning.
2026-04-18 16:13:11  DEBUG     +919181405413    SUCCESS   Thanks for participating! 1 image submitted successfully.
Follow us on Instagram to increase your chances of winning.
2026-04-18 16:13:28  DEBUG     +919646150013    SUCCESS   Thanks for participating! 1 image submitted successfully.
Follow us on Instagram to increase your chances of winning.
2026-04-18 16:13:38  DEBUG     +919084596150    SUCCESS   Thanks for participating! 1 image submitted successfully.
Follow us on Instagram to increase your chances of winning.
2026-04-18 16:13:55  DEBUG     +919506022064    SUCCESS   Thanks for participating! 1 image submitted successfully.
Follow us on Instagram to increase your chances of winning.
2026-04-18 16:14:03  DEBUG     +919674451257    SUCCESS   Thanks for participating! 1 image submitted successfully.
Follow us on Instagram to increase your chances of winning.
2026-04-18 16:14:14  DEBUG     +916617769721    SUCCESS   Thanks for participating! 1 image submitted successfully.
Follow us on Instagram to increase your chances of winning.
2026-04-18 16:14:31  DEBUG     +916269930233    SUCCESS   Thanks for participating! 1 image submitted successfully.
Follow us on Instagram to increase your chances of winning.
2026-04-18 16:14:43  DEBUG     +917350352560    SUCCESS   Thanks for participating! 1 image submitted successfully.
Follow us on Instagram to increase your chances of winning.
2026-04-18 16:14:43  DEBUG     Batch 3/5 — 10 pair(s)
2026-04-18 16:14:52  DEBUG     +916201832866    SUCCESS   Thanks for participating! 1 image submitted successfully.
Follow us on Instagram to increase your chances of winning.
2026-04-18 16:15:03  DEBUG     +919666606739    SUCCESS   Thanks for participating! 1 image submitted successfully.
Follow us on Instagram to increase your chances of winning.
2026-04-18 16:15:11  DEBUG     +918482891236    SUCCESS   Thanks for participating! 1 image submitted successfully.
Follow us on Instagram to increase your chances of winning.
2026-04-18 16:15:22  DEBUG     +917095008383    SUCCESS   Thanks for participating! 1 image submitted successfully.
Follow us on Instagram to increase your chances of winning.
2026-04-18 16:15:33  DEBUG     +919517121014    SUCCESS   Thanks for participating! 1 image submitted successfully.
Follow us on Instagram to increase your chances of winning.
2026-04-18 16:15:44  DEBUG     +919697384679    SUCCESS   Thanks for participating! 1 image submitted successfully.
Follow us on Instagram to increase your chances of winning.
2026-04-18 16:15:54  DEBUG     +918278060138    SUCCESS   Thanks for participating! 1 image submitted successfully.
Follow us on Instagram to increase your chances of winning.
2026-04-18 16:16:07  DEBUG     +917022385475    SUCCESS   Thanks for participating! 1 image submitted successfully.
Follow us on Instagram to increase your chances of winning.
2026-04-18 16:16:16  DEBUG     +917069804431    SUCCESS   Thanks for participating! 1 image submitted successfully.
Follow us on Instagram to increase your chances of winning.
2026-04-18 16:16:24  DEBUG     +919163035647    SUCCESS   Thanks for participating! 1 image submitted successfully.
Follow us on Instagram to increase your chances of winning.
2026-04-18 16:16:24  DEBUG     Batch 4/5 — 10 pair(s)
2026-04-18 16:16:32  DEBUG     +916519185514    SUCCESS   Thanks for participating! 1 image submitted successfully.
Follow us on Instagram to increase your chances of winning.
2026-04-18 16:16:44  DEBUG     +919054474478    SUCCESS   Thanks for participating! 1 image submitted successfully.
Follow us on Instagram to increase your chances of winning.
2026-04-18 16:16:52  DEBUG     +919634445512    SUCCESS   Thanks for participating! 1 image submitted successfully.
Follow us on Instagram to increase your chances of winning.
2026-04-18 16:17:04  DEBUG     +919000927102    SUCCESS   Thanks for participating! 1 image submitted successfully.
Follow us on Instagram to increase your chances of winning.
2026-04-18 16:17:15  DEBUG     +917318982745    SUCCESS   Thanks for participating! 1 image submitted successfully.
Follow us on Instagram to increase your chances of winning.
2026-04-18 16:17:24  DEBUG     +919122912117    SUCCESS   Thanks for participating! 1 image submitted successfully.
Follow us on Instagram to increase your chances of winning.
2026-04-18 16:17:31  DEBUG     +917849855828    SUCCESS   Thanks for participating! 1 image submitted successfully.
Follow us on Instagram to increase your chances of winning.
2026-04-18 16:17:40  DEBUG     +918082438745    SUCCESS   Thanks for participating! 1 image submitted successfully.
Follow us on Instagram to increase your chances of winning.
2026-04-18 16:17:48  DEBUG     +916849482358    SUCCESS   Thanks for participating! 1 image submitted successfully.
Follow us on Instagram to increase your chances of winning.
2026-04-18 16:17:57  DEBUG     +916412849758    SUCCESS   Thanks for participating! 1 image submitted successfully.
Follow us on Instagram to increase your chances of winning.
2026-04-18 16:17:57  DEBUG     Batch 5/5 — 10 pair(s)
2026-04-18 16:18:05  DEBUG     +916654105253    SUCCESS   Thanks for participating! 1 image submitted successfully.
Follow us on Instagram to increase your chances of winning.
2026-04-18 16:18:15  DEBUG     +919864808817    SUCCESS   Thanks for participating! 1 image submitted successfully.
Follow us on Instagram to increase your chances of winning.
2026-04-18 16:18:22  DEBUG     +916445110311    SUCCESS   Thanks for participating! 1 image submitted successfully.
Follow us on Instagram to increase your chances of winning.
2026-04-18 16:18:34  DEBUG     +917000836598    SUCCESS   Thanks for participating! 1 image submitted successfully.
Follow us on Instagram to increase your chances of winning.
2026-04-18 16:18:46  DEBUG     +916057821574    SUCCESS   Thanks for participating! 1 image submitted successfully.
Follow us on Instagram to increase your chances of winning.
2026-04-18 16:18:57  DEBUG     +918353517056    SUCCESS   Thanks for participating! 1 image submitted successfully.
Follow us on Instagram to increase your chances of winning.
2026-04-18 16:19:05  DEBUG     +917641010745    SUCCESS   Thanks for participating! 1 image submitted successfully.
Follow us on Instagram to increase your chances of winning.
2026-04-18 16:19:14  DEBUG     +918471854795    SUCCESS   Thanks for participating! 1 image submitted successfully.
Follow us on Instagram to increase your chances of winning.
2026-04-18 16:19:21  DEBUG     +917581734102    SUCCESS   Thanks for participating! 1 image submitted successfully.
Follow us on Instagram to increase your chances of winning.
2026-04-18 16:19:29  DEBUG     +919072653967    SUCCESS   Thanks for participating! 1 image submitted successfully.
Follow us on Instagram to increase your chances of winning.
2026-04-18 16:19:29  INFO      Exporting results…
2026-04-18 16:19:29  INFO      Successful numbers → /home/amaan/green-automation/successful_numbers.csv
2026-04-18 16:19:29  INFO      Failed numbers     → /home/amaan/green-automation/failed_numbers.csv
2026-04-18 16:19:29  INFO      Run complete — attempted=50  success=50  failed=0
2026-04-18 16:19:29  INFO      Cleaning up images folder…
2026-04-18 16:19:29  INFO      Images folder removed.
2026-04-18 16:19:29  INFO      Run finished.
2026-04-18 17:05:24  INFO      Run started — count=100  batch_size=10  dry_run=False  resume=False
2026-04-18 17:05:24  INFO      Generating phone numbers…
2026-04-18 17:05:24  INFO      Generated 100 phone number(s) (0 skipped via --resume)
2026-04-18 17:05:24  INFO      Generating 100 image(s)…
2026-04-18 17:05:29  INFO      Images written to: /home/amaan/green-automation/images
2026-04-18 17:05:29  INFO      Starting live registrations in batches of 10…
2026-04-18 17:05:29  DEBUG     Batch 1/10 — 10 pair(s)
2026-04-18 17:05:39  DEBUG     +918265658478    SUCCESS   Thanks for participating! 1 image submitted successfully.
Follow us on Instagram to increase your chances of winning.
2026-04-18 17:05:48  DEBUG     +917721669198    SUCCESS   Thanks for participating! 1 image submitted successfully.
Follow us on Instagram to increase your chances of winning.
2026-04-18 17:05:59  DEBUG     +918516199654    SUCCESS   Thanks for participating! 1 image submitted successfully.
Follow us on Instagram to increase your chances of winning.
2026-04-18 17:06:07  DEBUG     +916082705967    SUCCESS   Thanks for participating! 1 image submitted successfully.
Follow us on Instagram to increase your chances of winning.
2026-04-18 17:06:17  DEBUG     +917337216843    SUCCESS   Thanks for participating! 1 image submitted successfully.
Follow us on Instagram to increase your chances of winning.
2026-04-18 17:06:29  DEBUG     +918933722299    SUCCESS   Thanks for participating! 1 image submitted successfully.
Follow us on Instagram to increase your chances of winning.
2026-04-18 17:06:38  DEBUG     +919582284909    SUCCESS   Thanks for participating! 1 image submitted successfully.
Follow us on Instagram to increase your chances of winning.
2026-04-18 17:06:48  DEBUG     +918740731999    SUCCESS   Thanks for participating! 1 image submitted successfully.
Follow us on Instagram to increase your chances of winning.
2026-04-18 17:06:56  DEBUG     +917817595015    SUCCESS   Thanks for participating! 1 image submitted successfully.
Follow us on Instagram to increase your chances of winning.
2026-04-18 17:07:05  DEBUG     +917089962402    SUCCESS   Thanks for participating! 1 image submitted successfully.
Follow us on Instagram to increase your chances of winning.
2026-04-18 17:07:05  DEBUG     Batch 2/10 — 10 pair(s)
2026-04-18 17:07:18  DEBUG     +916324717842    SUCCESS   Thanks for participating! 1 image submitted successfully.
Follow us on Instagram to increase your chances of winning.
2026-04-18 17:07:25  DEBUG     +917285635287    SUCCESS   Thanks for participating! 1 image submitted successfully.
Follow us on Instagram to increase your chances of winning.
2026-04-18 17:07:33  DEBUG     +916902844561    SUCCESS   Thanks for participating! 1 image submitted successfully.
Follow us on Instagram to increase your chances of winning.
2026-04-18 17:07:41  DEBUG     +916712337134    SUCCESS   Thanks for participating! 1 image submitted successfully.
Follow us on Instagram to increase your chances of winning.
2026-04-18 17:07:52  DEBUG     +917340599099    SUCCESS   Thanks for participating! 1 image submitted successfully.
Follow us on Instagram to increase your chances of winning.
2026-04-18 17:08:02  DEBUG     +919078124641    SUCCESS   Thanks for participating! 1 image submitted successfully.
Follow us on Instagram to increase your chances of winning.
2026-04-18 17:08:09  DEBUG     +917122423821    SUCCESS   Thanks for participating! 1 image submitted successfully.
Follow us on Instagram to increase your chances of winning.
2026-04-18 17:08:17  DEBUG     +917449945212    SUCCESS   Thanks for participating! 1 image submitted successfully.
Follow us on Instagram to increase your chances of winning.
2026-04-18 17:08:24  DEBUG     +919249209887    SUCCESS   Thanks for participating! 1 image submitted successfully.
Follow us on Instagram to increase your chances of winning.
2026-04-18 17:08:35  DEBUG     +916143165096    SUCCESS   Thanks for participating! 1 image submitted successfully.
Follow us on Instagram to increase your chances of winning.
2026-04-18 17:08:35  DEBUG     Batch 3/10 — 10 pair(s)
2026-04-18 17:08:44  DEBUG     +919989527965    SUCCESS   Thanks for participating! 1 image submitted successfully.
Follow us on Instagram to increase your chances of winning.
2026-04-18 17:08:55  DEBUG     +917117958987    SUCCESS   Thanks for participating! 1 image submitted successfully.
Follow us on Instagram to increase your chances of winning.
2026-04-18 17:09:02  DEBUG     +919500287696    SUCCESS   Thanks for participating! 1 image submitted successfully.
Follow us on Instagram to increase your chances of winning.
2026-04-18 17:09:14  DEBUG     +919780931745    SUCCESS   Thanks for participating! 1 image submitted successfully.
Follow us on Instagram to increase your chances of winning.
2026-04-18 17:09:25  DEBUG     +919718075247    SUCCESS   Thanks for participating! 1 image submitted successfully.
Follow us on Instagram to increase your chances of winning.
2026-04-18 17:09:36  DEBUG     +919917342557    SUCCESS   Thanks for participating! 1 image submitted successfully.
Follow us on Instagram to increase your chances of winning.
2026-04-18 17:09:46  DEBUG     +916291592070    SUCCESS   Thanks for participating! 1 image submitted successfully.
Follow us on Instagram to increase your chances of winning.
2026-04-18 17:09:55  DEBUG     +918006365702    SUCCESS   Thanks for participating! 1 image submitted successfully.
Follow us on Instagram to increase your chances of winning.
2026-04-18 17:10:03  DEBUG     +918003679393    SUCCESS   Thanks for participating! 1 image submitted successfully.
Follow us on Instagram to increase your chances of winning.
2026-04-18 17:10:11  DEBUG     +918409566622    SUCCESS   Thanks for participating! 1 image submitted successfully.
Follow us on Instagram to increase your chances of winning.
2026-04-18 17:10:11  DEBUG     Batch 4/10 — 10 pair(s)
2026-04-18 17:10:20  DEBUG     +916324675833    SUCCESS   Thanks for participating! 1 image submitted successfully.
Follow us on Instagram to increase your chances of winning.
2026-04-18 17:10:29  DEBUG     +916749956604    SUCCESS   Thanks for participating! 1 image submitted successfully.
Follow us on Instagram to increase your chances of winning.
2026-04-18 17:10:37  DEBUG     +918357685794    SUCCESS   Thanks for participating! 1 image submitted successfully.
Follow us on Instagram to increase your chances of winning.
2026-04-18 17:10:44  DEBUG     +916566751178    SUCCESS   Thanks for participating! 1 image submitted successfully.
Follow us on Instagram to increase your chances of winning.
2026-04-18 17:10:54  DEBUG     +919265489759    SUCCESS   Thanks for participating! 1 image submitted successfully.
Follow us on Instagram to increase your chances of winning.
2026-04-18 17:11:04  DEBUG     +916940134329    SUCCESS   Thanks for participating! 1 image submitted successfully.
Follow us on Instagram to increase your chances of winning.
2026-04-18 17:11:14  DEBUG     +916334002985    SUCCESS   Thanks for participating! 1 image submitted successfully.
Follow us on Instagram to increase your chances of winning.
2026-04-18 17:11:23  DEBUG     +918353379510    SUCCESS   Thanks for participating! 1 image submitted successfully.
Follow us on Instagram to increase your chances of winning.
2026-04-18 17:11:31  DEBUG     +916188584619    SUCCESS   Thanks for participating! 1 image submitted successfully.
Follow us on Instagram to increase your chances of winning.
2026-04-18 17:11:39  DEBUG     +916119804697    SUCCESS   Thanks for participating! 1 image submitted successfully.
Follow us on Instagram to increase your chances of winning.
2026-04-18 17:11:39  DEBUG     Batch 5/10 — 10 pair(s)
2026-04-18 17:11:49  DEBUG     +919946190202    SUCCESS   Thanks for participating! 1 image submitted successfully.
Follow us on Instagram to increase your chances of winning.
2026-04-18 17:11:57  DEBUG     +919938863674    SUCCESS   Thanks for participating! 1 image submitted successfully.
Follow us on Instagram to increase your chances of winning.
2026-04-18 17:12:05  DEBUG     +916632345028    SUCCESS   Thanks for participating! 1 image submitted successfully.
Follow us on Instagram to increase your chances of winning.
2026-04-18 17:12:12  DEBUG     +918829436952    SUCCESS   Thanks for participating! 1 image submitted successfully.
Follow us on Instagram to increase your chances of winning.
2026-04-18 17:12:22  DEBUG     +919170369766    SUCCESS   Thanks for participating! 1 image submitted successfully.
Follow us on Instagram to increase your chances of winning.
2026-04-18 17:12:32  DEBUG     +917397130737    SUCCESS   Thanks for participating! 1 image submitted successfully.
Follow us on Instagram to increase your chances of winning.
2026-04-18 17:12:40  DEBUG     +917853816484    SUCCESS   Thanks for participating! 1 image submitted successfully.
Follow us on Instagram to increase your chances of winning.
2026-04-18 17:12:48  DEBUG     +917018703367    SUCCESS   Thanks for participating! 1 image submitted successfully.
Follow us on Instagram to increase your chances of winning.
2026-04-18 17:12:59  DEBUG     +918463347814    SUCCESS   Thanks for participating! 1 image submitted successfully.
Follow us on Instagram to increase your chances of winning.
2026-04-18 17:13:07  DEBUG     +918408342094    SUCCESS   Thanks for participating! 1 image submitted successfully.
Follow us on Instagram to increase your chances of winning.
2026-04-18 17:13:07  DEBUG     Batch 6/10 — 10 pair(s)
2026-04-18 17:13:19  DEBUG     +918693722108    SUCCESS   Thanks for participating! 1 image submitted successfully.
Follow us on Instagram to increase your chances of winning.
2026-04-18 17:13:27  DEBUG     +919398415905    SUCCESS   Thanks for participating! 1 image submitted successfully.
Follow us on Instagram to increase your chances of winning.
2026-04-18 17:13:34  DEBUG     +917664172854    SUCCESS   Thanks for participating! 1 image submitted successfully.
Follow us on Instagram to increase your chances of winning.
2026-04-18 17:13:41  DEBUG     +919287876022    SUCCESS   Thanks for participating! 1 image submitted successfully.
Follow us on Instagram to increase your chances of winning.
2026-04-18 17:13:58  DEBUG     +919586273587    SUCCESS   Thanks for participating! 1 image submitted successfully.
Follow us on Instagram to increase your chances of winning.
2026-04-18 17:14:07  DEBUG     +918148999491    SUCCESS   Thanks for participating! 1 image submitted successfully.
Follow us on Instagram to increase your chances of winning.
2026-04-18 17:14:15  DEBUG     +918624963426    SUCCESS   Thanks for participating! 1 image submitted successfully.
Follow us on Instagram to increase your chances of winning.
2026-04-18 17:14:23  DEBUG     +918127566092    SUCCESS   Thanks for participating! 1 image submitted successfully.
Follow us on Instagram to increase your chances of winning.
2026-04-18 17:14:30  DEBUG     +917799971023    SUCCESS   Thanks for participating! 1 image submitted successfully.
Follow us on Instagram to increase your chances of winning.
2026-04-18 17:14:41  DEBUG     +917690577896    SUCCESS   Thanks for participating! 1 image submitted successfully.
Follow us on Instagram to increase your chances of winning.
2026-04-18 17:14:41  DEBUG     Batch 7/10 — 10 pair(s)
2026-04-18 17:14:51  DEBUG     +916375376179    SUCCESS   Thanks for participating! 1 image submitted successfully.
Follow us on Instagram to increase your chances of winning.
2026-04-18 17:14:59  DEBUG     +916991733449    SUCCESS   Thanks for participating! 1 image submitted successfully.
Follow us on Instagram to increase your chances of winning.
2026-04-18 17:15:09  DEBUG     +916171489998    SUCCESS   Thanks for participating! 1 image submitted successfully.
Follow us on Instagram to increase your chances of winning.
2026-04-18 17:15:17  DEBUG     +919904036740    SUCCESS   Thanks for participating! 1 image submitted successfully.
Follow us on Instagram to increase your chances of winning.
2026-04-18 17:15:25  DEBUG     +917606103927    SUCCESS   Thanks for participating! 1 image submitted successfully.
Follow us on Instagram to increase your chances of winning.
2026-04-18 17:15:34  DEBUG     +918740910541    SUCCESS   Thanks for participating! 1 image submitted successfully.
Follow us on Instagram to increase your chances of winning.
2026-04-18 17:15:44  DEBUG     +916005478073    SUCCESS   Thanks for participating! 1 image submitted successfully.
Follow us on Instagram to increase your chances of winning.
2026-04-18 17:15:54  DEBUG     +917078891355    SUCCESS   Thanks for participating! 1 image submitted successfully.
Follow us on Instagram to increase your chances of winning.
2026-04-18 17:16:01  DEBUG     +916215594820    SUCCESS   Thanks for participating! 1 image submitted successfully.
Follow us on Instagram to increase your chances of winning.
2026-04-18 17:16:10  DEBUG     +917369197397    SUCCESS   Thanks for participating! 1 image submitted successfully.
Follow us on Instagram to increase your chances of winning.
2026-04-18 17:16:10  DEBUG     Batch 8/10 — 10 pair(s)
2026-04-18 17:16:18  DEBUG     +918524983917    SUCCESS   Thanks for participating! 1 image submitted successfully.
Follow us on Instagram to increase your chances of winning.
2026-04-18 17:16:25  DEBUG     +916347264000    SUCCESS   Thanks for participating! 1 image submitted successfully.
Follow us on Instagram to increase your chances of winning.
2026-04-18 17:16:35  DEBUG     +918010734975    SUCCESS   Thanks for participating! 1 image submitted successfully.
Follow us on Instagram to increase your chances of winning.
2026-04-18 17:16:43  DEBUG     +917533981035    SUCCESS   Thanks for participating! 1 image submitted successfully.
Follow us on Instagram to increase your chances of winning.
2026-04-18 17:16:53  DEBUG     +919484806090    SUCCESS   Thanks for participating! 1 image submitted successfully.
Follow us on Instagram to increase your chances of winning.
2026-04-18 17:17:02  DEBUG     +918061428592    SUCCESS   Thanks for participating! 1 image submitted successfully.
Follow us on Instagram to increase your chances of winning.
2026-04-18 17:17:09  DEBUG     +918022237989    SUCCESS   Thanks for participating! 1 image submitted successfully.
Follow us on Instagram to increase your chances of winning.
2026-04-18 17:17:23  DEBUG     +918683906362    SUCCESS   Thanks for participating! 1 image submitted successfully.
Follow us on Instagram to increase your chances of winning.
2026-04-18 17:17:30  DEBUG     +918500019101    SUCCESS   Thanks for participating! 1 image submitted successfully.
Follow us on Instagram to increase your chances of winning.
2026-04-18 17:17:40  DEBUG     +916237240732    SUCCESS   Thanks for participating! 1 image submitted successfully.
Follow us on Instagram to increase your chances of winning.
2026-04-18 17:17:40  DEBUG     Batch 9/10 — 10 pair(s)
2026-04-18 17:17:50  DEBUG     +917932842868    SUCCESS   Thanks for participating! 1 image submitted successfully.
Follow us on Instagram to increase your chances of winning.
2026-04-18 17:18:01  DEBUG     +918685686774    SUCCESS   Thanks for participating! 1 image submitted successfully.
Follow us on Instagram to increase your chances of winning.
2026-04-18 17:18:09  DEBUG     +918104943340    SUCCESS   Thanks for participating! 1 image submitted successfully.
Follow us on Instagram to increase your chances of winning.
2026-04-18 17:18:17  DEBUG     +917142898578    SUCCESS   Thanks for participating! 1 image submitted successfully.
Follow us on Instagram to increase your chances of winning.
2026-04-18 17:18:28  DEBUG     +918977730179    SUCCESS   Thanks for participating! 1 image submitted successfully.
Follow us on Instagram to increase your chances of winning.
2026-04-18 17:18:35  DEBUG     +917120347686    SUCCESS   Thanks for participating! 1 image submitted successfully.
Follow us on Instagram to increase your chances of winning.
2026-04-18 17:18:43  DEBUG     +918453642256    SUCCESS   Thanks for participating! 1 image submitted successfully.
Follow us on Instagram to increase your chances of winning.
2026-04-18 17:18:55  DEBUG     +917857166450    SUCCESS   Thanks for participating! 1 image submitted successfully.
Follow us on Instagram to increase your chances of winning.
2026-04-18 17:19:03  DEBUG     +916841928469    SUCCESS   Thanks for participating! 1 image submitted successfully.
Follow us on Instagram to increase your chances of winning.
2026-04-18 17:19:11  DEBUG     +916143422949    SUCCESS   Thanks for participating! 1 image submitted successfully.
Follow us on Instagram to increase your chances of winning.
2026-04-18 17:19:11  DEBUG     Batch 10/10 — 10 pair(s)
2026-04-18 17:19:19  DEBUG     +917529383307    SUCCESS   Thanks for participating! 1 image submitted successfully.
Follow us on Instagram to increase your chances of winning.
2026-04-18 17:19:27  DEBUG     +919627409622    SUCCESS   Thanks for participating! 1 image submitted successfully.
Follow us on Instagram to increase your chances of winning.
2026-04-18 17:19:37  DEBUG     +918354654452    SUCCESS   Thanks for participating! 1 image submitted successfully.
Follow us on Instagram to increase your chances of winning.
2026-04-18 17:19:45  DEBUG     +919343091538    SUCCESS   Thanks for participating! 1 image submitted successfully.
Follow us on Instagram to increase your chances of winning.
2026-04-18 17:19:52  DEBUG     +918252890199    SUCCESS   Thanks for participating! 1 image submitted successfully.
Follow us on Instagram to increase your chances of winning.
2026-04-18 17:20:04  DEBUG     +916721955973    SUCCESS   Thanks for participating! 1 image submitted successfully.
Follow us on Instagram to increase your chances of winning.
2026-04-18 17:20:11  DEBUG     +918809228847    SUCCESS   Thanks for participating! 1 image submitted successfully.
Follow us on Instagram to increase your chances of winning.
2026-04-18 17:20:18  DEBUG     +919175513355    SUCCESS   Thanks for participating! 1 image submitted successfully.
Follow us on Instagram to increase your chances of winning.
2026-04-18 17:20:28  DEBUG     +918764573511    SUCCESS   Thanks for participating! 1 image submitted successfully.
Follow us on Instagram to increase your chances of winning.
2026-04-18 17:20:38  DEBUG     +916863375724    SUCCESS   Thanks for participating! 1 image submitted successfully.
Follow us on Instagram to increase your chances of winning.
2026-04-18 17:20:38  INFO      Exporting results…
2026-04-18 17:20:38  INFO      Successful numbers → /home/amaan/green-automation/successful_numbers.csv
2026-04-18 17:20:38  INFO      Failed numbers     → /home/amaan/green-automation/failed_numbers.csv
2026-04-18 17:20:38  INFO      Run complete — attempted=150  success=150  failed=0
2026-04-18 17:20:38  INFO      Cleaning up images folder…
2026-04-18 17:20:38  INFO      Images folder removed.
2026-04-18 17:20:38  INFO      Run finished.
2026-04-18 17:24:29  INFO      Run started — count=500  batch_size=10  dry_run=False  resume=False
2026-04-18 17:24:29  INFO      Generating phone numbers…
2026-04-18 17:24:29  INFO      Generated 500 phone number(s) (0 skipped via --resume)
2026-04-18 17:24:29  INFO      Generating 500 image(s)…
2026-04-18 17:24:46  INFO      Images written to: /home/amaan/green-automation/images
2026-04-18 17:24:46  INFO      Starting live registrations in batches of 10…
2026-04-18 17:24:46  DEBUG     Batch 1/50 — 10 pair(s)
2026-04-18 17:24:59  DEBUG     +916952362626    SUCCESS   Thanks for participating! 1 image submitted successfully.
Follow us on Instagram to increase your chances of winning.
2026-04-18 17:25:11  DEBUG     +917593880502    SUCCESS   Thanks for participating! 1 image submitted successfully.
Follow us on Instagram to increase your chances of winning.
2026-04-18 17:25:19  DEBUG     +919783905547    SUCCESS   Thanks for participating! 1 image submitted successfully.
Follow us on Instagram to increase your chances of winning.
2026-04-18 17:25:31  DEBUG     +919627306061    SUCCESS   Thanks for participating! 1 image submitted successfully.
Follow us on Instagram to increase your chances of winning.
2026-04-18 17:25:38  DEBUG     +919268141035    SUCCESS   Thanks for participating! 1 image submitted successfully.
Follow us on Instagram to increase your chances of winning.
2026-04-18 17:25:50  DEBUG     +916242897444    SUCCESS   Thanks for participating! 1 image submitted successfully.
Follow us on Instagram to increase your chances of winning.
2026-04-18 17:25:57  DEBUG     +916445714973    SUCCESS   Thanks for participating! 1 image submitted successfully.
Follow us on Instagram to increase your chances of winning.
2026-04-18 17:26:07  DEBUG     +917507191612    SUCCESS   Thanks for participating! 1 image submitted successfully.
Follow us on Instagram to increase your chances of winning.
2026-04-18 17:26:18  DEBUG     +919703009851    SUCCESS   Thanks for participating! 1 image submitted successfully.
Follow us on Instagram to increase your chances of winning.
2026-04-18 17:26:25  DEBUG     +919358527365    SUCCESS   Thanks for participating! 1 image submitted successfully.
Follow us on Instagram to increase your chances of winning.
2026-04-18 17:26:25  DEBUG     Batch 2/50 — 10 pair(s)
2026-04-18 17:26:36  DEBUG     +916371553002    SUCCESS   Thanks for participating! 1 image submitted successfully.
Follow us on Instagram to increase your chances of winning.
2026-04-18 17:26:43  DEBUG     +919653269284    SUCCESS   Thanks for participating! 1 image submitted successfully.
Follow us on Instagram to increase your chances of winning.
2026-04-18 17:26:50  DEBUG     +918322057723    SUCCESS   Thanks for participating! 1 image submitted successfully.
Follow us on Instagram to increase your chances of winning.
2026-04-18 17:27:00  DEBUG     +916311966668    SUCCESS   Thanks for participating! 1 image submitted successfully.
Follow us on Instagram to increase your chances of winning.
2026-04-18 17:27:10  DEBUG     +916308566647    SUCCESS   Thanks for participating! 1 image submitted successfully.
Follow us on Instagram to increase your chances of winning.
2026-04-18 17:27:17  DEBUG     +918084625945    SUCCESS   Thanks for participating! 1 image submitted successfully.
Follow us on Instagram to increase your chances of winning.
2026-04-18 17:27:25  DEBUG     +919001490446    SUCCESS   Thanks for participating! 1 image submitted successfully.
Follow us on Instagram to increase your chances of winning.
2026-04-18 17:27:33  DEBUG     +918727923123    SUCCESS   Thanks for participating! 1 image submitted successfully.
Follow us on Instagram to increase your chances of winning.
2026-04-18 17:27:43  DEBUG     +919121150759    SUCCESS   Thanks for participating! 1 image submitted successfully.
Follow us on Instagram to increase your chances of winning.
2026-04-18 17:27:51  DEBUG     +917302099374    SUCCESS   Thanks for participating! 1 image submitted successfully.
Follow us on Instagram to increase your chances of winning.
2026-04-18 17:27:51  DEBUG     Batch 3/50 — 10 pair(s)
2026-04-18 17:28:01  DEBUG     +916799141819    SUCCESS   Thanks for participating! 1 image submitted successfully.
Follow us on Instagram to increase your chances of winning.
2026-04-18 17:28:09  DEBUG     +916351685497    SUCCESS   Thanks for participating! 1 image submitted successfully.
Follow us on Instagram to increase your chances of winning.
2026-04-18 17:28:18  DEBUG     +919397143475    SUCCESS   Thanks for participating! 1 image submitted successfully.
Follow us on Instagram to increase your chances of winning.
2026-04-18 17:28:29  DEBUG     +918852925497    SUCCESS   Thanks for participating! 1 image submitted successfully.
Follow us on Instagram to increase your chances of winning.
2026-04-18 17:28:37  DEBUG     +916597719006    SUCCESS   Thanks for participating! 1 image submitted successfully.
Follow us on Instagram to increase your chances of winning.
2026-04-18 17:28:46  DEBUG     +918806917459    SUCCESS   Thanks for participating! 1 image submitted successfully.
Follow us on Instagram to increase your chances of winning.
2026-04-18 17:28:56  DEBUG     +919586118020    SUCCESS   Thanks for participating! 1 image submitted successfully.
Follow us on Instagram to increase your chances of winning.
2026-04-18 17:29:06  DEBUG     +919909356293    SUCCESS   Thanks for participating! 1 image submitted successfully.
Follow us on Instagram to increase your chances of winning.
2026-04-18 17:29:13  DEBUG     +916594172213    SUCCESS   Thanks for participating! 1 image submitted successfully.
Follow us on Instagram to increase your chances of winning.
2026-04-18 17:29:22  DEBUG     +918220006997    SUCCESS   Thanks for participating! 1 image submitted successfully.
Follow us on Instagram to increase your chances of winning.
2026-04-18 17:29:22  DEBUG     Batch 4/50 — 10 pair(s)
2026-04-18 17:29:30  DEBUG     +916931764536    SUCCESS   Thanks for participating! 1 image submitted successfully.
Follow us on Instagram to increase your chances of winning.
2026-04-18 17:29:37  DEBUG     +919950347489    SUCCESS   Thanks for participating! 1 image submitted successfully.
Follow us on Instagram to increase your chances of winning.
2026-04-18 17:29:45  DEBUG     +917263516820    SUCCESS   Thanks for participating! 1 image submitted successfully.
Follow us on Instagram to increase your chances of winning.
2026-04-18 17:29:53  DEBUG     +919987039684    SUCCESS   Thanks for participating! 1 image submitted successfully.
Follow us on Instagram to increase your chances of winning.
2026-04-18 17:30:01  DEBUG     +919061948696    SUCCESS   Thanks for participating! 1 image submitted successfully.
Follow us on Instagram to increase your chances of winning.
2026-04-18 17:30:09  DEBUG     +917867783298    SUCCESS   Thanks for participating! 1 image submitted successfully.
Follow us on Instagram to increase your chances of winning.
2026-04-18 17:30:17  DEBUG     +919586802444    SUCCESS   Thanks for participating! 1 image submitted successfully.
Follow us on Instagram to increase your chances of winning.
2026-04-18 17:30:24  DEBUG     +918879462300    SUCCESS   Thanks for participating! 1 image submitted successfully.
Follow us on Instagram to increase your chances of winning.
2026-04-18 17:30:33  DEBUG     +918439198015    SUCCESS   Thanks for participating! 1 image submitted successfully.
Follow us on Instagram to increase your chances of winning.
2026-04-18 17:30:43  DEBUG     +917242438468    SUCCESS   Thanks for participating! 1 image submitted successfully.
Follow us on Instagram to increase your chances of winning.
2026-04-18 17:30:43  DEBUG     Batch 5/50 — 10 pair(s)
2026-04-18 17:30:51  DEBUG     +919279089542    SUCCESS   Thanks for participating! 1 image submitted successfully.
Follow us on Instagram to increase your chances of winning.
2026-04-18 17:30:59  DEBUG     +917569361392    SUCCESS   Thanks for participating! 1 image submitted successfully.
Follow us on Instagram to increase your chances of winning.
2026-04-18 17:31:07  DEBUG     +918188460180    SUCCESS   Thanks for participating! 1 image submitted successfully.
Follow us on Instagram to increase your chances of winning.
2026-04-18 17:31:14  DEBUG     +917412392005    SUCCESS   Thanks for participating! 1 image submitted successfully.
Follow us on Instagram to increase your chances of winning.
2026-04-18 17:31:25  DEBUG     +917516794989    SUCCESS   Thanks for participating! 1 image submitted successfully.
Follow us on Instagram to increase your chances of winning.
2026-04-18 17:31:32  DEBUG     +919208175697    SUCCESS   Thanks for participating! 1 image submitted successfully.
Follow us on Instagram to increase your chances of winning.
2026-04-18 17:31:43  DEBUG     +918770795103    SUCCESS   Thanks for participating! 1 image submitted successfully.
Follow us on Instagram to increase your chances of winning.
2026-04-18 17:31:50  DEBUG     +919785185038    SUCCESS   Thanks for participating! 1 image submitted successfully.
Follow us on Instagram to increase your chances of winning.
2026-04-18 17:32:01  DEBUG     +919692503074    SUCCESS   Thanks for participating! 1 image submitted successfully.
Follow us on Instagram to increase your chances of winning.
2026-04-18 17:32:09  DEBUG     +919586323576    SUCCESS   Thanks for participating! 1 image submitted successfully.
Follow us on Instagram to increase your chances of winning.
2026-04-18 17:32:09  DEBUG     Batch 6/50 — 10 pair(s)
2026-04-18 17:32:16  DEBUG     +916478636144    SUCCESS   Thanks for participating! 1 image submitted successfully.
Follow us on Instagram to increase your chances of winning.
2026-04-18 17:32:26  DEBUG     +918870215702    SUCCESS   Thanks for participating! 1 image submitted successfully.
Follow us on Instagram to increase your chances of winning.
2026-04-18 17:32:36  DEBUG     +918445073726    SUCCESS   Thanks for participating! 1 image submitted successfully.
Follow us on Instagram to increase your chances of winning.
2026-04-18 17:32:43  DEBUG     +919096197796    SUCCESS   Thanks for participating! 1 image submitted successfully.
Follow us on Instagram to increase your chances of winning.
2026-04-18 17:32:51  DEBUG     +916546112785    SUCCESS   Thanks for participating! 1 image submitted successfully.
Follow us on Instagram to increase your chances of winning.
2026-04-18 17:32:59  DEBUG     +917162435773    SUCCESS   Thanks for participating! 1 image submitted successfully.
Follow us on Instagram to increase your chances of winning.
2026-04-18 17:33:08  DEBUG     +918634135974    SUCCESS   Thanks for participating! 1 image submitted successfully.
Follow us on Instagram to increase your chances of winning.
2026-04-18 17:33:16  DEBUG     +918452368436    SUCCESS   Thanks for participating! 1 image submitted successfully.
Follow us on Instagram to increase your chances of winning.
2026-04-18 17:33:23  DEBUG     +919122244948    SUCCESS   Thanks for participating! 1 image submitted successfully.
Follow us on Instagram to increase your chances of winning.
2026-04-18 17:33:31  DEBUG     +919424478466    SUCCESS   Thanks for participating! 1 image submitted successfully.
Follow us on Instagram to increase your chances of winning.
2026-04-18 17:33:31  DEBUG     Batch 7/50 — 10 pair(s)
2026-04-18 17:33:42  DEBUG     +916693396442    SUCCESS   Thanks for participating! 1 image submitted successfully.
Follow us on Instagram to increase your chances of winning.
2026-04-18 17:33:49  DEBUG     +918181960461    SUCCESS   Thanks for participating! 1 image submitted successfully.
Follow us on Instagram to increase your chances of winning.
2026-04-18 17:33:57  DEBUG     +917549268750    SUCCESS   Thanks for participating! 1 image submitted successfully.
Follow us on Instagram to increase your chances of winning.
2026-04-18 17:34:06  DEBUG     +919557323365    SUCCESS   Thanks for participating! 1 image submitted successfully.
Follow us on Instagram to increase your chances of winning.
2026-04-18 17:34:13  DEBUG     +916130275372    SUCCESS   Thanks for participating! 1 image submitted successfully.
Follow us on Instagram to increase your chances of winning.
2026-04-18 17:34:24  DEBUG     +919245762358    SUCCESS   Thanks for participating! 1 image submitted successfully.
Follow us on Instagram to increase your chances of winning.
2026-04-18 17:34:34  DEBUG     +919457130376    SUCCESS   Thanks for participating! 1 image submitted successfully.
Follow us on Instagram to increase your chances of winning.
2026-04-18 17:34:42  DEBUG     +917340013805    SUCCESS   Thanks for participating! 1 image submitted successfully.
Follow us on Instagram to increase your chances of winning.
2026-04-18 17:34:49  DEBUG     +919318785484    SUCCESS   Thanks for participating! 1 image submitted successfully.
Follow us on Instagram to increase your chances of winning.
2026-04-18 17:34:57  DEBUG     +919096984112    SUCCESS   Thanks for participating! 1 image submitted successfully.
Follow us on Instagram to increase your chances of winning.
2026-04-18 17:34:57  DEBUG     Batch 8/50 — 10 pair(s)
2026-04-18 17:35:04  DEBUG     +917352068928    SUCCESS   Thanks for participating! 1 image submitted successfully.
Follow us on Instagram to increase your chances of winning.
2026-04-18 17:35:13  DEBUG     +916099673977    SUCCESS   Thanks for participating! 1 image submitted successfully.
Follow us on Instagram to increase your chances of winning.
2026-04-18 17:35:23  DEBUG     +917647918572    SUCCESS   Thanks for participating! 1 image submitted successfully.
Follow us on Instagram to increase your chances of winning.
2026-04-18 17:35:30  DEBUG     +916577393352    SUCCESS   Thanks for participating! 1 image submitted successfully.
Follow us on Instagram to increase your chances of winning.
2026-04-18 17:35:41  DEBUG     +916287605461    SUCCESS   Thanks for participating! 1 image submitted successfully.
Follow us on Instagram to increase your chances of winning.
2026-04-18 17:35:49  DEBUG     +918539336231    SUCCESS   Thanks for participating! 1 image submitted successfully.
Follow us on Instagram to increase your chances of winning.
2026-04-18 17:35:57  DEBUG     +918448145859    SUCCESS   Thanks for participating! 1 image submitted successfully.
Follow us on Instagram to increase your chances of winning.
2026-04-18 17:36:05  DEBUG     +919587981003    SUCCESS   Thanks for participating! 1 image submitted successfully.
Follow us on Instagram to increase your chances of winning.
2026-04-18 17:36:13  DEBUG     +919781387670    SUCCESS   Thanks for participating! 1 image submitted successfully.
Follow us on Instagram to increase your chances of winning.
2026-04-18 17:36:21  DEBUG     +919873722306    SUCCESS   Thanks for participating! 1 image submitted successfully.
Follow us on Instagram to increase your chances of winning.
2026-04-18 17:36:21  DEBUG     Batch 9/50 — 10 pair(s)
2026-04-18 17:36:29  DEBUG     +916215609492    SUCCESS   Thanks for participating! 1 image submitted successfully.
Follow us on Instagram to increase your chances of winning.
2026-04-18 17:36:37  DEBUG     +917605693307    SUCCESS   Thanks for participating! 1 image submitted successfully.
Follow us on Instagram to increase your chances of winning.
2026-04-18 17:36:45  DEBUG     +918697740813    SUCCESS   Thanks for participating! 1 image submitted successfully.
Follow us on Instagram to increase your chances of winning.
2026-04-18 17:36:54  DEBUG     +916253187854    SUCCESS   Thanks for participating! 1 image submitted successfully.
Follow us on Instagram to increase your chances of winning.
2026-04-18 17:37:01  DEBUG     +916059548558    SUCCESS   Thanks for participating! 1 image submitted successfully.
Follow us on Instagram to increase your chances of winning.
2026-04-18 17:37:08  DEBUG     +917371395822    SUCCESS   Thanks for participating! 1 image submitted successfully.
Follow us on Instagram to increase your chances of winning.
2026-04-18 17:37:19  DEBUG     +918314336619    SUCCESS   Thanks for participating! 1 image submitted successfully.
Follow us on Instagram to increase your chances of winning.
2026-04-18 17:37:27  DEBUG     +919798637686    SUCCESS   Thanks for participating! 1 image submitted successfully.
Follow us on Instagram to increase your chances of winning.
2026-04-18 17:37:35  DEBUG     +916220629558    SUCCESS   Thanks for participating! 1 image submitted successfully.
Follow us on Instagram to increase your chances of winning.
2026-04-18 17:37:44  DEBUG     +918510394978    SUCCESS   Thanks for participating! 1 image submitted successfully.
Follow us on Instagram to increase your chances of winning.
2026-04-18 17:37:44  DEBUG     Batch 10/50 — 10 pair(s)
2026-04-18 17:37:54  DEBUG     +917072577238    SUCCESS   Thanks for participating! 1 image submitted successfully.
Follow us on Instagram to increase your chances of winning.
2026-04-18 17:38:05  DEBUG     +918920901536    SUCCESS   Thanks for participating! 1 image submitted successfully.
Follow us on Instagram to increase your chances of winning.
2026-04-18 17:38:13  DEBUG     +919209998819    SUCCESS   Thanks for participating! 1 image submitted successfully.
Follow us on Instagram to increase your chances of winning.
2026-04-18 17:38:21  DEBUG     +919704903362    SUCCESS   Thanks for participating! 1 image submitted successfully.
Follow us on Instagram to increase your chances of winning.
2026-04-18 17:38:30  DEBUG     +919822086343    SUCCESS   Thanks for participating! 1 image submitted successfully.
Follow us on Instagram to increase your chances of winning.
2026-04-18 17:38:42  DEBUG     +916965018950    SUCCESS   Thanks for participating! 1 image submitted successfully.
Follow us on Instagram to increase your chances of winning.
2026-04-18 17:38:49  DEBUG     +917379669031    SUCCESS   Thanks for participating! 1 image submitted successfully.
Follow us on Instagram to increase your chances of winning.
2026-04-18 17:38:57  DEBUG     +917265712032    SUCCESS   Thanks for participating! 1 image submitted successfully.
Follow us on Instagram to increase your chances of winning.
2026-04-18 17:39:05  DEBUG     +916112020221    SUCCESS   Thanks for participating! 1 image submitted successfully.
Follow us on Instagram to increase your chances of winning.
2026-04-18 17:39:12  DEBUG     +916913855552    SUCCESS   Thanks for participating! 1 image submitted successfully.
Follow us on Instagram to increase your chances of winning.
2026-04-18 17:39:12  DEBUG     Batch 11/50 — 10 pair(s)
2026-04-18 17:39:20  DEBUG     +919180380690    SUCCESS   Thanks for participating! 1 image submitted successfully.
Follow us on Instagram to increase your chances of winning.
2026-04-18 17:39:26  DEBUG     +916687538886    SUCCESS   Thanks for participating! 1 image submitted successfully.
Follow us on Instagram to increase your chances of winning.
2026-04-18 17:39:37  DEBUG     +918443589049    SUCCESS   Thanks for participating! 1 image submitted successfully.
Follow us on Instagram to increase your chances of winning.
2026-04-18 17:39:47  DEBUG     +916440822070    SUCCESS   Thanks for participating! 1 image submitted successfully.
Follow us on Instagram to increase your chances of winning.
2026-04-18 17:40:04  DEBUG     +919683036344    SUCCESS   Thanks for participating! 1 image submitted successfully.
Follow us on Instagram to increase your chances of winning.
2026-04-18 17:40:15  DEBUG     +916876430511    SUCCESS   Thanks for participating! 1 image submitted successfully.
Follow us on Instagram to increase your chances of winning.
2026-04-18 17:40:24  DEBUG     +916059789179    SUCCESS   Thanks for participating! 1 image submitted successfully.
Follow us on Instagram to increase your chances of winning.
2026-04-18 17:40:33  DEBUG     +916244736520    SUCCESS   Thanks for participating! 1 image submitted successfully.
Follow us on Instagram to increase your chances of winning.
2026-04-18 17:40:43  DEBUG     +916568969052    SUCCESS   Thanks for participating! 1 image submitted successfully.
Follow us on Instagram to increase your chances of winning.
2026-04-18 17:40:50  DEBUG     +919893166401    SUCCESS   Thanks for participating! 1 image submitted successfully.
Follow us on Instagram to increase your chances of winning.
2026-04-18 17:40:50  DEBUG     Batch 12/50 — 10 pair(s)
2026-04-18 17:41:00  DEBUG     +918828716676    SUCCESS   Thanks for participating! 1 image submitted successfully.
Follow us on Instagram to increase your chances of winning.
2026-04-18 17:41:10  DEBUG     +919536886973    SUCCESS   Thanks for participating! 1 image submitted successfully.
Follow us on Instagram to increase your chances of winning.
2026-04-18 17:41:20  DEBUG     +919273927906    SUCCESS   Thanks for participating! 1 image submitted successfully.
Follow us on Instagram to increase your chances of winning.
2026-04-18 17:41:28  DEBUG     +918494355882    SUCCESS   Thanks for participating! 1 image submitted successfully.
Follow us on Instagram to increase your chances of winning.
2026-04-18 17:41:35  DEBUG     +916210211702    SUCCESS   Thanks for participating! 1 image submitted successfully.
Follow us on Instagram to increase your chances of winning.
2026-04-18 17:41:43  DEBUG     +916333424079    SUCCESS   Thanks for participating! 1 image submitted successfully.
Follow us on Instagram to increase your chances of winning.
2026-04-18 17:41:51  DEBUG     +918477914484    SUCCESS   Thanks for participating! 1 image submitted successfully.
Follow us on Instagram to increase your chances of winning.
2026-04-18 17:41:59  DEBUG     +918526209409    SUCCESS   Thanks for participating! 1 image submitted successfully.
Follow us on Instagram to increase your chances of winning.
2026-04-18 17:42:07  DEBUG     +917419531466    SUCCESS   Thanks for participating! 1 image submitted successfully.
Follow us on Instagram to increase your chances of winning.
2026-04-18 17:42:17  DEBUG     +919902277096    SUCCESS   Thanks for participating! 1 image submitted successfully.
Follow us on Instagram to increase your chances of winning.
2026-04-18 17:42:17  DEBUG     Batch 13/50 — 10 pair(s)
2026-04-18 17:42:27  DEBUG     +916013180771    SUCCESS   Thanks for participating! 1 image submitted successfully.
Follow us on Instagram to increase your chances of winning.
2026-04-18 17:42:34  DEBUG     +916215327900    SUCCESS   Thanks for participating! 1 image submitted successfully.
Follow us on Instagram to increase your chances of winning.
2026-04-18 17:42:44  DEBUG     +918134467932    SUCCESS   Thanks for participating! 1 image submitted successfully.
Follow us on Instagram to increase your chances of winning.
2026-04-18 17:42:51  DEBUG     +919580993448    SUCCESS   Thanks for participating! 1 image submitted successfully.
Follow us on Instagram to increase your chances of winning.
2026-04-18 17:43:01  DEBUG     +919232427455    SUCCESS   Thanks for participating! 1 image submitted successfully.
Follow us on Instagram to increase your chances of winning.
2026-04-18 17:43:10  DEBUG     +916257354937    SUCCESS   Thanks for participating! 1 image submitted successfully.
Follow us on Instagram to increase your chances of winning.
2026-04-18 17:43:20  DEBUG     +918771946038    SUCCESS   Thanks for participating! 1 image submitted successfully.
Follow us on Instagram to increase your chances of winning.
2026-04-18 17:43:30  DEBUG     +919406622660    SUCCESS   Thanks for participating! 1 image submitted successfully.
Follow us on Instagram to increase your chances of winning.
2026-04-18 17:43:38  DEBUG     +916177691221    SUCCESS   Thanks for participating! 1 image submitted successfully.
Follow us on Instagram to increase your chances of winning.
2026-04-18 17:43:49  DEBUG     +918333123195    SUCCESS   Thanks for participating! 1 image submitted successfully.
Follow us on Instagram to increase your chances of winning.
2026-04-18 17:43:49  DEBUG     Batch 14/50 — 10 pair(s)
2026-04-18 17:43:59  DEBUG     +917915900194    SUCCESS   Thanks for participating! 1 image submitted successfully.
Follow us on Instagram to increase your chances of winning.
2026-04-18 17:44:07  DEBUG     +919239551004    SUCCESS   Thanks for participating! 1 image submitted successfully.
Follow us on Instagram to increase your chances of winning.
2026-04-18 17:44:15  DEBUG     +916402923123    SUCCESS   Thanks for participating! 1 image submitted successfully.
Follow us on Instagram to increase your chances of winning.
2026-04-18 17:44:23  DEBUG     +918094156427    SUCCESS   Thanks for participating! 1 image submitted successfully.
Follow us on Instagram to increase your chances of winning.
2026-04-18 17:44:32  DEBUG     +917714901726    SUCCESS   Thanks for participating! 1 image submitted successfully.
Follow us on Instagram to increase your chances of winning.
2026-04-18 17:44:39  DEBUG     +919269911105    SUCCESS   Thanks for participating! 1 image submitted successfully.
Follow us on Instagram to increase your chances of winning.
2026-04-18 17:44:48  DEBUG     +919271429781    SUCCESS   Thanks for participating! 1 image submitted successfully.
Follow us on Instagram to increase your chances of winning.
2026-04-18 17:45:05  DEBUG     +916009653453    SUCCESS   Thanks for participating! 1 image submitted successfully.
Follow us on Instagram to increase your chances of winning.
2026-04-18 17:45:15  DEBUG     +917612300428    SUCCESS   Thanks for participating! 1 image submitted successfully.
Follow us on Instagram to increase your chances of winning.
2026-04-18 17:45:22  DEBUG     +917066927114    SUCCESS   Thanks for participating! 1 image submitted successfully.
Follow us on Instagram to increase your chances of winning.
2026-04-18 17:45:22  DEBUG     Batch 15/50 — 10 pair(s)
2026-04-18 17:45:33  DEBUG     +916003359920    SUCCESS   Thanks for participating! 1 image submitted successfully.
Follow us on Instagram to increase your chances of winning.
2026-04-18 17:45:44  DEBUG     +919541499264    SUCCESS   Thanks for participating! 1 image submitted successfully.
Follow us on Instagram to increase your chances of winning.
2026-04-18 17:45:51  DEBUG     +916511682280    SUCCESS   Thanks for participating! 1 image submitted successfully.
Follow us on Instagram to increase your chances of winning.
2026-04-18 17:46:01  DEBUG     +917011038517    SUCCESS   Thanks for participating! 1 image submitted successfully.
Follow us on Instagram to increase your chances of winning.
2026-04-18 17:46:08  DEBUG     +917973969655    SUCCESS   Thanks for participating! 1 image submitted successfully.
Follow us on Instagram to increase your chances of winning.
2026-04-18 17:46:15  DEBUG     +917355289866    SUCCESS   Thanks for participating! 1 image submitted successfully.
Follow us on Instagram to increase your chances of winning.
2026-04-18 17:46:23  DEBUG     +917149105399    SUCCESS   Thanks for participating! 1 image submitted successfully.
Follow us on Instagram to increase your chances of winning.
2026-04-18 17:46:31  DEBUG     +918725312044    SUCCESS   Thanks for participating! 1 image submitted successfully.
Follow us on Instagram to increase your chances of winning.
2026-04-18 17:46:41  DEBUG     +918793206582    SUCCESS   Thanks for participating! 1 image submitted successfully.
Follow us on Instagram to increase your chances of winning.
2026-04-18 17:46:51  DEBUG     +916747607984    SUCCESS   Thanks for participating! 1 image submitted successfully.
Follow us on Instagram to increase your chances of winning.
2026-04-18 17:46:51  DEBUG     Batch 16/50 — 10 pair(s)
2026-04-18 17:46:58  DEBUG     +916483529132    SUCCESS   Thanks for participating! 1 image submitted successfully.
Follow us on Instagram to increase your chances of winning.
2026-04-18 17:47:10  DEBUG     +917416000843    SUCCESS   Thanks for participating! 1 image submitted successfully.
Follow us on Instagram to increase your chances of winning.
2026-04-18 17:47:21  DEBUG     +919511121959    SUCCESS   Thanks for participating! 1 image submitted successfully.
Follow us on Instagram to increase your chances of winning.
2026-04-18 17:47:32  DEBUG     +917142900756    SUCCESS   Thanks for participating! 1 image submitted successfully.
Follow us on Instagram to increase your chances of winning.
2026-04-18 17:47:43  DEBUG     +918427272631    SUCCESS   Thanks for participating! 1 image submitted successfully.
Follow us on Instagram to increase your chances of winning.
2026-04-18 17:47:51  DEBUG     +918651845370    SUCCESS   Thanks for participating! 1 image submitted successfully.
Follow us on Instagram to increase your chances of winning.
2026-04-18 17:47:58  DEBUG     +917067535722    SUCCESS   Thanks for participating! 1 image submitted successfully.
Follow us on Instagram to increase your chances of winning.
2026-04-18 17:48:08  DEBUG     +917766068313    SUCCESS   Thanks for participating! 1 image submitted successfully.
Follow us on Instagram to increase your chances of winning.
2026-04-18 17:48:19  DEBUG     +918599228471    SUCCESS   Thanks for participating! 1 image submitted successfully.
Follow us on Instagram to increase your chances of winning.
2026-04-18 17:48:29  DEBUG     +916042349277    SUCCESS   Thanks for participating! 1 image submitted successfully.
Follow us on Instagram to increase your chances of winning.
2026-04-18 17:48:29  DEBUG     Batch 17/50 — 10 pair(s)
2026-04-18 17:48:37  DEBUG     +917852669585    SUCCESS   Thanks for participating! 1 image submitted successfully.
Follow us on Instagram to increase your chances of winning.
2026-04-18 17:48:44  DEBUG     +918053657547    SUCCESS   Thanks for participating! 1 image submitted successfully.
Follow us on Instagram to increase your chances of winning.
2026-04-18 17:48:55  DEBUG     +917590448951    SUCCESS   Thanks for participating! 1 image submitted successfully.
Follow us on Instagram to increase your chances of winning.
2026-04-18 17:49:03  DEBUG     +917277747260    SUCCESS   Thanks for participating! 1 image submitted successfully.
Follow us on Instagram to increase your chances of winning.
2026-04-18 17:49:13  DEBUG     +919894983284    SUCCESS   Thanks for participating! 1 image submitted successfully.
Follow us on Instagram to increase your chances of winning.
2026-04-18 17:49:24  DEBUG     +918965687127    SUCCESS   Thanks for participating! 1 image submitted successfully.
Follow us on Instagram to increase your chances of winning.
2026-04-18 17:49:35  DEBUG     +916187629740    SUCCESS   Thanks for participating! 1 image submitted successfully.
Follow us on Instagram to increase your chances of winning.
2026-04-18 17:49:43  DEBUG     +919787854631    SUCCESS   Thanks for participating! 1 image submitted successfully.
Follow us on Instagram to increase your chances of winning.
2026-04-18 17:49:53  DEBUG     +919551601456    SUCCESS   Thanks for participating! 1 image submitted successfully.
Follow us on Instagram to increase your chances of winning.
2026-04-18 17:50:00  DEBUG     +916398392057    SUCCESS   Thanks for participating! 1 image submitted successfully.
Follow us on Instagram to increase your chances of winning.
2026-04-18 17:50:00  DEBUG     Batch 18/50 — 10 pair(s)
2026-04-18 17:50:09  DEBUG     +919052590026    SUCCESS   Thanks for participating! 1 image submitted successfully.
Follow us on Instagram to increase your chances of winning.
2026-04-18 17:50:22  DEBUG     +918316879848    SUCCESS   Thanks for participating! 1 image submitted successfully.
Follow us on Instagram to increase your chances of winning.
2026-04-18 17:50:32  DEBUG     +918773966921    SUCCESS   Thanks for participating! 1 image submitted successfully.
Follow us on Instagram to increase your chances of winning.
2026-04-18 17:50:41  DEBUG     +917060566111    SUCCESS   Thanks for participating! 1 image submitted successfully.
Follow us on Instagram to increase your chances of winning.
2026-04-18 17:50:52  DEBUG     +918194831439    SUCCESS   Thanks for participating! 1 image submitted successfully.
Follow us on Instagram to increase your chances of winning.
2026-04-18 17:51:02  DEBUG     +918202913852    SUCCESS   Thanks for participating! 1 image submitted successfully.
Follow us on Instagram to increase your chances of winning.
2026-04-18 17:51:10  DEBUG     +919593697243    SUCCESS   Thanks for participating! 1 image submitted successfully.
Follow us on Instagram to increase your chances of winning.
2026-04-18 17:51:17  DEBUG     +916041502851    SUCCESS   Thanks for participating! 1 image submitted successfully.
Follow us on Instagram to increase your chances of winning.
2026-04-18 17:51:27  DEBUG     +917158458497    SUCCESS   Thanks for participating! 1 image submitted successfully.
Follow us on Instagram to increase your chances of winning.
2026-04-18 17:51:34  DEBUG     +917253636673    SUCCESS   Thanks for participating! 1 image submitted successfully.
Follow us on Instagram to increase your chances of winning.
2026-04-18 17:51:34  DEBUG     Batch 19/50 — 10 pair(s)
2026-04-18 17:51:44  DEBUG     +916786408236    SUCCESS   Thanks for participating! 1 image submitted successfully.
Follow us on Instagram to increase your chances of winning.
2026-04-18 17:51:51  DEBUG     +916840809081    SUCCESS   Thanks for participating! 1 image submitted successfully.
Follow us on Instagram to increase your chances of winning.
2026-04-18 17:51:58  DEBUG     +919582259989    SUCCESS   Thanks for participating! 1 image submitted successfully.
Follow us on Instagram to increase your chances of winning.
2026-04-18 17:52:08  DEBUG     +918585331739    SUCCESS   Thanks for participating! 1 image submitted successfully.
Follow us on Instagram to increase your chances of winning.
2026-04-18 17:52:19  DEBUG     +916549464917    SUCCESS   Thanks for participating! 1 image submitted successfully.
Follow us on Instagram to increase your chances of winning.
2026-04-18 17:52:26  DEBUG     +916485878550    SUCCESS   Thanks for participating! 1 image submitted successfully.
Follow us on Instagram to increase your chances of winning.
2026-04-18 17:52:35  DEBUG     +916711842195    SUCCESS   Thanks for participating! 1 image submitted successfully.
Follow us on Instagram to increase your chances of winning.
2026-04-18 17:52:43  DEBUG     +916497316370    SUCCESS   Thanks for participating! 1 image submitted successfully.
Follow us on Instagram to increase your chances of winning.
2026-04-18 17:52:51  DEBUG     +919661819935    SUCCESS   Thanks for participating! 1 image submitted successfully.
Follow us on Instagram to increase your chances of winning.
2026-04-18 17:53:02  DEBUG     +917966945103    SUCCESS   Thanks for participating! 1 image submitted successfully.
Follow us on Instagram to increase your chances of winning.
2026-04-18 17:53:02  DEBUG     Batch 20/50 — 10 pair(s)
2026-04-18 17:53:09  DEBUG     +916676709433    SUCCESS   Thanks for participating! 1 image submitted successfully.
Follow us on Instagram to increase your chances of winning.
2026-04-18 17:53:18  DEBUG     +919173517126    SUCCESS   Thanks for participating! 1 image submitted successfully.
Follow us on Instagram to increase your chances of winning.
2026-04-18 17:53:28  DEBUG     +916821369674    SUCCESS   Thanks for participating! 1 image submitted successfully.
Follow us on Instagram to increase your chances of winning.
2026-04-18 17:53:35  DEBUG     +917964660285    SUCCESS   Thanks for participating! 1 image submitted successfully.
Follow us on Instagram to increase your chances of winning.
2026-04-18 17:53:43  DEBUG     +918281696255    SUCCESS   Thanks for participating! 1 image submitted successfully.
Follow us on Instagram to increase your chances of winning.
2026-04-18 17:53:51  DEBUG     +918998800777    SUCCESS   Thanks for participating! 1 image submitted successfully.
Follow us on Instagram to increase your chances of winning.
2026-04-18 17:53:59  DEBUG     +919138764716    SUCCESS   Thanks for participating! 1 image submitted successfully.
Follow us on Instagram to increase your chances of winning.
2026-04-18 17:54:07  DEBUG     +916402439234    SUCCESS   Thanks for participating! 1 image submitted successfully.
Follow us on Instagram to increase your chances of winning.
2026-04-18 17:54:15  DEBUG     +919008257233    SUCCESS   Thanks for participating! 1 image submitted successfully.
Follow us on Instagram to increase your chances of winning.
2026-04-18 17:54:23  DEBUG     +918157140846    SUCCESS   Thanks for participating! 1 image submitted successfully.
Follow us on Instagram to increase your chances of winning.
2026-04-18 17:54:23  DEBUG     Batch 21/50 — 10 pair(s)
2026-04-18 17:54:31  DEBUG     +917211377072    SUCCESS   Thanks for participating! 1 image submitted successfully.
Follow us on Instagram to increase your chances of winning.
2026-04-18 17:54:39  DEBUG     +919736890724    SUCCESS   Thanks for participating! 1 image submitted successfully.
Follow us on Instagram to increase your chances of winning.
2026-04-18 17:54:49  DEBUG     +918856870695    SUCCESS   Thanks for participating! 1 image submitted successfully.
Follow us on Instagram to increase your chances of winning.
2026-04-18 17:54:56  DEBUG     +917886165380    SUCCESS   Thanks for participating! 1 image submitted successfully.
Follow us on Instagram to increase your chances of winning.
2026-04-18 17:55:03  DEBUG     +916911952382    SUCCESS   Thanks for participating! 1 image submitted successfully.
Follow us on Instagram to increase your chances of winning.
2026-04-18 17:55:11  DEBUG     +919133025015    SUCCESS   Thanks for participating! 1 image submitted successfully.
Follow us on Instagram to increase your chances of winning.
2026-04-18 17:55:19  DEBUG     +917354105680    SUCCESS   Thanks for participating! 1 image submitted successfully.
Follow us on Instagram to increase your chances of winning.
2026-04-18 17:55:28  DEBUG     +916978688274    SUCCESS   Thanks for participating! 1 image submitted successfully.
Follow us on Instagram to increase your chances of winning.
2026-04-18 17:55:37  DEBUG     +919255230795    SUCCESS   Thanks for participating! 1 image submitted successfully.
Follow us on Instagram to increase your chances of winning.
2026-04-18 17:55:49  DEBUG     +918961725780    SUCCESS   Thanks for participating! 1 image submitted successfully.
Follow us on Instagram to increase your chances of winning.
2026-04-18 17:55:49  DEBUG     Batch 22/50 — 10 pair(s)
2026-04-18 17:56:01  DEBUG     +917907257748    SUCCESS   Thanks for participating! 1 image submitted successfully.
Follow us on Instagram to increase your chances of winning.
2026-04-18 17:56:12  DEBUG     +918197366644    SUCCESS   Thanks for participating! 1 image submitted successfully.
Follow us on Instagram to increase your chances of winning.
2026-04-18 17:56:21  DEBUG     +916876849306    SUCCESS   Thanks for participating! 1 image submitted successfully.
Follow us on Instagram to increase your chances of winning.
2026-04-18 17:56:29  DEBUG     +919813089863    SUCCESS   Thanks for participating! 1 image submitted successfully.
Follow us on Instagram to increase your chances of winning.
2026-04-18 17:56:37  DEBUG     +917373796701    SUCCESS   Thanks for participating! 1 image submitted successfully.
Follow us on Instagram to increase your chances of winning.
2026-04-18 17:56:50  DEBUG     +917385337871    SUCCESS   Thanks for participating! 1 image submitted successfully.
Follow us on Instagram to increase your chances of winning.
2026-04-18 17:56:57  DEBUG     +919891179245    SUCCESS   Thanks for participating! 1 image submitted successfully.
Follow us on Instagram to increase your chances of winning.
2026-04-18 17:57:05  DEBUG     +916141209926    SUCCESS   Thanks for participating! 1 image submitted successfully.
Follow us on Instagram to increase your chances of winning.
2026-04-18 17:57:12  DEBUG     +917357689541    SUCCESS   Thanks for participating! 1 image submitted successfully.
Follow us on Instagram to increase your chances of winning.
2026-04-18 17:57:22  DEBUG     +916602247205    SUCCESS   Thanks for participating! 1 image submitted successfully.
Follow us on Instagram to increase your chances of winning.
2026-04-18 17:57:22  DEBUG     Batch 23/50 — 10 pair(s)
2026-04-18 17:57:32  DEBUG     +917961390120    SUCCESS   Thanks for participating! 1 image submitted successfully.
Follow us on Instagram to increase your chances of winning.
2026-04-18 17:57:41  DEBUG     +919688270539    SUCCESS   Thanks for participating! 1 image submitted successfully.
Follow us on Instagram to increase your chances of winning.
2026-04-18 17:57:49  DEBUG     +919269381672    SUCCESS   Thanks for participating! 1 image submitted successfully.
Follow us on Instagram to increase your chances of winning.
2026-04-18 17:57:57  DEBUG     +916631254067    SUCCESS   Thanks for participating! 1 image submitted successfully.
Follow us on Instagram to increase your chances of winning.
2026-04-18 17:58:04  DEBUG     +918731042429    SUCCESS   Thanks for participating! 1 image submitted successfully.
Follow us on Instagram to increase your chances of winning.
2026-04-18 17:58:15  DEBUG     +916403951959    SUCCESS   Thanks for participating! 1 image submitted successfully.
Follow us on Instagram to increase your chances of winning.
2026-04-18 17:58:22  DEBUG     +917914990660    SUCCESS   Thanks for participating! 1 image submitted successfully.
Follow us on Instagram to increase your chances of winning.
2026-04-18 17:58:32  DEBUG     +918999104964    SUCCESS   Thanks for participating! 1 image submitted successfully.
Follow us on Instagram to increase your chances of winning.
2026-04-18 17:58:44  DEBUG     +916387428657    SUCCESS   Thanks for participating! 1 image submitted successfully.
Follow us on Instagram to increase your chances of winning.
2026-04-18 17:58:52  DEBUG     +919229586381    SUCCESS   Thanks for participating! 1 image submitted successfully.
Follow us on Instagram to increase your chances of winning.
2026-04-18 17:58:52  DEBUG     Batch 24/50 — 10 pair(s)
2026-04-18 17:59:13  DEBUG     +917305025562    SUCCESS   Thanks for participating! 1 image submitted successfully.
Follow us on Instagram to increase your chances of winning.
2026-04-18 17:59:21  DEBUG     +916813990965    SUCCESS   Thanks for participating! 1 image submitted successfully.
Follow us on Instagram to increase your chances of winning.
2026-04-18 17:59:29  DEBUG     +917482350015    SUCCESS   Thanks for participating! 1 image submitted successfully.
Follow us on Instagram to increase your chances of winning.
2026-04-18 17:59:35  DEBUG     +916183702387    SUCCESS   Thanks for participating! 1 image submitted successfully.
Follow us on Instagram to increase your chances of winning.
2026-04-18 17:59:43  DEBUG     +919586584408    SUCCESS   Thanks for participating! 1 image submitted successfully.
Follow us on Instagram to increase your chances of winning.
2026-04-18 17:59:51  DEBUG     +919502957043    SUCCESS   Thanks for participating! 1 image submitted successfully.
Follow us on Instagram to increase your chances of winning.
2026-04-18 18:00:01  DEBUG     +918838923189    SUCCESS   Thanks for participating! 1 image submitted successfully.
Follow us on Instagram to increase your chances of winning.
2026-04-18 18:00:11  DEBUG     +918224047864    SUCCESS   Thanks for participating! 1 image submitted successfully.
Follow us on Instagram to increase your chances of winning.
2026-04-18 18:00:19  DEBUG     +919341562096    SUCCESS   Thanks for participating! 1 image submitted successfully.
Follow us on Instagram to increase your chances of winning.
2026-04-18 18:00:27  DEBUG     +917261413777    SUCCESS   Thanks for participating! 1 image submitted successfully.
Follow us on Instagram to increase your chances of winning.
2026-04-18 18:00:27  DEBUG     Batch 25/50 — 10 pair(s)
2026-04-18 18:00:35  DEBUG     +917035883023    SUCCESS   Thanks for participating! 1 image submitted successfully.
Follow us on Instagram to increase your chances of winning.
2026-04-18 18:00:45  DEBUG     +918599918474    SUCCESS   Thanks for participating! 1 image submitted successfully.
Follow us on Instagram to increase your chances of winning.
2026-04-18 18:00:52  DEBUG     +919582670004    SUCCESS   Thanks for participating! 1 image submitted successfully.
Follow us on Instagram to increase your chances of winning.
2026-04-18 18:01:03  DEBUG     +918652931506    SUCCESS   Thanks for participating! 1 image submitted successfully.
Follow us on Instagram to increase your chances of winning.
2026-04-18 18:01:12  DEBUG     +919804871822    SUCCESS   Thanks for participating! 1 image submitted successfully.
Follow us on Instagram to increase your chances of winning.
2026-04-18 18:01:19  DEBUG     +917580910526    SUCCESS   Thanks for participating! 1 image submitted successfully.
Follow us on Instagram to increase your chances of winning.
2026-04-18 18:01:26  DEBUG     +917973422212    SUCCESS   Thanks for participating! 1 image submitted successfully.
Follow us on Instagram to increase your chances of winning.
2026-04-18 18:01:37  DEBUG     +918599816219    SUCCESS   Thanks for participating! 1 image submitted successfully.
Follow us on Instagram to increase your chances of winning.
2026-04-18 18:01:45  DEBUG     +918576971410    SUCCESS   Thanks for participating! 1 image submitted successfully.
Follow us on Instagram to increase your chances of winning.
2026-04-18 18:01:52  DEBUG     +917251690227    SUCCESS   Thanks for participating! 1 image submitted successfully.
Follow us on Instagram to increase your chances of winning.
2026-04-18 18:01:52  DEBUG     Batch 26/50 — 10 pair(s)
2026-04-18 18:02:02  DEBUG     +919922119082    SUCCESS   Thanks for participating! 1 image submitted successfully.
Follow us on Instagram to increase your chances of winning.
2026-04-18 18:02:11  DEBUG     +919829938329    SUCCESS   Thanks for participating! 1 image submitted successfully.
Follow us on Instagram to increase your chances of winning.
2026-04-18 18:02:19  DEBUG     +916395027218    SUCCESS   Thanks for participating! 1 image submitted successfully.
Follow us on Instagram to increase your chances of winning.
2026-04-18 18:02:26  DEBUG     +917431427511    SUCCESS   Thanks for participating! 1 image submitted successfully.
Follow us on Instagram to increase your chances of winning.
2026-04-18 18:02:33  DEBUG     +917008769619    SUCCESS   Thanks for participating! 1 image submitted successfully.
Follow us on Instagram to increase your chances of winning.
2026-04-18 18:02:40  DEBUG     +919956327363    SUCCESS   Thanks for participating! 1 image submitted successfully.
Follow us on Instagram to increase your chances of winning.
2026-04-18 18:02:51  DEBUG     +919723387912    SUCCESS   Thanks for participating! 1 image submitted successfully.
Follow us on Instagram to increase your chances of winning.
2026-04-18 18:02:59  DEBUG     +918948300241    SUCCESS   Thanks for participating! 1 image submitted successfully.
Follow us on Instagram to increase your chances of winning.
2026-04-18 18:03:07  DEBUG     +917494543133    SUCCESS   Thanks for participating! 1 image submitted successfully.
Follow us on Instagram to increase your chances of winning.
2026-04-18 18:03:17  DEBUG     +918961899210    SUCCESS   Thanks for participating! 1 image submitted successfully.
Follow us on Instagram to increase your chances of winning.
2026-04-18 18:03:17  DEBUG     Batch 27/50 — 10 pair(s)
2026-04-18 18:03:27  DEBUG     +916565054812    SUCCESS   Thanks for participating! 1 image submitted successfully.
Follow us on Instagram to increase your chances of winning.
2026-04-18 18:03:35  DEBUG     +917383300291    SUCCESS   Thanks for participating! 1 image submitted successfully.
Follow us on Instagram to increase your chances of winning.
2026-04-18 18:03:45  DEBUG     +917560150922    SUCCESS   Thanks for participating! 1 image submitted successfully.
Follow us on Instagram to increase your chances of winning.
2026-04-18 18:03:52  DEBUG     +918685844866    SUCCESS   Thanks for participating! 1 image submitted successfully.
Follow us on Instagram to increase your chances of winning.
2026-04-18 18:04:01  DEBUG     +916019551396    SUCCESS   Thanks for participating! 1 image submitted successfully.
Follow us on Instagram to increase your chances of winning.
2026-04-18 18:04:09  DEBUG     +919521609026    SUCCESS   Thanks for participating! 1 image submitted successfully.
Follow us on Instagram to increase your chances of winning.
2026-04-18 18:04:16  DEBUG     +916436480182    SUCCESS   Thanks for participating! 1 image submitted successfully.
Follow us on Instagram to increase your chances of winning.
2026-04-18 18:04:27  DEBUG     +918507822082    SUCCESS   Thanks for participating! 1 image submitted successfully.
Follow us on Instagram to increase your chances of winning.
2026-04-18 18:04:36  DEBUG     +919887738241    SUCCESS   Thanks for participating! 1 image submitted successfully.
Follow us on Instagram to increase your chances of winning.
2026-04-18 18:04:47  DEBUG     +918949753206    SUCCESS   Thanks for participating! 1 image submitted successfully.
Follow us on Instagram to increase your chances of winning.
2026-04-18 18:04:47  DEBUG     Batch 28/50 — 10 pair(s)
2026-04-18 18:04:54  DEBUG     +919216390234    SUCCESS   Thanks for participating! 1 image submitted successfully.
Follow us on Instagram to increase your chances of winning.
2026-04-18 18:05:05  DEBUG     +916825854849    SUCCESS   Thanks for participating! 1 image submitted successfully.
Follow us on Instagram to increase your chances of winning.
2026-04-18 18:05:12  DEBUG     +916849008082    SUCCESS   Thanks for participating! 1 image submitted successfully.
Follow us on Instagram to increase your chances of winning.
2026-04-18 18:05:22  DEBUG     +918103613333    SUCCESS   Thanks for participating! 1 image submitted successfully.
Follow us on Instagram to increase your chances of winning.
2026-04-18 18:05:33  DEBUG     +919133620292    SUCCESS   Thanks for participating! 1 image submitted successfully.
Follow us on Instagram to increase your chances of winning.
2026-04-18 18:05:43  DEBUG     +919628221557    SUCCESS   Thanks for participating! 1 image submitted successfully.
Follow us on Instagram to increase your chances of winning.
2026-04-18 18:05:51  DEBUG     +917633577513    SUCCESS   Thanks for participating! 1 image submitted successfully.
Follow us on Instagram to increase your chances of winning.
2026-04-18 18:05:58  DEBUG     +918490857762    SUCCESS   Thanks for participating! 1 image submitted successfully.
Follow us on Instagram to increase your chances of winning.
2026-04-18 18:06:07  DEBUG     +916881560506    SUCCESS   Thanks for participating! 1 image submitted successfully.
Follow us on Instagram to increase your chances of winning.
2026-04-18 18:06:14  DEBUG     +918251932389    SUCCESS   Thanks for participating! 1 image submitted successfully.
Follow us on Instagram to increase your chances of winning.
2026-04-18 18:06:14  DEBUG     Batch 29/50 — 10 pair(s)
2026-04-18 18:06:25  DEBUG     +916165256155    SUCCESS   Thanks for participating! 1 image submitted successfully.
Follow us on Instagram to increase your chances of winning.
2026-04-18 18:06:33  DEBUG     +919926052025    SUCCESS   Thanks for participating! 1 image submitted successfully.
Follow us on Instagram to increase your chances of winning.
2026-04-18 18:06:41  DEBUG     +916384625333    SUCCESS   Thanks for participating! 1 image submitted successfully.
Follow us on Instagram to increase your chances of winning.
2026-04-18 18:06:48  DEBUG     +916924203931    SUCCESS   Thanks for participating! 1 image submitted successfully.
Follow us on Instagram to increase your chances of winning.
2026-04-18 18:06:58  DEBUG     +916658715576    SUCCESS   Thanks for participating! 1 image submitted successfully.
Follow us on Instagram to increase your chances of winning.
2026-04-18 18:07:09  DEBUG     +917295812661    SUCCESS   Thanks for participating! 1 image submitted successfully.
Follow us on Instagram to increase your chances of winning.
2026-04-18 18:07:17  DEBUG     +919378328202    SUCCESS   Thanks for participating! 1 image submitted successfully.
Follow us on Instagram to increase your chances of winning.
2026-04-18 18:07:28  DEBUG     +918170260533    SUCCESS   Thanks for participating! 1 image submitted successfully.
Follow us on Instagram to increase your chances of winning.
2026-04-18 18:07:36  DEBUG     +916641576316    SUCCESS   Thanks for participating! 1 image submitted successfully.
Follow us on Instagram to increase your chances of winning.
2026-04-18 18:07:43  DEBUG     +916625204889    SUCCESS   Thanks for participating! 1 image submitted successfully.
Follow us on Instagram to increase your chances of winning.
2026-04-18 18:07:43  DEBUG     Batch 30/50 — 10 pair(s)
2026-04-18 18:07:51  DEBUG     +916162770408    SUCCESS   Thanks for participating! 1 image submitted successfully.
Follow us on Instagram to increase your chances of winning.
2026-04-18 18:08:01  DEBUG     +916146911954    SUCCESS   Thanks for participating! 1 image submitted successfully.
Follow us on Instagram to increase your chances of winning.
2026-04-18 18:08:09  DEBUG     +919348698822    SUCCESS   Thanks for participating! 1 image submitted successfully.
Follow us on Instagram to increase your chances of winning.
2026-04-18 18:08:19  DEBUG     +919367655134    SUCCESS   Thanks for participating! 1 image submitted successfully.
Follow us on Instagram to increase your chances of winning.
2026-04-18 18:08:27  DEBUG     +919171404306    SUCCESS   Thanks for participating! 1 image submitted successfully.
Follow us on Instagram to increase your chances of winning.
2026-04-18 18:08:35  DEBUG     +918368474395    SUCCESS   Thanks for participating! 1 image submitted successfully.
Follow us on Instagram to increase your chances of winning.
2026-04-18 18:08:43  DEBUG     +918481255271    SUCCESS   Thanks for participating! 1 image submitted successfully.
Follow us on Instagram to increase your chances of winning.
2026-04-18 18:08:52  DEBUG     +916453242674    SUCCESS   Thanks for participating! 1 image submitted successfully.
Follow us on Instagram to increase your chances of winning.
2026-04-18 18:09:01  DEBUG     +916244700129    SUCCESS   Thanks for participating! 1 image submitted successfully.
Follow us on Instagram to increase your chances of winning.
2026-04-18 18:09:09  DEBUG     +917724409520    SUCCESS   Thanks for participating! 1 image submitted successfully.
Follow us on Instagram to increase your chances of winning.
2026-04-18 18:09:09  DEBUG     Batch 31/50 — 10 pair(s)
2026-04-18 18:09:19  DEBUG     +917918688583    SUCCESS   Thanks for participating! 1 image submitted successfully.
Follow us on Instagram to increase your chances of winning.
2026-04-18 18:09:27  DEBUG     +916014998812    SUCCESS   Thanks for participating! 1 image submitted successfully.
Follow us on Instagram to increase your chances of winning.
2026-04-18 18:09:35  DEBUG     +917565118233    SUCCESS   Thanks for participating! 1 image submitted successfully.
Follow us on Instagram to increase your chances of winning.
2026-04-18 18:09:43  DEBUG     +919735026571    SUCCESS   Thanks for participating! 1 image submitted successfully.
Follow us on Instagram to increase your chances of winning.
2026-04-18 18:09:51  DEBUG     +916599532554    SUCCESS   Thanks for participating! 1 image submitted successfully.
Follow us on Instagram to increase your chances of winning.
2026-04-18 18:09:59  DEBUG     +918025252787    SUCCESS   Thanks for participating! 1 image submitted successfully.
Follow us on Instagram to increase your chances of winning.
2026-04-18 18:10:07  DEBUG     +917717436998    SUCCESS   Thanks for participating! 1 image submitted successfully.
Follow us on Instagram to increase your chances of winning.
2026-04-18 18:10:14  DEBUG     +917637797748    SUCCESS   Thanks for participating! 1 image submitted successfully.
Follow us on Instagram to increase your chances of winning.
2026-04-18 18:10:25  DEBUG     +917075578702    SUCCESS   Thanks for participating! 1 image submitted successfully.
Follow us on Instagram to increase your chances of winning.
2026-04-18 18:10:35  DEBUG     +916218983447    SUCCESS   Thanks for participating! 1 image submitted successfully.
Follow us on Instagram to increase your chances of winning.
2026-04-18 18:10:35  DEBUG     Batch 32/50 — 10 pair(s)
2026-04-18 18:10:43  DEBUG     +918377176231    SUCCESS   Thanks for participating! 1 image submitted successfully.
Follow us on Instagram to increase your chances of winning.
2026-04-18 18:10:51  DEBUG     +917915609737    SUCCESS   Thanks for participating! 1 image submitted successfully.
Follow us on Instagram to increase your chances of winning.
2026-04-18 18:10:59  DEBUG     +919038585547    SUCCESS   Thanks for participating! 1 image submitted successfully.
Follow us on Instagram to increase your chances of winning.
2026-04-18 18:11:07  DEBUG     +918278175094    SUCCESS   Thanks for participating! 1 image submitted successfully.
Follow us on Instagram to increase your chances of winning.
2026-04-18 18:11:15  DEBUG     +916424555318    SUCCESS   Thanks for participating! 1 image submitted successfully.
Follow us on Instagram to increase your chances of winning.
2026-04-18 18:11:25  DEBUG     +918966669345    SUCCESS   Thanks for participating! 1 image submitted successfully.
Follow us on Instagram to increase your chances of winning.
2026-04-18 18:11:35  DEBUG     +917618877979    SUCCESS   Thanks for participating! 1 image submitted successfully.
Follow us on Instagram to increase your chances of winning.
2026-04-18 18:11:43  DEBUG     +919123413437    SUCCESS   Thanks for participating! 1 image submitted successfully.
Follow us on Instagram to increase your chances of winning.
2026-04-18 18:11:51  DEBUG     +917037977247    SUCCESS   Thanks for participating! 1 image submitted successfully.
Follow us on Instagram to increase your chances of winning.
2026-04-18 18:11:59  DEBUG     +917232575792    SUCCESS   Thanks for participating! 1 image submitted successfully.
Follow us on Instagram to increase your chances of winning.
2026-04-18 18:11:59  DEBUG     Batch 33/50 — 10 pair(s)
2026-04-18 18:12:07  DEBUG     +917660026128    SUCCESS   Thanks for participating! 1 image submitted successfully.
Follow us on Instagram to increase your chances of winning.
2026-04-18 18:12:15  DEBUG     +916131125721    SUCCESS   Thanks for participating! 1 image submitted successfully.
Follow us on Instagram to increase your chances of winning.
2026-04-18 18:12:22  DEBUG     +918455122783    SUCCESS   Thanks for participating! 1 image submitted successfully.
Follow us on Instagram to increase your chances of winning.
2026-04-18 18:12:30  DEBUG     +919585067403    SUCCESS   Thanks for participating! 1 image submitted successfully.
Follow us on Instagram to increase your chances of winning.
2026-04-18 18:12:41  DEBUG     +917410852911    SUCCESS   Thanks for participating! 1 image submitted successfully.
Follow us on Instagram to increase your chances of winning.
2026-04-18 18:12:50  DEBUG     +917916657984    SUCCESS   Thanks for participating! 1 image submitted successfully.
Follow us on Instagram to increase your chances of winning.
2026-04-18 18:12:57  DEBUG     +918526573913    SUCCESS   Thanks for participating! 1 image submitted successfully.
Follow us on Instagram to increase your chances of winning.
2026-04-18 18:13:04  DEBUG     +917995547143    SUCCESS   Thanks for participating! 1 image submitted successfully.
Follow us on Instagram to increase your chances of winning.
2026-04-18 18:13:20  DEBUG     +918327354272    SUCCESS   Thanks for participating! 1 image submitted successfully.
Follow us on Instagram to increase your chances of winning.
2026-04-18 18:13:28  DEBUG     +917829242523    SUCCESS   Thanks for participating! 1 image submitted successfully.
Follow us on Instagram to increase your chances of winning.
2026-04-18 18:13:28  DEBUG     Batch 34/50 — 10 pair(s)
2026-04-18 18:13:43  DEBUG     +917341829508    SUCCESS   Thanks for participating! 1 image submitted successfully.
Follow us on Instagram to increase your chances of winning.
2026-04-18 18:13:51  DEBUG     +917667862910    SUCCESS   Thanks for participating! 1 image submitted successfully.
Follow us on Instagram to increase your chances of winning.
2026-04-18 18:14:00  DEBUG     +918259880929    SUCCESS   Thanks for participating! 1 image submitted successfully.
Follow us on Instagram to increase your chances of winning.
2026-04-18 18:14:11  DEBUG     +917536648098    SUCCESS   Thanks for participating! 1 image submitted successfully.
Follow us on Instagram to increase your chances of winning.
2026-04-18 18:14:18  DEBUG     +919524790307    SUCCESS   Thanks for participating! 1 image submitted successfully.
Follow us on Instagram to increase your chances of winning.
2026-04-18 18:14:29  DEBUG     +917466785228    SUCCESS   Thanks for participating! 1 image submitted successfully.
Follow us on Instagram to increase your chances of winning.
2026-04-18 18:14:37  DEBUG     +919573100820    SUCCESS   Thanks for participating! 1 image submitted successfully.
Follow us on Instagram to increase your chances of winning.
2026-04-18 18:14:45  DEBUG     +916250916959    SUCCESS   Thanks for participating! 1 image submitted successfully.
Follow us on Instagram to increase your chances of winning.
2026-04-18 18:14:53  DEBUG     +917339787038    SUCCESS   Thanks for participating! 1 image submitted successfully.
Follow us on Instagram to increase your chances of winning.
2026-04-18 18:15:03  DEBUG     +916904438388    SUCCESS   Thanks for participating! 1 image submitted successfully.
Follow us on Instagram to increase your chances of winning.
2026-04-18 18:15:03  DEBUG     Batch 35/50 — 10 pair(s)
2026-04-18 18:15:11  DEBUG     +919411283529    SUCCESS   Thanks for participating! 1 image submitted successfully.
Follow us on Instagram to increase your chances of winning.
2026-04-18 18:15:21  DEBUG     +916496815762    SUCCESS   Thanks for participating! 1 image submitted successfully.
Follow us on Instagram to increase your chances of winning.
2026-04-18 18:15:28  DEBUG     +919733659134    SUCCESS   Thanks for participating! 1 image submitted successfully.
Follow us on Instagram to increase your chances of winning.
2026-04-18 18:15:39  DEBUG     +919429234241    SUCCESS   Thanks for participating! 1 image submitted successfully.
Follow us on Instagram to increase your chances of winning.
2026-04-18 18:15:47  DEBUG     +919534767276    SUCCESS   Thanks for participating! 1 image submitted successfully.
Follow us on Instagram to increase your chances of winning.
2026-04-18 18:15:56  DEBUG     +916937782263    SUCCESS   Thanks for participating! 1 image submitted successfully.
Follow us on Instagram to increase your chances of winning.
2026-04-18 18:16:06  DEBUG     +919795123728    SUCCESS   Thanks for participating! 1 image submitted successfully.
Follow us on Instagram to increase your chances of winning.
2026-04-18 18:16:17  DEBUG     +917605351181    SUCCESS   Thanks for participating! 1 image submitted successfully.
Follow us on Instagram to increase your chances of winning.
2026-04-18 18:16:27  DEBUG     +918032896252    SUCCESS   Thanks for participating! 1 image submitted successfully.
Follow us on Instagram to increase your chances of winning.
2026-04-18 18:16:34  DEBUG     +916109068523    SUCCESS   Thanks for participating! 1 image submitted successfully.
Follow us on Instagram to increase your chances of winning.
2026-04-18 18:16:34  DEBUG     Batch 36/50 — 10 pair(s)
2026-04-18 18:16:45  DEBUG     +918070995087    SUCCESS   Thanks for participating! 1 image submitted successfully.
Follow us on Instagram to increase your chances of winning.
2026-04-18 18:17:00  DEBUG     +916361304290    SUCCESS   Thanks for participating! 1 image submitted successfully.
Follow us on Instagram to increase your chances of winning.
2026-04-18 18:17:10  DEBUG     +918412668637    SUCCESS   Thanks for participating! 1 image submitted successfully.
Follow us on Instagram to increase your chances of winning.
2026-04-18 18:17:19  DEBUG     +916010055939    SUCCESS   Thanks for participating! 1 image submitted successfully.
Follow us on Instagram to increase your chances of winning.
2026-04-18 18:17:27  DEBUG     +919335129155    SUCCESS   Thanks for participating! 1 image submitted successfully.
Follow us on Instagram to increase your chances of winning.
2026-04-18 18:17:35  DEBUG     +919936833645    SUCCESS   Thanks for participating! 1 image submitted successfully.
Follow us on Instagram to increase your chances of winning.
2026-04-18 18:17:43  DEBUG     +916782755845    SUCCESS   Thanks for participating! 1 image submitted successfully.
Follow us on Instagram to increase your chances of winning.
2026-04-18 18:17:51  DEBUG     +919450624004    SUCCESS   Thanks for participating! 1 image submitted successfully.
Follow us on Instagram to increase your chances of winning.
2026-04-18 18:17:59  DEBUG     +918921654739    SUCCESS   Thanks for participating! 1 image submitted successfully.
Follow us on Instagram to increase your chances of winning.
2026-04-18 18:18:09  DEBUG     +918751575257    SUCCESS   Thanks for participating! 1 image submitted successfully.
Follow us on Instagram to increase your chances of winning.
2026-04-18 18:18:09  DEBUG     Batch 37/50 — 10 pair(s)
2026-04-18 18:18:19  DEBUG     +917069106532    SUCCESS   Thanks for participating! 1 image submitted successfully.
Follow us on Instagram to increase your chances of winning.
2026-04-18 18:18:26  DEBUG     +917944191056    SUCCESS   Thanks for participating! 1 image submitted successfully.
Follow us on Instagram to increase your chances of winning.
2026-04-18 18:18:36  DEBUG     +916446809310    SUCCESS   Thanks for participating! 1 image submitted successfully.
Follow us on Instagram to increase your chances of winning.
2026-04-18 18:18:52  DEBUG     +919971581348    SUCCESS   Thanks for participating! 1 image submitted successfully.
Follow us on Instagram to increase your chances of winning.
2026-04-18 18:19:05  DEBUG     +918048572994    SUCCESS   Thanks for participating! 1 image submitted successfully.
Follow us on Instagram to increase your chances of winning.
2026-04-18 18:19:12  DEBUG     +916652106936    SUCCESS   Thanks for participating! 1 image submitted successfully.
Follow us on Instagram to increase your chances of winning.
2026-04-18 18:19:22  DEBUG     +918773881131    SUCCESS   Thanks for participating! 1 image submitted successfully.
Follow us on Instagram to increase your chances of winning.
2026-04-18 18:19:32  DEBUG     +917801979547    SUCCESS   Thanks for participating! 1 image submitted successfully.
Follow us on Instagram to increase your chances of winning.
2026-04-18 18:19:42  DEBUG     +919402246896    SUCCESS   Thanks for participating! 1 image submitted successfully.
Follow us on Instagram to increase your chances of winning.
2026-04-18 18:19:52  DEBUG     +916762577641    SUCCESS   Thanks for participating! 1 image submitted successfully.
Follow us on Instagram to increase your chances of winning.
2026-04-18 18:19:52  DEBUG     Batch 38/50 — 10 pair(s)
2026-04-18 18:20:02  DEBUG     +916045425446    SUCCESS   Thanks for participating! 1 image submitted successfully.
Follow us on Instagram to increase your chances of winning.
2026-04-18 18:20:09  DEBUG     +916851335553    SUCCESS   Thanks for participating! 1 image submitted successfully.
Follow us on Instagram to increase your chances of winning.
2026-04-18 18:20:17  DEBUG     +918378695185    SUCCESS   Thanks for participating! 1 image submitted successfully.
Follow us on Instagram to increase your chances of winning.
2026-04-18 18:20:24  DEBUG     +918356926913    SUCCESS   Thanks for participating! 1 image submitted successfully.
Follow us on Instagram to increase your chances of winning.
2026-04-18 18:20:34  DEBUG     +916237667343    SUCCESS   Thanks for participating! 1 image submitted successfully.
Follow us on Instagram to increase your chances of winning.
2026-04-18 18:20:44  DEBUG     +916588543444    SUCCESS   Thanks for participating! 1 image submitted successfully.
Follow us on Instagram to increase your chances of winning.
2026-04-18 18:20:54  DEBUG     +919175772139    SUCCESS   Thanks for participating! 1 image submitted successfully.
Follow us on Instagram to increase your chances of winning.
2026-04-18 18:21:02  DEBUG     +918929050102    SUCCESS   Thanks for participating! 1 image submitted successfully.
Follow us on Instagram to increase your chances of winning.
2026-04-18 18:21:09  DEBUG     +919272408415    SUCCESS   Thanks for participating! 1 image submitted successfully.
Follow us on Instagram to increase your chances of winning.
2026-04-18 18:21:16  DEBUG     +919282485261    SUCCESS   Thanks for participating! 1 image submitted successfully.
Follow us on Instagram to increase your chances of winning.
2026-04-18 18:21:16  DEBUG     Batch 39/50 — 10 pair(s)
2026-04-18 18:21:25  DEBUG     +916884795319    SUCCESS   Thanks for participating! 1 image submitted successfully.
Follow us on Instagram to increase your chances of winning.
2026-04-18 18:21:32  DEBUG     +919339545488    SUCCESS   Thanks for participating! 1 image submitted successfully.
Follow us on Instagram to increase your chances of winning.
2026-04-18 18:21:44  DEBUG     +919404716173    SUCCESS   Thanks for participating! 1 image submitted successfully.
Follow us on Instagram to increase your chances of winning.
2026-04-18 18:21:52  DEBUG     +919879752119    SUCCESS   Thanks for participating! 1 image submitted successfully.
Follow us on Instagram to increase your chances of winning.
2026-04-18 18:22:01  DEBUG     +918919648704    SUCCESS   Thanks for participating! 1 image submitted successfully.
Follow us on Instagram to increase your chances of winning.
2026-04-18 18:22:09  DEBUG     +919141009784    SUCCESS   Thanks for participating! 1 image submitted successfully.
Follow us on Instagram to increase your chances of winning.
2026-04-18 18:22:18  DEBUG     +917296772490    SUCCESS   Thanks for participating! 1 image submitted successfully.
Follow us on Instagram to increase your chances of winning.
2026-04-18 18:22:25  DEBUG     +916790505110    SUCCESS   Thanks for participating! 1 image submitted successfully.
Follow us on Instagram to increase your chances of winning.
2026-04-18 18:22:32  DEBUG     +917043348842    SUCCESS   Thanks for participating! 1 image submitted successfully.
Follow us on Instagram to increase your chances of winning.
2026-04-18 18:22:42  DEBUG     +917839612937    SUCCESS   Thanks for participating! 1 image submitted successfully.
Follow us on Instagram to increase your chances of winning.
2026-04-18 18:22:42  DEBUG     Batch 40/50 — 10 pair(s)
2026-04-18 18:22:51  DEBUG     +919552392747    SUCCESS   Thanks for participating! 1 image submitted successfully.
Follow us on Instagram to increase your chances of winning.
2026-04-18 18:22:59  DEBUG     +917821852859    SUCCESS   Thanks for participating! 1 image submitted successfully.
Follow us on Instagram to increase your chances of winning.
2026-04-18 18:23:07  DEBUG     +916565331506    SUCCESS   Thanks for participating! 1 image submitted successfully.
Follow us on Instagram to increase your chances of winning.
2026-04-18 18:23:21  DEBUG     +919519134910    SUCCESS   Thanks for participating! 1 image submitted successfully.
Follow us on Instagram to increase your chances of winning.
2026-04-18 18:23:29  DEBUG     +919999707353    SUCCESS   Thanks for participating! 1 image submitted successfully.
Follow us on Instagram to increase your chances of winning.
2026-04-18 18:23:39  DEBUG     +917845927478    SUCCESS   Thanks for participating! 1 image submitted successfully.
Follow us on Instagram to increase your chances of winning.
2026-04-18 18:23:46  DEBUG     +919984873491    SUCCESS   Thanks for participating! 1 image submitted successfully.
Follow us on Instagram to increase your chances of winning.
2026-04-18 18:24:02  DEBUG     +919153892875    SUCCESS   Thanks for participating! 1 image submitted successfully.
Follow us on Instagram to increase your chances of winning.
2026-04-18 18:24:12  DEBUG     +916756668653    SUCCESS   Thanks for participating! 1 image submitted successfully.
Follow us on Instagram to increase your chances of winning.
2026-04-18 18:24:22  DEBUG     +917014389683    SUCCESS   Thanks for participating! 1 image submitted successfully.
Follow us on Instagram to increase your chances of winning.
2026-04-18 18:24:22  DEBUG     Batch 41/50 — 10 pair(s)
2026-04-18 18:24:32  DEBUG     +917204266112    SUCCESS   Thanks for participating! 1 image submitted successfully.
Follow us on Instagram to increase your chances of winning.
2026-04-18 18:24:38  DEBUG     +919300079758    SUCCESS   Thanks for participating! 1 image submitted successfully.
Follow us on Instagram to increase your chances of winning.
2026-04-18 18:24:47  DEBUG     +918357806497    SUCCESS   Thanks for participating! 1 image submitted successfully.
Follow us on Instagram to increase your chances of winning.
2026-04-18 18:24:55  DEBUG     +916490002745    SUCCESS   Thanks for participating! 1 image submitted successfully.
Follow us on Instagram to increase your chances of winning.
2026-04-18 18:25:05  DEBUG     +918275121283    SUCCESS   Thanks for participating! 1 image submitted successfully.
Follow us on Instagram to increase your chances of winning.
2026-04-18 18:25:12  DEBUG     +917172571288    SUCCESS   Thanks for participating! 1 image submitted successfully.
Follow us on Instagram to increase your chances of winning.
2026-04-18 18:25:22  DEBUG     +916151709603    SUCCESS   Thanks for participating! 1 image submitted successfully.
Follow us on Instagram to increase your chances of winning.
2026-04-18 18:25:33  DEBUG     +917890322111    SUCCESS   Thanks for participating! 1 image submitted successfully.
Follow us on Instagram to increase your chances of winning.
2026-04-18 18:25:43  DEBUG     +917869139463    SUCCESS   Thanks for participating! 1 image submitted successfully.
Follow us on Instagram to increase your chances of winning.
2026-04-18 18:25:51  DEBUG     +916701721865    SUCCESS   Thanks for participating! 1 image submitted successfully.
Follow us on Instagram to increase your chances of winning.
2026-04-18 18:25:51  DEBUG     Batch 42/50 — 10 pair(s)
2026-04-18 18:26:01  DEBUG     +918735131974    SUCCESS   Thanks for participating! 1 image submitted successfully.
Follow us on Instagram to increase your chances of winning.
2026-04-18 18:26:09  DEBUG     +919131310950    SUCCESS   Thanks for participating! 1 image submitted successfully.
Follow us on Instagram to increase your chances of winning.
2026-04-18 18:26:19  DEBUG     +918501151511    SUCCESS   Thanks for participating! 1 image submitted successfully.
Follow us on Instagram to increase your chances of winning.
2026-04-18 18:26:27  DEBUG     +919511900719    SUCCESS   Thanks for participating! 1 image submitted successfully.
Follow us on Instagram to increase your chances of winning.
2026-04-18 18:26:37  DEBUG     +918617683932    SUCCESS   Thanks for participating! 1 image submitted successfully.
Follow us on Instagram to increase your chances of winning.
2026-04-18 18:26:44  DEBUG     +919514413721    SUCCESS   Thanks for participating! 1 image submitted successfully.
Follow us on Instagram to increase your chances of winning.
2026-04-18 18:26:55  DEBUG     +918610828078    SUCCESS   Thanks for participating! 1 image submitted successfully.
Follow us on Instagram to increase your chances of winning.
2026-04-18 18:27:05  DEBUG     +918488969140    SUCCESS   Thanks for participating! 1 image submitted successfully.
Follow us on Instagram to increase your chances of winning.
2026-04-18 18:27:15  DEBUG     +917285721564    SUCCESS   Thanks for participating! 1 image submitted successfully.
Follow us on Instagram to increase your chances of winning.
2026-04-18 18:27:22  DEBUG     +916480026287    SUCCESS   Thanks for participating! 1 image submitted successfully.
Follow us on Instagram to increase your chances of winning.
2026-04-18 18:27:22  DEBUG     Batch 43/50 — 10 pair(s)
2026-04-18 18:27:29  DEBUG     +917322368674    SUCCESS   Thanks for participating! 1 image submitted successfully.
Follow us on Instagram to increase your chances of winning.
2026-04-18 18:27:36  DEBUG     +916627795926    SUCCESS   Thanks for participating! 1 image submitted successfully.
Follow us on Instagram to increase your chances of winning.
2026-04-18 18:27:45  DEBUG     +917993402350    SUCCESS   Thanks for participating! 1 image submitted successfully.
Follow us on Instagram to increase your chances of winning.
2026-04-18 18:27:54  DEBUG     +918978985055    SUCCESS   Thanks for participating! 1 image submitted successfully.
Follow us on Instagram to increase your chances of winning.
2026-04-18 18:28:05  DEBUG     +919959634587    SUCCESS   Thanks for participating! 1 image submitted successfully.
Follow us on Instagram to increase your chances of winning.
2026-04-18 18:28:15  DEBUG     +919525588304    SUCCESS   Thanks for participating! 1 image submitted successfully.
Follow us on Instagram to increase your chances of winning.
2026-04-18 18:28:22  DEBUG     +918290106432    SUCCESS   Thanks for participating! 1 image submitted successfully.
Follow us on Instagram to increase your chances of winning.
2026-04-18 18:28:39  DEBUG     +916630906288    SUCCESS   Thanks for participating! 1 image submitted successfully.
Follow us on Instagram to increase your chances of winning.
2026-04-18 18:28:49  DEBUG     +919188322168    SUCCESS   Thanks for participating! 1 image submitted successfully.
Follow us on Instagram to increase your chances of winning.
2026-04-18 18:28:57  DEBUG     +917111154290    SUCCESS   Thanks for participating! 1 image submitted successfully.
Follow us on Instagram to increase your chances of winning.
2026-04-18 18:28:57  DEBUG     Batch 44/50 — 10 pair(s)
2026-04-18 18:29:11  DEBUG     +918454459250    SUCCESS   Thanks for participating! 1 image submitted successfully.
Follow us on Instagram to increase your chances of winning.
2026-04-18 18:29:21  DEBUG     +919312989992    SUCCESS   Thanks for participating! 1 image submitted successfully.
Follow us on Instagram to increase your chances of winning.
2026-04-18 18:29:28  DEBUG     +918050416381    SUCCESS   Thanks for participating! 1 image submitted successfully.
Follow us on Instagram to increase your chances of winning.
2026-04-18 18:29:36  DEBUG     +916831033600    SUCCESS   Thanks for participating! 1 image submitted successfully.
Follow us on Instagram to increase your chances of winning.
2026-04-18 18:29:47  DEBUG     +916374583397    SUCCESS   Thanks for participating! 1 image submitted successfully.
Follow us on Instagram to increase your chances of winning.
2026-04-18 18:29:57  DEBUG     +918709813571    SUCCESS   Thanks for participating! 1 image submitted successfully.
Follow us on Instagram to increase your chances of winning.
2026-04-18 18:30:05  DEBUG     +916679150779    SUCCESS   Thanks for participating! 1 image submitted successfully.
Follow us on Instagram to increase your chances of winning.
2026-04-18 18:30:13  DEBUG     +919102025711    SUCCESS   Thanks for participating! 1 image submitted successfully.
Follow us on Instagram to increase your chances of winning.
2026-04-18 18:30:21  DEBUG     +917023925283    SUCCESS   Thanks for participating! 1 image submitted successfully.
Follow us on Instagram to increase your chances of winning.
2026-04-18 18:30:30  DEBUG     +917305981743    SUCCESS   Thanks for participating! 1 image submitted successfully.
Follow us on Instagram to increase your chances of winning.
2026-04-18 18:30:30  DEBUG     Batch 45/50 — 10 pair(s)
2026-04-18 18:30:40  DEBUG     +917191888299    SUCCESS   Thanks for participating! 1 image submitted successfully.
Follow us on Instagram to increase your chances of winning.
2026-04-18 18:30:50  DEBUG     +918950957050    SUCCESS   Thanks for participating! 1 image submitted successfully.
Follow us on Instagram to increase your chances of winning.
2026-04-18 18:31:00  DEBUG     +919280266800    SUCCESS   Thanks for participating! 1 image submitted successfully.
Follow us on Instagram to increase your chances of winning.
2026-04-18 18:31:09  DEBUG     +918485399771    SUCCESS   Thanks for participating! 1 image submitted successfully.
Follow us on Instagram to increase your chances of winning.
2026-04-18 18:31:17  DEBUG     +917821827567    SUCCESS   Thanks for participating! 1 image submitted successfully.
Follow us on Instagram to increase your chances of winning.
2026-04-18 18:31:25  DEBUG     +917701868959    SUCCESS   Thanks for participating! 1 image submitted successfully.
Follow us on Instagram to increase your chances of winning.
2026-04-18 18:31:35  DEBUG     +916457274623    SUCCESS   Thanks for participating! 1 image submitted successfully.
Follow us on Instagram to increase your chances of winning.
2026-04-18 18:31:43  DEBUG     +919970980104    SUCCESS   Thanks for participating! 1 image submitted successfully.
Follow us on Instagram to increase your chances of winning.
2026-04-18 18:31:51  DEBUG     +919948305405    SUCCESS   Thanks for participating! 1 image submitted successfully.
Follow us on Instagram to increase your chances of winning.
2026-04-18 18:32:01  DEBUG     +916195070071    SUCCESS   Thanks for participating! 1 image submitted successfully.
Follow us on Instagram to increase your chances of winning.
2026-04-18 18:32:01  DEBUG     Batch 46/50 — 10 pair(s)
2026-04-18 18:32:09  DEBUG     +919903156383    SUCCESS   Thanks for participating! 1 image submitted successfully.
Follow us on Instagram to increase your chances of winning.
2026-04-18 18:32:18  DEBUG     +918083265178    SUCCESS   Thanks for participating! 1 image submitted successfully.
Follow us on Instagram to increase your chances of winning.
2026-04-18 18:32:26  DEBUG     +916795407870    SUCCESS   Thanks for participating! 1 image submitted successfully.
Follow us on Instagram to increase your chances of winning.
2026-04-18 18:32:33  DEBUG     +919525584937    SUCCESS   Thanks for participating! 1 image submitted successfully.
Follow us on Instagram to increase your chances of winning.
2026-04-18 18:32:48  DEBUG     +916193853336    SUCCESS   Thanks for participating! 1 image submitted successfully.
Follow us on Instagram to increase your chances of winning.
2026-04-18 18:33:04  DEBUG     +917202111212    SUCCESS   Thanks for participating! 1 image submitted successfully.
Follow us on Instagram to increase your chances of winning.
2026-04-18 18:33:11  DEBUG     +917772871720    SUCCESS   Thanks for participating! 1 image submitted successfully.
Follow us on Instagram to increase your chances of winning.
2026-04-18 18:33:19  DEBUG     +918117362744    SUCCESS   Thanks for participating! 1 image submitted successfully.
Follow us on Instagram to increase your chances of winning.
2026-04-18 18:33:34  DEBUG     +917299148966    SUCCESS   Thanks for participating! 1 image submitted successfully.
Follow us on Instagram to increase your chances of winning.
2026-04-18 18:33:41  DEBUG     +916933031969    SUCCESS   Thanks for participating! 1 image submitted successfully.
Follow us on Instagram to increase your chances of winning.
2026-04-18 18:33:41  DEBUG     Batch 47/50 — 10 pair(s)
2026-04-18 18:33:50  DEBUG     +916013587122    SUCCESS   Thanks for participating! 1 image submitted successfully.
Follow us on Instagram to increase your chances of winning.
2026-04-18 18:33:57  DEBUG     +916373000769    SUCCESS   Thanks for participating! 1 image submitted successfully.
Follow us on Instagram to increase your chances of winning.
2026-04-18 18:34:05  DEBUG     +916637348953    SUCCESS   Thanks for participating! 1 image submitted successfully.
Follow us on Instagram to increase your chances of winning.
2026-04-18 18:34:13  DEBUG     +918114466295    SUCCESS   Thanks for participating! 1 image submitted successfully.
Follow us on Instagram to increase your chances of winning.
2026-04-18 18:34:21  DEBUG     +916271322246    SUCCESS   Thanks for participating! 1 image submitted successfully.
Follow us on Instagram to increase your chances of winning.
2026-04-18 18:34:29  DEBUG     +918442397332    SUCCESS   Thanks for participating! 1 image submitted successfully.
Follow us on Instagram to increase your chances of winning.
2026-04-18 18:34:37  DEBUG     +917366767093    SUCCESS   Thanks for participating! 1 image submitted successfully.
Follow us on Instagram to increase your chances of winning.
2026-04-18 18:34:44  DEBUG     +917532513624    SUCCESS   Thanks for participating! 1 image submitted successfully.
Follow us on Instagram to increase your chances of winning.
2026-04-18 18:34:53  DEBUG     +918288570204    SUCCESS   Thanks for participating! 1 image submitted successfully.
Follow us on Instagram to increase your chances of winning.
2026-04-18 18:35:01  DEBUG     +917566275921    SUCCESS   Thanks for participating! 1 image submitted successfully.
Follow us on Instagram to increase your chances of winning.
2026-04-18 18:35:01  DEBUG     Batch 48/50 — 10 pair(s)
2026-04-18 18:35:11  DEBUG     +916597459296    SUCCESS   Thanks for participating! 1 image submitted successfully.
Follow us on Instagram to increase your chances of winning.
2026-04-18 18:35:19  DEBUG     +917008222862    SUCCESS   Thanks for participating! 1 image submitted successfully.
Follow us on Instagram to increase your chances of winning.
2026-04-18 18:35:31  DEBUG     +918197997290    SUCCESS   Thanks for participating! 1 image submitted successfully.
Follow us on Instagram to increase your chances of winning.
2026-04-18 18:35:39  DEBUG     +916378192448    SUCCESS   Thanks for participating! 1 image submitted successfully.
Follow us on Instagram to increase your chances of winning.
2026-04-18 18:35:47  DEBUG     +918939177534    SUCCESS   Thanks for participating! 1 image submitted successfully.
Follow us on Instagram to increase your chances of winning.
2026-04-18 18:35:54  DEBUG     +918061133599    SUCCESS   Thanks for participating! 1 image submitted successfully.
Follow us on Instagram to increase your chances of winning.
2026-04-18 18:36:05  DEBUG     +916602989433    SUCCESS   Thanks for participating! 1 image submitted successfully.
Follow us on Instagram to increase your chances of winning.
2026-04-18 18:36:13  DEBUG     +917462197188    SUCCESS   Thanks for participating! 1 image submitted successfully.
Follow us on Instagram to increase your chances of winning.
2026-04-18 18:36:21  DEBUG     +918911715000    SUCCESS   Thanks for participating! 1 image submitted successfully.
Follow us on Instagram to increase your chances of winning.
2026-04-18 18:36:28  DEBUG     +917758359349    SUCCESS   Thanks for participating! 1 image submitted successfully.
Follow us on Instagram to increase your chances of winning.
2026-04-18 18:36:28  DEBUG     Batch 49/50 — 10 pair(s)
2026-04-18 18:36:38  DEBUG     +917580774563    SUCCESS   Thanks for participating! 1 image submitted successfully.
Follow us on Instagram to increase your chances of winning.
2026-04-18 18:36:48  DEBUG     +918993028995    SUCCESS   Thanks for participating! 1 image submitted successfully.
Follow us on Instagram to increase your chances of winning.
2026-04-18 18:36:55  DEBUG     +917005380242    SUCCESS   Thanks for participating! 1 image submitted successfully.
Follow us on Instagram to increase your chances of winning.
2026-04-18 18:37:04  DEBUG     +918703166935    SUCCESS   Thanks for participating! 1 image submitted successfully.
Follow us on Instagram to increase your chances of winning.
2026-04-18 18:37:11  DEBUG     +919817699672    SUCCESS   Thanks for participating! 1 image submitted successfully.
Follow us on Instagram to increase your chances of winning.
2026-04-18 18:37:19  DEBUG     +919877009625    SUCCESS   Thanks for participating! 1 image submitted successfully.
Follow us on Instagram to increase your chances of winning.
2026-04-18 18:37:27  DEBUG     +917559584082    SUCCESS   Thanks for participating! 1 image submitted successfully.
Follow us on Instagram to increase your chances of winning.
2026-04-18 18:37:36  DEBUG     +918184792205    SUCCESS   Thanks for participating! 1 image submitted successfully.
Follow us on Instagram to increase your chances of winning.
2026-04-18 18:37:46  DEBUG     +916191730793    SUCCESS   Thanks for participating! 1 image submitted successfully.
Follow us on Instagram to increase your chances of winning.
2026-04-18 18:37:53  DEBUG     +916667409500    SUCCESS   Thanks for participating! 1 image submitted successfully.
Follow us on Instagram to increase your chances of winning.
2026-04-18 18:37:53  DEBUG     Batch 50/50 — 10 pair(s)
2026-04-18 18:38:02  DEBUG     +918573370002    SUCCESS   Thanks for participating! 1 image submitted successfully.
Follow us on Instagram to increase your chances of winning.
2026-04-18 18:38:10  DEBUG     +917492439899    SUCCESS   Thanks for participating! 1 image submitted successfully.
Follow us on Instagram to increase your chances of winning.
2026-04-18 18:38:21  DEBUG     +916780745112    SUCCESS   Thanks for participating! 1 image submitted successfully.
Follow us on Instagram to increase your chances of winning.
2026-04-18 18:38:31  DEBUG     +917272326686    SUCCESS   Thanks for participating! 1 image submitted successfully.
Follow us on Instagram to increase your chances of winning.
2026-04-18 18:38:38  DEBUG     +919823396279    SUCCESS   Thanks for participating! 1 image submitted successfully.
Follow us on Instagram to increase your chances of winning.
2026-04-18 18:38:48  DEBUG     +918302161546    SUCCESS   Thanks for participating! 1 image submitted successfully.
Follow us on Instagram to increase your chances of winning.
2026-04-18 18:38:57  DEBUG     +916387854617    SUCCESS   Thanks for participating! 1 image submitted successfully.
Follow us on Instagram to increase your chances of winning.
2026-04-18 18:39:11  DEBUG     +916710467799    SUCCESS   Thanks for participating! 1 image submitted successfully.
Follow us on Instagram to increase your chances of winning.
2026-04-18 18:39:18  DEBUG     +919120118053    SUCCESS   Thanks for participating! 1 image submitted successfully.
Follow us on Instagram to increase your chances of winning.
2026-04-18 18:39:28  DEBUG     +919085448809    SUCCESS   Thanks for participating! 1 image submitted successfully.
Follow us on Instagram to increase your chances of winning.
2026-04-18 18:39:28  INFO      Exporting results…
2026-04-18 18:39:28  INFO      Successful numbers → /home/amaan/green-automation/successful_numbers.csv
2026-04-18 18:39:28  INFO      Failed numbers     → /home/amaan/green-automation/failed_numbers.csv
2026-04-18 18:39:28  INFO      Run complete — attempted=650  success=650  failed=0
2026-04-18 18:39:28  INFO      Cleaning up images folder…
2026-04-18 18:39:28  INFO      Images folder removed.
2026-04-18 18:39:28  INFO      Run finished.
2026-04-18 20:53:46  INFO      Run started — count=10000  batch_size=10  dry_run=False  resume=False
2026-04-18 20:53:46  INFO      Generating phone numbers…
2026-04-18 20:53:46  INFO      Generated 10000 phone number(s) (0 skipped via --resume)
2026-04-18 20:53:46  INFO      Generating 10000 image(s)…
2026-04-18 20:59:32  INFO      Images written to: /home/amaan/green-automation/images
2026-04-18 20:59:32  INFO      Starting live registrations in batches of 10…
2026-04-18 20:59:32  DEBUG     Batch 1/1000 — 10 pair(s)
2026-04-18 20:59:40  DEBUG     +918007847676    SUCCESS   Thanks for participating! 1 image submitted successfully.
Follow us on Instagram to increase your chances of winning.
2026-04-18 20:59:49  DEBUG     +919763958889    SUCCESS   Thanks for participating! 1 image submitted successfully.
Follow us on Instagram to increase your chances of winning.
2026-04-18 20:59:59  DEBUG     +919381222348    SUCCESS   Thanks for participating! 1 image submitted successfully.
Follow us on Instagram to increase your chances of winning.
2026-04-18 21:00:06  DEBUG     +918506832799    SUCCESS   Thanks for participating! 1 image submitted successfully.
Follow us on Instagram to increase your chances of winning.
2026-04-18 21:00:17  DEBUG     +919384153697    SUCCESS   Thanks for participating! 1 image submitted successfully.
Follow us on Instagram to increase your chances of winning.
2026-04-18 21:00:25  DEBUG     +918084834122    SUCCESS   Thanks for participating! 1 image submitted successfully.
Follow us on Instagram to increase your chances of winning.
2026-04-18 21:00:32  DEBUG     +918585129918    SUCCESS   Thanks for participating! 1 image submitted successfully.
Follow us on Instagram to increase your chances of winning.
2026-04-18 21:00:40  DEBUG     +918407857626    SUCCESS   Thanks for participating! 1 image submitted successfully.
Follow us on Instagram to increase your chances of winning.
2026-04-18 21:00:47  DEBUG     +916001170104    SUCCESS   Thanks for participating! 1 image submitted successfully.
Follow us on Instagram to increase your chances of winning.
2026-04-18 21:01:02  DEBUG     +916100902913    SUCCESS   Thanks for participating! 1 image submitted successfully.
Follow us on Instagram to increase your chances of winning.
2026-04-18 21:01:02  DEBUG     Batch 2/1000 — 10 pair(s)
2026-04-18 21:01:10  DEBUG     +917879916131    SUCCESS   Thanks for participating! 1 image submitted successfully.
Follow us on Instagram to increase your chances of winning.
2026-04-18 21:01:18  DEBUG     +917621871230    SUCCESS   Thanks for participating! 1 image submitted successfully.
Follow us on Instagram to increase your chances of winning.
2026-04-18 21:01:25  DEBUG     +917264693798    SUCCESS   Thanks for participating! 1 image submitted successfully.
Follow us on Instagram to increase your chances of winning.
2026-04-18 21:01:34  DEBUG     +917242665874    SUCCESS   Thanks for participating! 1 image submitted successfully.
Follow us on Instagram to increase your chances of winning.
2026-04-18 21:01:42  DEBUG     +916893734527    SUCCESS   Thanks for participating! 1 image submitted successfully.
Follow us on Instagram to increase your chances of winning.
2026-04-18 21:01:52  DEBUG     +917850891644    SUCCESS   Thanks for participating! 1 image submitted successfully.
Follow us on Instagram to increase your chances of winning.
2026-04-18 21:02:00  DEBUG     +919430731502    SUCCESS   Thanks for participating! 1 image submitted successfully.
Follow us on Instagram to increase your chances of winning.
2026-04-18 21:02:10  DEBUG     +918490691795    SUCCESS   Thanks for participating! 1 image submitted successfully.
Follow us on Instagram to increase your chances of winning.
2026-04-18 21:02:20  DEBUG     +917272433067    SUCCESS   Thanks for participating! 1 image submitted successfully.
Follow us on Instagram to increase your chances of winning.
2026-04-18 21:02:28  DEBUG     +918005165742    SUCCESS   Thanks for participating! 1 image submitted successfully.
Follow us on Instagram to increase your chances of winning.
2026-04-18 21:02:28  DEBUG     Batch 3/1000 — 10 pair(s)
2026-04-18 21:02:37  DEBUG     +918075496819    SUCCESS   Thanks for participating! 1 image submitted successfully.
Follow us on Instagram to increase your chances of winning.
2026-04-18 21:02:49  DEBUG     +917150743434    SUCCESS   Thanks for participating! 1 image submitted successfully.
Follow us on Instagram to increase your chances of winning.
2026-04-18 21:02:56  DEBUG     +916906437245    SUCCESS   Thanks for participating! 1 image submitted successfully.
Follow us on Instagram to increase your chances of winning.
2026-04-18 21:03:03  DEBUG     +916310457109    SUCCESS   Thanks for participating! 1 image submitted successfully.
Follow us on Instagram to increase your chances of winning.
2026-04-18 21:03:11  DEBUG     +918916830732    SUCCESS   Thanks for participating! 1 image submitted successfully.
Follow us on Instagram to increase your chances of winning.
2026-04-18 21:03:20  DEBUG     +916928097761    SUCCESS   Thanks for participating! 1 image submitted successfully.
Follow us on Instagram to increase your chances of winning.
2026-04-18 21:03:30  DEBUG     +917559804582    SUCCESS   Thanks for participating! 1 image submitted successfully.
Follow us on Instagram to increase your chances of winning.
2026-04-18 21:03:38  DEBUG     +919601241243    SUCCESS   Thanks for participating! 1 image submitted successfully.
Follow us on Instagram to increase your chances of winning.
2026-04-18 21:03:46  DEBUG     +918009139158    SUCCESS   Thanks for participating! 1 image submitted successfully.
Follow us on Instagram to increase your chances of winning.
2026-04-18 21:03:57  DEBUG     +918569897567    SUCCESS   Thanks for participating! 1 image submitted successfully.
Follow us on Instagram to increase your chances of winning.
2026-04-18 21:03:57  DEBUG     Batch 4/1000 — 10 pair(s)
2026-04-18 21:04:08  DEBUG     +917992425706    SUCCESS   Thanks for participating! 1 image submitted successfully.
Follow us on Instagram to increase your chances of winning.
2026-04-18 21:04:17  DEBUG     +917668049320    SUCCESS   Thanks for participating! 1 image submitted successfully.
Follow us on Instagram to increase your chances of winning.
2026-04-18 21:04:24  DEBUG     +917851715410    SUCCESS   Thanks for participating! 1 image submitted successfully.
Follow us on Instagram to increase your chances of winning.
2026-04-18 21:04:32  DEBUG     +918732386932    SUCCESS   Thanks for participating! 1 image submitted successfully.
Follow us on Instagram to increase your chances of winning.
2026-04-18 21:04:44  DEBUG     +918994823307    SUCCESS   Thanks for participating! 1 image submitted successfully.
Follow us on Instagram to increase your chances of winning.
2026-04-18 21:05:06  DEBUG     +917987951080    SUCCESS   Thanks for participating! 1 image submitted successfully.
Follow us on Instagram to increase your chances of winning.
2026-04-18 21:05:25  DEBUG     +917656091290    SUCCESS   Thanks for participating! 1 image submitted successfully.
Follow us on Instagram to increase your chances of winning.
2026-04-18 21:05:45  DEBUG     +916071719883    SUCCESS   Thanks for participating! 1 image submitted successfully.
Follow us on Instagram to increase your chances of winning.
2026-04-18 21:06:08  DEBUG     +918119041155    FAILED    Page load timed out
2026-04-18 21:06:33  DEBUG     +919941238852    SUCCESS   Thanks for participating! 1 image submitted successfully.
Follow us on Instagram to increase your chances of winning.
2026-04-18 21:06:33  DEBUG     Batch 5/1000 — 10 pair(s)
2026-04-18 21:07:00  DEBUG     +916518532459    SUCCESS   Thanks for participating! 1 image submitted successfully.
Follow us on Instagram to increase your chances of winning.
2026-04-18 21:07:22  DEBUG     +916557026085    FAILED    Page load timed out
2026-04-18 21:07:44  DEBUG     +917936510707    SUCCESS   Thanks for participating! 1 image submitted successfully.
Follow us on Instagram to increase your chances of winning.
2026-04-18 21:08:06  DEBUG     +917251642682    FAILED    Page load timed out
2026-04-18 21:08:28  DEBUG     +919043036699    FAILED    Page load timed out
2026-04-18 21:08:54  DEBUG     +918736001786    SUCCESS   Thanks for participating! 1 image submitted successfully.
Follow us on Instagram to increase your chances of winning.
2026-04-18 21:09:20  DEBUG     +916705226378    SUCCESS   Thanks for participating! 1 image submitted successfully.
Follow us on Instagram to increase your chances of winning.
2026-04-18 21:09:42  DEBUG     +918031066720    SUCCESS   Thanks for participating! 1 image submitted successfully.
Follow us on Instagram to increase your chances of winning.
2026-04-18 21:09:56  DEBUG     +916752717110    SUCCESS   Thanks for participating! 1 image submitted successfully.
Follow us on Instagram to increase your chances of winning.
2026-04-18 21:10:09  DEBUG     +917040228727    SUCCESS   Thanks for participating! 1 image submitted successfully.
Follow us on Instagram to increase your chances of winning.
2026-04-18 21:10:09  DEBUG     Batch 6/1000 — 10 pair(s)
2026-04-18 21:10:21  DEBUG     +916302220175    SUCCESS   Thanks for participating! 1 image submitted successfully.
Follow us on Instagram to increase your chances of winning.
2026-04-18 21:10:33  DEBUG     +916203495192    SUCCESS   Thanks for participating! 1 image submitted successfully.
Follow us on Instagram to increase your chances of winning.
2026-04-18 21:10:45  DEBUG     +919261338073    SUCCESS   Thanks for participating! 1 image submitted successfully.
Follow us on Instagram to increase your chances of winning.
2026-04-18 21:10:55  DEBUG     +917505877103    SUCCESS   Thanks for participating! 1 image submitted successfully.
Follow us on Instagram to increase your chances of winning.
2026-04-18 21:11:05  DEBUG     +918228298572    SUCCESS   Thanks for participating! 1 image submitted successfully.
Follow us on Instagram to increase your chances of winning.
2026-04-18 21:11:15  DEBUG     +916918142728    SUCCESS   Thanks for participating! 1 image submitted successfully.
Follow us on Instagram to increase your chances of winning.
2026-04-18 21:11:26  DEBUG     +917338232936    SUCCESS   Thanks for participating! 1 image submitted successfully.
Follow us on Instagram to increase your chances of winning.
2026-04-18 21:11:41  INFO      Run started — count=10000  batch_size=10  dry_run=False  resume=True
2026-04-18 21:11:41  INFO      --resume: no exhausted numbers found, nothing to skip
2026-04-18 21:11:41  INFO      Generating phone numbers…
2026-04-18 21:11:41  INFO      Generated 10000 phone number(s) (0 skipped via --resume)
2026-04-18 21:11:41  INFO      Generating 10000 image(s)…
2026-04-18 21:17:42  INFO      Images written to: /home/amaan/green-automation/images
2026-04-18 21:17:42  INFO      Starting live registrations in batches of 10…
2026-04-18 21:17:42  DEBUG     Batch 1/1000 — 10 pair(s)
2026-04-18 21:17:53  DEBUG     +918336384435    SUCCESS   Thanks for participating! 1 image submitted successfully.
Follow us on Instagram to increase your chances of winning.
2026-04-18 21:18:03  DEBUG     +917552307081    SUCCESS   Thanks for participating! 1 image submitted successfully.
Follow us on Instagram to increase your chances of winning.
2026-04-18 21:18:13  DEBUG     +917811632293    SUCCESS   Thanks for participating! 1 image submitted successfully.
Follow us on Instagram to increase your chances of winning.
2026-04-18 21:18:23  DEBUG     +917010326690    SUCCESS   Thanks for participating! 1 image submitted successfully.
Follow us on Instagram to increase your chances of winning.
2026-04-18 21:18:33  DEBUG     +918305807866    SUCCESS   Thanks for participating! 1 image submitted successfully.
Follow us on Instagram to increase your chances of winning.
2026-04-18 21:18:43  DEBUG     +917247463335    SUCCESS   Thanks for participating! 1 image submitted successfully.
Follow us on Instagram to increase your chances of winning.
2026-04-18 21:18:52  DEBUG     +918003825212    SUCCESS   Thanks for participating! 1 image submitted successfully.
Follow us on Instagram to increase your chances of winning.
2026-04-18 21:19:00  DEBUG     +917934212145    SUCCESS   Thanks for participating! 1 image submitted successfully.
Follow us on Instagram to increase your chances of winning.
2026-04-18 21:19:09  DEBUG     +919336287152    SUCCESS   Thanks for participating! 1 image submitted successfully.
Follow us on Instagram to increase your chances of winning.
2026-04-18 21:19:15  DEBUG     +917957264916    SUCCESS   Thanks for participating! 1 image submitted successfully.
Follow us on Instagram to increase your chances of winning.
2026-04-18 21:19:15  DEBUG     Batch 2/1000 — 10 pair(s)
2026-04-18 21:19:25  DEBUG     +919582824422    SUCCESS   Thanks for participating! 1 image submitted successfully.
Follow us on Instagram to increase your chances of winning.
2026-04-18 21:19:35  DEBUG     +918782649392    SUCCESS   Thanks for participating! 1 image submitted successfully.
Follow us on Instagram to increase your chances of winning.
2026-04-18 21:19:46  DEBUG     +916459110587    SUCCESS   Thanks for participating! 1 image submitted successfully.
Follow us on Instagram to increase your chances of winning.
2026-04-18 21:19:54  DEBUG     +916008928636    SUCCESS   Thanks for participating! 1 image submitted successfully.
Follow us on Instagram to increase your chances of winning.
2026-04-18 21:20:04  DEBUG     +918701739592    SUCCESS   Thanks for participating! 1 image submitted successfully.
Follow us on Instagram to increase your chances of winning.
2026-04-18 21:20:13  DEBUG     +918556517875    SUCCESS   Thanks for participating! 1 image submitted successfully.
Follow us on Instagram to increase your chances of winning.
2026-04-18 21:20:23  DEBUG     +916761544643    SUCCESS   Thanks for participating! 1 image submitted successfully.
Follow us on Instagram to increase your chances of winning.
2026-04-18 21:20:32  DEBUG     +916529869425    SUCCESS   Thanks for participating! 1 image submitted successfully.
Follow us on Instagram to increase your chances of winning.
2026-04-18 21:20:39  DEBUG     +916141826623    SUCCESS   Thanks for participating! 1 image submitted successfully.
Follow us on Instagram to increase your chances of winning.
2026-04-18 21:20:46  DEBUG     +916494076650    SUCCESS   Thanks for participating! 1 image submitted successfully.
Follow us on Instagram to increase your chances of winning.
2026-04-18 21:20:46  DEBUG     Batch 3/1000 — 10 pair(s)
2026-04-18 21:20:54  DEBUG     +916436713384    SUCCESS   Thanks for participating! 1 image submitted successfully.
Follow us on Instagram to increase your chances of winning.
2026-04-18 21:21:04  DEBUG     +918781283957    SUCCESS   Thanks for participating! 1 image submitted successfully.
Follow us on Instagram to increase your chances of winning.
2026-04-18 21:21:12  DEBUG     +919653625023    SUCCESS   Thanks for participating! 1 image submitted successfully.
Follow us on Instagram to increase your chances of winning.
2026-04-18 21:21:19  DEBUG     +919918590736    SUCCESS   Thanks for participating! 1 image submitted successfully.
Follow us on Instagram to increase your chances of winning.
2026-04-18 21:21:27  DEBUG     +916280158213    SUCCESS   Thanks for participating! 1 image submitted successfully.
Follow us on Instagram to increase your chances of winning.
2026-04-18 21:21:34  DEBUG     +916336106770    SUCCESS   Thanks for participating! 1 image submitted successfully.
Follow us on Instagram to increase your chances of winning.
2026-04-18 21:21:42  DEBUG     +917066961509    SUCCESS   Thanks for participating! 1 image submitted successfully.
Follow us on Instagram to increase your chances of winning.
2026-04-18 21:21:49  DEBUG     +916384121283    SUCCESS   Thanks for participating! 1 image submitted successfully.
Follow us on Instagram to increase your chances of winning.
2026-04-18 21:22:00  DEBUG     +916798328653    SUCCESS   Thanks for participating! 1 image submitted successfully.
Follow us on Instagram to increase your chances of winning.
2026-04-18 21:22:15  DEBUG     +916976964649    SUCCESS   Thanks for participating! 1 image submitted successfully.
Follow us on Instagram to increase your chances of winning.
2026-04-18 21:22:15  DEBUG     Batch 4/1000 — 10 pair(s)
2026-04-18 21:22:22  DEBUG     +919553429045    SUCCESS   Thanks for participating! 1 image submitted successfully.
Follow us on Instagram to increase your chances of winning.
2026-04-18 21:22:29  DEBUG     +916940038422    SUCCESS   Thanks for participating! 1 image submitted successfully.
Follow us on Instagram to increase your chances of winning.
2026-04-18 21:22:38  DEBUG     +917722245015    SUCCESS   Thanks for participating! 1 image submitted successfully.
Follow us on Instagram to increase your chances of winning.
2026-04-18 21:22:46  DEBUG     +918743875683    SUCCESS   Thanks for participating! 1 image submitted successfully.
Follow us on Instagram to increase your chances of winning.
2026-04-18 21:22:56  DEBUG     +918196085032    SUCCESS   Thanks for participating! 1 image submitted successfully.
Follow us on Instagram to increase your chances of winning.
2026-04-18 21:23:04  DEBUG     +919003824709    SUCCESS   Thanks for participating! 1 image submitted successfully.
Follow us on Instagram to increase your chances of winning.
2026-04-18 21:23:15  DEBUG     +919775093626    SUCCESS   Thanks for participating! 1 image submitted successfully.
Follow us on Instagram to increase your chances of winning.
2026-04-18 21:23:22  DEBUG     +919251826172    SUCCESS   Thanks for participating! 1 image submitted successfully.
Follow us on Instagram to increase your chances of winning.
2026-04-18 21:23:30  DEBUG     +918651105843    SUCCESS   Thanks for participating! 1 image submitted successfully.
Follow us on Instagram to increase your chances of winning.
2026-04-18 21:23:38  DEBUG     +918844677073    SUCCESS   Thanks for participating! 1 image submitted successfully.
Follow us on Instagram to increase your chances of winning.
2026-04-18 21:23:38  DEBUG     Batch 5/1000 — 10 pair(s)
2026-04-18 21:23:48  DEBUG     +919777856427    SUCCESS   Thanks for participating! 1 image submitted successfully.
Follow us on Instagram to increase your chances of winning.
2026-04-18 21:23:57  DEBUG     +916351950407    SUCCESS   Thanks for participating! 1 image submitted successfully.
Follow us on Instagram to increase your chances of winning.
2026-04-18 21:24:08  DEBUG     +916014362178    SUCCESS   Thanks for participating! 1 image submitted successfully.
Follow us on Instagram to increase your chances of winning.
2026-04-18 21:24:17  DEBUG     +916953371385    SUCCESS   Thanks for participating! 1 image submitted successfully.
Follow us on Instagram to increase your chances of winning.
2026-04-18 21:24:24  DEBUG     +917285885112    SUCCESS   Thanks for participating! 1 image submitted successfully.
Follow us on Instagram to increase your chances of winning.
2026-04-18 21:24:32  DEBUG     +917362100553    SUCCESS   Thanks for participating! 1 image submitted successfully.
Follow us on Instagram to increase your chances of winning.
2026-04-18 21:24:39  DEBUG     +916199702450    SUCCESS   Thanks for participating! 1 image submitted successfully.
Follow us on Instagram to increase your chances of winning.
2026-04-18 21:24:48  DEBUG     +916705862789    SUCCESS   Thanks for participating! 1 image submitted successfully.
Follow us on Instagram to increase your chances of winning.
2026-04-18 21:24:57  DEBUG     +918647672635    SUCCESS   Thanks for participating! 1 image submitted successfully.
Follow us on Instagram to increase your chances of winning.
2026-04-18 21:25:08  DEBUG     +916828928839    SUCCESS   Thanks for participating! 1 image submitted successfully.
Follow us on Instagram to increase your chances of winning.
2026-04-18 21:25:08  DEBUG     Batch 6/1000 — 10 pair(s)
2026-04-18 21:25:18  DEBUG     +919297106925    SUCCESS   Thanks for participating! 1 image submitted successfully.
Follow us on Instagram to increase your chances of winning.
2026-04-18 21:25:26  DEBUG     +917877249542    SUCCESS   Thanks for participating! 1 image submitted successfully.
Follow us on Instagram to increase your chances of winning.
2026-04-18 21:25:33  DEBUG     +916535535711    SUCCESS   Thanks for participating! 1 image submitted successfully.
Follow us on Instagram to increase your chances of winning.
2026-04-18 21:25:43  DEBUG     +916331627718    SUCCESS   Thanks for participating! 1 image submitted successfully.
Follow us on Instagram to increase your chances of winning.
2026-04-18 21:25:52  DEBUG     +919639742644    SUCCESS   Thanks for participating! 1 image submitted successfully.
Follow us on Instagram to increase your chances of winning.
2026-04-18 21:26:03  DEBUG     +916853938032    SUCCESS   Thanks for participating! 1 image submitted successfully.
Follow us on Instagram to increase your chances of winning.
2026-04-18 21:26:10  DEBUG     +919650375294    SUCCESS   Thanks for participating! 1 image submitted successfully.
Follow us on Instagram to increase your chances of winning.
2026-04-18 21:26:18  DEBUG     +916087013880    SUCCESS   Thanks for participating! 1 image submitted successfully.
Follow us on Instagram to increase your chances of winning.
2026-04-18 21:26:27  DEBUG     +919885563741    SUCCESS   Thanks for participating! 1 image submitted successfully.
Follow us on Instagram to increase your chances of winning.
2026-04-18 21:26:34  DEBUG     +918768184911    SUCCESS   Thanks for participating! 1 image submitted successfully.
Follow us on Instagram to increase your chances of winning.
2026-04-18 21:26:34  DEBUG     Batch 7/1000 — 10 pair(s)
2026-04-18 21:26:41  DEBUG     +919125916767    SUCCESS   Thanks for participating! 1 image submitted successfully.
Follow us on Instagram to increase your chances of winning.
2026-04-18 21:26:52  DEBUG     +917694637981    SUCCESS   Thanks for participating! 1 image submitted successfully.
Follow us on Instagram to increase your chances of winning.
2026-04-18 21:27:00  DEBUG     +917820753723    SUCCESS   Thanks for participating! 1 image submitted successfully.
Follow us on Instagram to increase your chances of winning.
2026-04-18 21:27:08  DEBUG     +917801422863    SUCCESS   Thanks for participating! 1 image submitted successfully.
Follow us on Instagram to increase your chances of winning.
2026-04-18 21:27:15  DEBUG     +918035874769    SUCCESS   Thanks for participating! 1 image submitted successfully.
Follow us on Instagram to increase your chances of winning.
2026-04-18 21:27:26  DEBUG     +918582303855    SUCCESS   Thanks for participating! 1 image submitted successfully.
Follow us on Instagram to increase your chances of winning.
2026-04-18 21:27:35  DEBUG     +917260985046    SUCCESS   Thanks for participating! 1 image submitted successfully.
Follow us on Instagram to increase your chances of winning.
2026-04-18 21:27:43  DEBUG     +916234028755    SUCCESS   Thanks for participating! 1 image submitted successfully.
Follow us on Instagram to increase your chances of winning.
2026-04-18 21:27:51  DEBUG     +919843483253    SUCCESS   Thanks for participating! 1 image submitted successfully.
Follow us on Instagram to increase your chances of winning.
2026-04-18 21:28:01  DEBUG     +919241266242    SUCCESS   Thanks for participating! 1 image submitted successfully.
Follow us on Instagram to increase your chances of winning.
2026-04-18 21:28:01  DEBUG     Batch 8/1000 — 10 pair(s)
2026-04-18 21:28:09  DEBUG     +917999786029    SUCCESS   Thanks for participating! 1 image submitted successfully.
Follow us on Instagram to increase your chances of winning.
2026-04-18 21:28:19  DEBUG     +919634497193    SUCCESS   Thanks for participating! 1 image submitted successfully.
Follow us on Instagram to increase your chances of winning.
2026-04-18 21:28:26  DEBUG     +919684875531    SUCCESS   Thanks for participating! 1 image submitted successfully.
Follow us on Instagram to increase your chances of winning.
2026-04-18 21:28:36  DEBUG     +917202646962    SUCCESS   Thanks for participating! 1 image submitted successfully.
Follow us on Instagram to increase your chances of winning.
2026-04-18 21:28:43  DEBUG     +918956511691    SUCCESS   Thanks for participating! 1 image submitted successfully.
Follow us on Instagram to increase your chances of winning.
2026-04-18 21:28:51  DEBUG     +919829748330    SUCCESS   Thanks for participating! 1 image submitted successfully.
Follow us on Instagram to increase your chances of winning.
2026-04-18 21:28:58  DEBUG     +919238347609    SUCCESS   Thanks for participating! 1 image submitted successfully.
Follow us on Instagram to increase your chances of winning.
2026-04-18 21:29:06  DEBUG     +916230325888    SUCCESS   Thanks for participating! 1 image submitted successfully.
Follow us on Instagram to increase your chances of winning.
2026-04-18 21:29:16  DEBUG     +917274056361    SUCCESS   Thanks for participating! 1 image submitted successfully.
Follow us on Instagram to increase your chances of winning.
2026-04-18 21:29:26  DEBUG     +919658732097    SUCCESS   Thanks for participating! 1 image submitted successfully.
Follow us on Instagram to increase your chances of winning.
2026-04-18 21:29:26  DEBUG     Batch 9/1000 — 10 pair(s)
2026-04-18 21:29:33  DEBUG     +917177571635    SUCCESS   Thanks for participating! 1 image submitted successfully.
Follow us on Instagram to increase your chances of winning.
2026-04-18 21:29:41  DEBUG     +919549378490    SUCCESS   Thanks for participating! 1 image submitted successfully.
Follow us on Instagram to increase your chances of winning.
2026-04-18 21:29:49  DEBUG     +916876814822    SUCCESS   Thanks for participating! 1 image submitted successfully.
Follow us on Instagram to increase your chances of winning.
2026-04-18 21:29:59  DEBUG     +917610416342    SUCCESS   Thanks for participating! 1 image submitted successfully.
Follow us on Instagram to increase your chances of winning.
2026-04-18 21:30:16  DEBUG     +916375830722    SUCCESS   Thanks for participating! 1 image submitted successfully.
Follow us on Instagram to increase your chances of winning.
2026-04-18 21:30:24  DEBUG     +917352093971    SUCCESS   Thanks for participating! 1 image submitted successfully.
Follow us on Instagram to increase your chances of winning.
2026-04-18 21:30:31  DEBUG     +917262093474    SUCCESS   Thanks for participating! 1 image submitted successfully.
Follow us on Instagram to increase your chances of winning.
2026-04-18 21:30:39  DEBUG     +919853846245    SUCCESS   Thanks for participating! 1 image submitted successfully.
Follow us on Instagram to increase your chances of winning.
2026-04-18 21:30:46  DEBUG     +917994667534    SUCCESS   Thanks for participating! 1 image submitted successfully.
Follow us on Instagram to increase your chances of winning.
2026-04-18 21:30:56  DEBUG     +916389184964    SUCCESS   Thanks for participating! 1 image submitted successfully.
Follow us on Instagram to increase your chances of winning.
2026-04-18 21:30:56  DEBUG     Batch 10/1000 — 10 pair(s)
2026-04-18 21:31:06  DEBUG     +916476323514    SUCCESS   Thanks for participating! 1 image submitted successfully.
Follow us on Instagram to increase your chances of winning.
2026-04-18 21:31:15  DEBUG     +916800495261    SUCCESS   Thanks for participating! 1 image submitted successfully.
Follow us on Instagram to increase your chances of winning.
2026-04-18 21:31:23  DEBUG     +917293782298    SUCCESS   Thanks for participating! 1 image submitted successfully.
Follow us on Instagram to increase your chances of winning.
2026-04-18 21:31:30  DEBUG     +918782576576    SUCCESS   Thanks for participating! 1 image submitted successfully.
Follow us on Instagram to increase your chances of winning.
2026-04-18 21:31:42  DEBUG     +916737831614    SUCCESS   Thanks for participating! 1 image submitted successfully.
Follow us on Instagram to increase your chances of winning.
2026-04-18 21:31:53  DEBUG     +917322140439    SUCCESS   Thanks for participating! 1 image submitted successfully.
Follow us on Instagram to increase your chances of winning.
2026-04-18 21:32:02  DEBUG     +917516464940    SUCCESS   Thanks for participating! 1 image submitted successfully.
Follow us on Instagram to increase your chances of winning.
2026-04-18 21:32:12  DEBUG     +917884019841    SUCCESS   Thanks for participating! 1 image submitted successfully.
Follow us on Instagram to increase your chances of winning.
2026-04-18 21:32:19  DEBUG     +917368576695    SUCCESS   Thanks for participating! 1 image submitted successfully.
Follow us on Instagram to increase your chances of winning.
2026-04-18 21:32:27  DEBUG     +916327301149    SUCCESS   Thanks for participating! 1 image submitted successfully.
Follow us on Instagram to increase your chances of winning.
2026-04-18 21:32:27  DEBUG     Batch 11/1000 — 10 pair(s)
2026-04-18 21:32:35  DEBUG     +916466652295    SUCCESS   Thanks for participating! 1 image submitted successfully.
Follow us on Instagram to increase your chances of winning.
2026-04-18 21:32:46  DEBUG     +919775975676    SUCCESS   Thanks for participating! 1 image submitted successfully.
Follow us on Instagram to increase your chances of winning.
2026-04-18 21:32:53  DEBUG     +916141800683    SUCCESS   Thanks for participating! 1 image submitted successfully.
Follow us on Instagram to increase your chances of winning.
2026-04-18 21:33:01  DEBUG     +918783533410    SUCCESS   Thanks for participating! 1 image submitted successfully.
Follow us on Instagram to increase your chances of winning.
2026-04-18 21:33:08  DEBUG     +918834236410    SUCCESS   Thanks for participating! 1 image submitted successfully.
Follow us on Instagram to increase your chances of winning.
2026-04-18 21:33:18  DEBUG     +916306714712    SUCCESS   Thanks for participating! 1 image submitted successfully.
Follow us on Instagram to increase your chances of winning.
2026-04-18 21:33:29  DEBUG     +916748727846    SUCCESS   Thanks for participating! 1 image submitted successfully.
Follow us on Instagram to increase your chances of winning.
2026-04-18 21:33:37  DEBUG     +916403910867    SUCCESS   Thanks for participating! 1 image submitted successfully.
Follow us on Instagram to increase your chances of winning.
2026-04-18 21:33:45  DEBUG     +918692773704    SUCCESS   Thanks for participating! 1 image submitted successfully.
Follow us on Instagram to increase your chances of winning.
2026-04-18 21:33:52  DEBUG     +918293965144    SUCCESS   Thanks for participating! 1 image submitted successfully.
Follow us on Instagram to increase your chances of winning.
2026-04-18 21:33:52  DEBUG     Batch 12/1000 — 10 pair(s)
2026-04-18 21:34:01  DEBUG     +919210448570    SUCCESS   Thanks for participating! 1 image submitted successfully.
Follow us on Instagram to increase your chances of winning.
2026-04-18 21:34:11  DEBUG     +917052551830    SUCCESS   Thanks for participating! 1 image submitted successfully.
Follow us on Instagram to increase your chances of winning.
2026-04-18 21:34:19  DEBUG     +919293348322    SUCCESS   Thanks for participating! 1 image submitted successfully.
Follow us on Instagram to increase your chances of winning.
2026-04-18 21:34:28  DEBUG     +918805941559    SUCCESS   Thanks for participating! 1 image submitted successfully.
Follow us on Instagram to increase your chances of winning.
2026-04-18 21:34:35  DEBUG     +919759971956    SUCCESS   Thanks for participating! 1 image submitted successfully.
Follow us on Instagram to increase your chances of winning.
2026-04-18 21:34:43  DEBUG     +917038859511    SUCCESS   Thanks for participating! 1 image submitted successfully.
Follow us on Instagram to increase your chances of winning.
2026-04-18 21:34:50  DEBUG     +916120942906    SUCCESS   Thanks for participating! 1 image submitted successfully.
Follow us on Instagram to increase your chances of winning.
2026-04-18 21:35:01  DEBUG     +917721419610    SUCCESS   Thanks for participating! 1 image submitted successfully.
Follow us on Instagram to increase your chances of winning.
2026-04-18 21:35:08  DEBUG     +916407724794    SUCCESS   Thanks for participating! 1 image submitted successfully.
Follow us on Instagram to increase your chances of winning.
2026-04-18 21:35:19  DEBUG     +918561776001    SUCCESS   Thanks for participating! 1 image submitted successfully.
Follow us on Instagram to increase your chances of winning.
2026-04-18 21:35:19  DEBUG     Batch 13/1000 — 10 pair(s)
2026-04-18 21:35:27  DEBUG     +918189573553    SUCCESS   Thanks for participating! 1 image submitted successfully.
Follow us on Instagram to increase your chances of winning.
2026-04-18 21:35:35  DEBUG     +917034292166    SUCCESS   Thanks for participating! 1 image submitted successfully.
Follow us on Instagram to increase your chances of winning.
2026-04-18 21:35:45  DEBUG     +918718207213    SUCCESS   Thanks for participating! 1 image submitted successfully.
Follow us on Instagram to increase your chances of winning.
2026-04-18 21:35:55  DEBUG     +918521396088    SUCCESS   Thanks for participating! 1 image submitted successfully.
Follow us on Instagram to increase your chances of winning.
2026-04-18 21:36:03  DEBUG     +918319851870    SUCCESS   Thanks for participating! 1 image submitted successfully.
Follow us on Instagram to increase your chances of winning.
2026-04-18 21:36:10  DEBUG     +919417912120    SUCCESS   Thanks for participating! 1 image submitted successfully.
Follow us on Instagram to increase your chances of winning.
2026-04-18 21:36:21  DEBUG     +918577516611    SUCCESS   Thanks for participating! 1 image submitted successfully.
Follow us on Instagram to increase your chances of winning.
2026-04-18 21:36:31  DEBUG     +916647845889    SUCCESS   Thanks for participating! 1 image submitted successfully.
Follow us on Instagram to increase your chances of winning.
2026-04-18 21:36:39  DEBUG     +916014129630    SUCCESS   Thanks for participating! 1 image submitted successfully.
Follow us on Instagram to increase your chances of winning.
2026-04-18 21:36:46  DEBUG     +919105401581    SUCCESS   Thanks for participating! 1 image submitted successfully.
Follow us on Instagram to increase your chances of winning.
2026-04-18 21:36:46  DEBUG     Batch 14/1000 — 10 pair(s)
2026-04-18 21:36:57  DEBUG     +918051236383    SUCCESS   Thanks for participating! 1 image submitted successfully.
Follow us on Instagram to increase your chances of winning.
2026-04-18 21:37:04  DEBUG     +917072198836    SUCCESS   Thanks for participating! 1 image submitted successfully.
Follow us on Instagram to increase your chances of winning.
2026-04-18 21:37:15  DEBUG     +917093841251    SUCCESS   Thanks for participating! 1 image submitted successfully.
Follow us on Instagram to increase your chances of winning.
2026-04-18 21:37:22  DEBUG     +917108710702    SUCCESS   Thanks for participating! 1 image submitted successfully.
Follow us on Instagram to increase your chances of winning.
2026-04-18 21:37:31  DEBUG     +917612201217    SUCCESS   Thanks for participating! 1 image submitted successfully.
Follow us on Instagram to increase your chances of winning.
2026-04-18 21:37:39  DEBUG     +919601457161    SUCCESS   Thanks for participating! 1 image submitted successfully.
Follow us on Instagram to increase your chances of winning.
2026-04-18 21:37:47  DEBUG     +916012367102    SUCCESS   Thanks for participating! 1 image submitted successfully.
Follow us on Instagram to increase your chances of winning.
2026-04-18 21:37:57  DEBUG     +919938796040    SUCCESS   Thanks for participating! 1 image submitted successfully.
Follow us on Instagram to increase your chances of winning.
2026-04-18 21:38:04  DEBUG     +916259217399    SUCCESS   Thanks for participating! 1 image submitted successfully.
Follow us on Instagram to increase your chances of winning.
2026-04-18 21:38:13  DEBUG     +918226141397    SUCCESS   Thanks for participating! 1 image submitted successfully.
Follow us on Instagram to increase your chances of winning.
2026-04-18 21:38:13  DEBUG     Batch 15/1000 — 10 pair(s)
2026-04-18 21:38:20  DEBUG     +919404668690    SUCCESS   Thanks for participating! 1 image submitted successfully.
Follow us on Instagram to increase your chances of winning.
2026-04-18 21:38:29  DEBUG     +916755869839    SUCCESS   Thanks for participating! 1 image submitted successfully.
Follow us on Instagram to increase your chances of winning.
2026-04-18 21:38:37  DEBUG     +916974089034    SUCCESS   Thanks for participating! 1 image submitted successfully.
Follow us on Instagram to increase your chances of winning.
2026-04-18 21:38:45  DEBUG     +916315423505    SUCCESS   Thanks for participating! 1 image submitted successfully.
Follow us on Instagram to increase your chances of winning.
2026-04-18 21:38:53  DEBUG     +919779206493    SUCCESS   Thanks for participating! 1 image submitted successfully.
Follow us on Instagram to increase your chances of winning.
2026-04-18 21:39:03  DEBUG     +919119144150    SUCCESS   Thanks for participating! 1 image submitted successfully.
Follow us on Instagram to increase your chances of winning.
2026-04-18 21:39:11  DEBUG     +917198888396    SUCCESS   Thanks for participating! 1 image submitted successfully.
Follow us on Instagram to increase your chances of winning.
2026-04-18 21:39:18  DEBUG     +917581481390    SUCCESS   Thanks for participating! 1 image submitted successfully.
Follow us on Instagram to increase your chances of winning.
2026-04-18 21:39:27  DEBUG     +918080806974    SUCCESS   Thanks for participating! 1 image submitted successfully.
Follow us on Instagram to increase your chances of winning.
2026-04-18 21:39:35  DEBUG     +919402739997    SUCCESS   Thanks for participating! 1 image submitted successfully.
Follow us on Instagram to increase your chances of winning.
2026-04-18 21:39:35  DEBUG     Batch 16/1000 — 10 pair(s)
2026-04-18 21:39:44  DEBUG     +917360162119    SUCCESS   Thanks for participating! 1 image submitted successfully.
Follow us on Instagram to increase your chances of winning.
2026-04-18 21:39:51  DEBUG     +919420974255    SUCCESS   Thanks for participating! 1 image submitted successfully.
Follow us on Instagram to increase your chances of winning.
2026-04-18 21:39:59  DEBUG     +917907248696    SUCCESS   Thanks for participating! 1 image submitted successfully.
Follow us on Instagram to increase your chances of winning.
2026-04-18 21:40:07  DEBUG     +919771846754    SUCCESS   Thanks for participating! 1 image submitted successfully.
Follow us on Instagram to increase your chances of winning.
2026-04-18 21:40:14  DEBUG     +918487032336    SUCCESS   Thanks for participating! 1 image submitted successfully.
Follow us on Instagram to increase your chances of winning.
2026-04-18 21:40:23  DEBUG     +918543364310    SUCCESS   Thanks for participating! 1 image submitted successfully.
Follow us on Instagram to increase your chances of winning.
2026-04-18 21:40:31  DEBUG     +918720590203    SUCCESS   Thanks for participating! 1 image submitted successfully.
Follow us on Instagram to increase your chances of winning.
2026-04-18 21:40:39  DEBUG     +919535060319    SUCCESS   Thanks for participating! 1 image submitted successfully.
Follow us on Instagram to increase your chances of winning.
2026-04-18 21:40:49  DEBUG     +918553601731    SUCCESS   Thanks for participating! 1 image submitted successfully.
Follow us on Instagram to increase your chances of winning.
2026-04-18 21:40:57  DEBUG     +919746585525    SUCCESS   Thanks for participating! 1 image submitted successfully.
Follow us on Instagram to increase your chances of winning.
2026-04-18 21:40:57  DEBUG     Batch 17/1000 — 10 pair(s)
2026-04-18 21:41:04  DEBUG     +916020216693    SUCCESS   Thanks for participating! 1 image submitted successfully.
Follow us on Instagram to increase your chances of winning.
2026-04-18 21:41:15  DEBUG     +918298819527    SUCCESS   Thanks for participating! 1 image submitted successfully.
Follow us on Instagram to increase your chances of winning.
2026-04-18 21:41:23  DEBUG     +916576920809    SUCCESS   Thanks for participating! 1 image submitted successfully.
Follow us on Instagram to increase your chances of winning.
2026-04-18 21:41:30  DEBUG     +916504834109    SUCCESS   Thanks for participating! 1 image submitted successfully.
Follow us on Instagram to increase your chances of winning.
2026-04-18 21:41:40  DEBUG     +916198860383    SUCCESS   Thanks for participating! 1 image submitted successfully.
Follow us on Instagram to increase your chances of winning.
2026-04-18 21:41:47  DEBUG     +916181120109    SUCCESS   Thanks for participating! 1 image submitted successfully.
Follow us on Instagram to increase your chances of winning.
2026-04-18 21:41:54  DEBUG     +919407819502    SUCCESS   Thanks for participating! 1 image submitted successfully.
Follow us on Instagram to increase your chances of winning.
2026-04-18 21:42:05  DEBUG     +916205830491    SUCCESS   Thanks for participating! 1 image submitted successfully.
Follow us on Instagram to increase your chances of winning.
2026-04-18 21:42:12  DEBUG     +917784303296    SUCCESS   Thanks for participating! 1 image submitted successfully.
Follow us on Instagram to increase your chances of winning.
2026-04-18 21:42:22  DEBUG     +918380248531    SUCCESS   Thanks for participating! 1 image submitted successfully.
Follow us on Instagram to increase your chances of winning.
2026-04-18 21:42:22  DEBUG     Batch 18/1000 — 10 pair(s)
2026-04-18 21:42:32  DEBUG     +916488639020    SUCCESS   Thanks for participating! 1 image submitted successfully.
Follow us on Instagram to increase your chances of winning.
2026-04-18 21:42:43  DEBUG     +918045224447    SUCCESS   Thanks for participating! 1 image submitted successfully.
Follow us on Instagram to increase your chances of winning.
2026-04-18 21:42:51  DEBUG     +916298914307    SUCCESS   Thanks for participating! 1 image submitted successfully.
Follow us on Instagram to increase your chances of winning.
2026-04-18 21:43:01  DEBUG     +918506869065    SUCCESS   Thanks for participating! 1 image submitted successfully.
Follow us on Instagram to increase your chances of winning.
2026-04-18 21:43:08  DEBUG     +917209780103    SUCCESS   Thanks for participating! 1 image submitted successfully.
Follow us on Instagram to increase your chances of winning.
2026-04-18 21:43:18  DEBUG     +917244843451    SUCCESS   Thanks for participating! 1 image submitted successfully.
Follow us on Instagram to increase your chances of winning.
2026-04-18 21:43:28  DEBUG     +916432274821    SUCCESS   Thanks for participating! 1 image submitted successfully.
Follow us on Instagram to increase your chances of winning.
2026-04-18 21:43:39  DEBUG     +919570725836    SUCCESS   Thanks for participating! 1 image submitted successfully.
Follow us on Instagram to increase your chances of winning.
2026-04-18 21:43:47  DEBUG     +916628209253    SUCCESS   Thanks for participating! 1 image submitted successfully.
Follow us on Instagram to increase your chances of winning.
2026-04-18 21:43:57  DEBUG     +916987252301    SUCCESS   Thanks for participating! 1 image submitted successfully.
Follow us on Instagram to increase your chances of winning.
2026-04-18 21:43:57  DEBUG     Batch 19/1000 — 10 pair(s)
2026-04-18 21:44:11  DEBUG     +916213442941    SUCCESS   Thanks for participating! 1 image submitted successfully.
Follow us on Instagram to increase your chances of winning.
2026-04-18 21:44:19  DEBUG     +916886652357    SUCCESS   Thanks for participating! 1 image submitted successfully.
Follow us on Instagram to increase your chances of winning.
2026-04-18 21:44:27  DEBUG     +917864092604    SUCCESS   Thanks for participating! 1 image submitted successfully.
Follow us on Instagram to increase your chances of winning.
2026-04-18 21:44:35  DEBUG     +919038188285    SUCCESS   Thanks for participating! 1 image submitted successfully.
Follow us on Instagram to increase your chances of winning.
2026-04-18 21:44:43  DEBUG     +916866330786    SUCCESS   Thanks for participating! 1 image submitted successfully.
Follow us on Instagram to increase your chances of winning.
2026-04-18 21:44:50  DEBUG     +919366194697    SUCCESS   Thanks for participating! 1 image submitted successfully.
Follow us on Instagram to increase your chances of winning.
2026-04-18 21:45:00  DEBUG     +919428571478    SUCCESS   Thanks for participating! 1 image submitted successfully.
Follow us on Instagram to increase your chances of winning.
2026-04-18 21:45:11  DEBUG     +917604273763    SUCCESS   Thanks for participating! 1 image submitted successfully.
Follow us on Instagram to increase your chances of winning.
2026-04-18 21:45:19  DEBUG     +919024175241    SUCCESS   Thanks for participating! 1 image submitted successfully.
Follow us on Instagram to increase your chances of winning.
2026-04-18 21:45:29  DEBUG     +919703744606    SUCCESS   Thanks for participating! 1 image submitted successfully.
Follow us on Instagram to increase your chances of winning.
2026-04-18 21:45:29  DEBUG     Batch 20/1000 — 10 pair(s)
2026-04-18 21:45:36  DEBUG     +919567691796    SUCCESS   Thanks for participating! 1 image submitted successfully.
Follow us on Instagram to increase your chances of winning.
2026-04-18 21:45:45  DEBUG     +916189732954    SUCCESS   Thanks for participating! 1 image submitted successfully.
Follow us on Instagram to increase your chances of winning.
2026-04-18 21:45:52  DEBUG     +917012246998    SUCCESS   Thanks for participating! 1 image submitted successfully.
Follow us on Instagram to increase your chances of winning.
2026-04-18 21:46:01  DEBUG     +917241423444    SUCCESS   Thanks for participating! 1 image submitted successfully.
Follow us on Instagram to increase your chances of winning.
2026-04-18 21:46:09  DEBUG     +917241476428    SUCCESS   Thanks for participating! 1 image submitted successfully.
Follow us on Instagram to increase your chances of winning.
2026-04-18 21:46:17  DEBUG     +917206955765    SUCCESS   Thanks for participating! 1 image submitted successfully.
Follow us on Instagram to increase your chances of winning.
2026-04-18 21:46:25  DEBUG     +916086911024    SUCCESS   Thanks for participating! 1 image submitted successfully.
Follow us on Instagram to increase your chances of winning.
2026-04-18 21:46:35  DEBUG     +918269545574    SUCCESS   Thanks for participating! 1 image submitted successfully.
Follow us on Instagram to increase your chances of winning.
2026-04-18 21:46:43  DEBUG     +918940937018    SUCCESS   Thanks for participating! 1 image submitted successfully.
Follow us on Instagram to increase your chances of winning.
2026-04-18 21:46:51  DEBUG     +918318075133    SUCCESS   Thanks for participating! 1 image submitted successfully.
Follow us on Instagram to increase your chances of winning.
2026-04-18 21:46:51  DEBUG     Batch 21/1000 — 10 pair(s)
2026-04-18 21:46:59  DEBUG     +918227757622    SUCCESS   Thanks for participating! 1 image submitted successfully.
Follow us on Instagram to increase your chances of winning.
2026-04-18 21:47:07  DEBUG     +918913877381    SUCCESS   Thanks for participating! 1 image submitted successfully.
Follow us on Instagram to increase your chances of winning.
2026-04-18 21:47:14  DEBUG     +919673098233    SUCCESS   Thanks for participating! 1 image submitted successfully.
Follow us on Instagram to increase your chances of winning.
2026-04-18 21:47:22  DEBUG     +917200029044    SUCCESS   Thanks for participating! 1 image submitted successfully.
Follow us on Instagram to increase your chances of winning.
2026-04-18 21:47:32  DEBUG     +916153510614    SUCCESS   Thanks for participating! 1 image submitted successfully.
Follow us on Instagram to increase your chances of winning.
2026-04-18 21:47:42  DEBUG     +917121017498    SUCCESS   Thanks for participating! 1 image submitted successfully.
Follow us on Instagram to increase your chances of winning.
2026-04-18 21:47:52  DEBUG     +918291968875    SUCCESS   Thanks for participating! 1 image submitted successfully.
Follow us on Instagram to increase your chances of winning.
2026-04-18 21:48:02  DEBUG     +916542169440    SUCCESS   Thanks for participating! 1 image submitted successfully.
Follow us on Instagram to increase your chances of winning.
2026-04-18 21:48:09  DEBUG     +918120512637    SUCCESS   Thanks for participating! 1 image submitted successfully.
Follow us on Instagram to increase your chances of winning.
2026-04-18 21:48:16  DEBUG     +917985640120    SUCCESS   Thanks for participating! 1 image submitted successfully.
Follow us on Instagram to increase your chances of winning.
2026-04-18 21:48:16  DEBUG     Batch 22/1000 — 10 pair(s)
2026-04-18 21:48:27  DEBUG     +918443240985    SUCCESS   Thanks for participating! 1 image submitted successfully.
Follow us on Instagram to increase your chances of winning.
2026-04-18 21:48:34  DEBUG     +916291094617    SUCCESS   Thanks for participating! 1 image submitted successfully.
Follow us on Instagram to increase your chances of winning.
2026-04-18 21:48:44  DEBUG     +916457557731    SUCCESS   Thanks for participating! 1 image submitted successfully.
Follow us on Instagram to increase your chances of winning.
2026-04-18 21:48:54  DEBUG     +916326769658    SUCCESS   Thanks for participating! 1 image submitted successfully.
Follow us on Instagram to increase your chances of winning.
2026-04-18 21:49:03  DEBUG     +918061130817    SUCCESS   Thanks for participating! 1 image submitted successfully.
Follow us on Instagram to increase your chances of winning.
2026-04-18 21:49:10  DEBUG     +917122513619    SUCCESS   Thanks for participating! 1 image submitted successfully.
Follow us on Instagram to increase your chances of winning.
2026-04-18 21:49:20  DEBUG     +917738666250    SUCCESS   Thanks for participating! 1 image submitted successfully.
Follow us on Instagram to increase your chances of winning.
2026-04-18 21:49:31  DEBUG     +917521857885    SUCCESS   Thanks for participating! 1 image submitted successfully.
Follow us on Instagram to increase your chances of winning.
2026-04-18 21:49:39  DEBUG     +917647574941    SUCCESS   Thanks for participating! 1 image submitted successfully.
Follow us on Instagram to increase your chances of winning.
2026-04-18 21:49:46  DEBUG     +919375249756    SUCCESS   Thanks for participating! 1 image submitted successfully.
Follow us on Instagram to increase your chances of winning.
2026-04-18 21:49:46  DEBUG     Batch 23/1000 — 10 pair(s)
2026-04-18 21:49:56  DEBUG     +916643902184    SUCCESS   Thanks for participating! 1 image submitted successfully.
Follow us on Instagram to increase your chances of winning.
2026-04-18 21:50:06  DEBUG     +918364019220    SUCCESS   Thanks for participating! 1 image submitted successfully.
Follow us on Instagram to increase your chances of winning.
2026-04-18 21:50:16  DEBUG     +917822332763    SUCCESS   Thanks for participating! 1 image submitted successfully.
Follow us on Instagram to increase your chances of winning.
2026-04-18 21:50:27  DEBUG     +916723923703    SUCCESS   Thanks for participating! 1 image submitted successfully.
Follow us on Instagram to increase your chances of winning.
2026-04-18 21:50:35  DEBUG     +919778033750    SUCCESS   Thanks for participating! 1 image submitted successfully.
Follow us on Instagram to increase your chances of winning.
2026-04-18 21:50:43  DEBUG     +917896706070    SUCCESS   Thanks for participating! 1 image submitted successfully.
Follow us on Instagram to increase your chances of winning.
2026-04-18 21:50:51  DEBUG     +916474803504    SUCCESS   Thanks for participating! 1 image submitted successfully.
Follow us on Instagram to increase your chances of winning.
2026-04-18 21:51:01  DEBUG     +917746180864    SUCCESS   Thanks for participating! 1 image submitted successfully.
Follow us on Instagram to increase your chances of winning.
2026-04-18 21:51:11  DEBUG     +917616538255    SUCCESS   Thanks for participating! 1 image submitted successfully.
Follow us on Instagram to increase your chances of winning.
2026-04-18 21:51:18  DEBUG     +917531218508    SUCCESS   Thanks for participating! 1 image submitted successfully.
Follow us on Instagram to increase your chances of winning.
2026-04-18 21:51:18  DEBUG     Batch 24/1000 — 10 pair(s)
2026-04-18 21:51:29  DEBUG     +919338683489    SUCCESS   Thanks for participating! 1 image submitted successfully.
Follow us on Instagram to increase your chances of winning.
2026-04-18 21:51:36  DEBUG     +918307092303    SUCCESS   Thanks for participating! 1 image submitted successfully.
Follow us on Instagram to increase your chances of winning.
2026-04-18 21:51:47  DEBUG     +916164476706    SUCCESS   Thanks for participating! 1 image submitted successfully.
Follow us on Instagram to increase your chances of winning.
2026-04-18 21:51:55  DEBUG     +918304070421    SUCCESS   Thanks for participating! 1 image submitted successfully.
Follow us on Instagram to increase your chances of winning.
2026-04-18 21:52:03  DEBUG     +919060807116    SUCCESS   Thanks for participating! 1 image submitted successfully.
Follow us on Instagram to increase your chances of winning.
2026-04-18 21:52:10  DEBUG     +919496220641    SUCCESS   Thanks for participating! 1 image submitted successfully.
Follow us on Instagram to increase your chances of winning.
2026-04-18 21:52:25  DEBUG     +916524074598    SUCCESS   Thanks for participating! 1 image submitted successfully.
Follow us on Instagram to increase your chances of winning.
2026-04-18 21:52:41  DEBUG     +916376313377    SUCCESS   Thanks for participating! 1 image submitted successfully.
Follow us on Instagram to increase your chances of winning.
2026-04-18 21:52:49  DEBUG     +916583127611    SUCCESS   Thanks for participating! 1 image submitted successfully.
Follow us on Instagram to increase your chances of winning.
2026-04-18 21:52:56  DEBUG     +917475485450    SUCCESS   Thanks for participating! 1 image submitted successfully.
Follow us on Instagram to increase your chances of winning.
2026-04-18 21:52:56  DEBUG     Batch 25/1000 — 10 pair(s)
2026-04-18 21:53:07  DEBUG     +918096580852    SUCCESS   Thanks for participating! 1 image submitted successfully.
Follow us on Instagram to increase your chances of winning.
2026-04-18 21:53:15  DEBUG     +919289792378    SUCCESS   Thanks for participating! 1 image submitted successfully.
Follow us on Instagram to increase your chances of winning.
2026-04-18 21:53:23  DEBUG     +916504939972    SUCCESS   Thanks for participating! 1 image submitted successfully.
Follow us on Instagram to increase your chances of winning.
2026-04-18 21:53:31  DEBUG     +918578411245    SUCCESS   Thanks for participating! 1 image submitted successfully.
Follow us on Instagram to increase your chances of winning.
2026-04-18 21:53:41  DEBUG     +918002703106    SUCCESS   Thanks for participating! 1 image submitted successfully.
Follow us on Instagram to increase your chances of winning.
2026-04-18 21:53:49  DEBUG     +916181633699    SUCCESS   Thanks for participating! 1 image submitted successfully.
Follow us on Instagram to increase your chances of winning.
2026-04-18 21:53:56  DEBUG     +917884456449    SUCCESS   Thanks for participating! 1 image submitted successfully.
Follow us on Instagram to increase your chances of winning.
2026-04-18 21:54:08  DEBUG     +917088573299    SUCCESS   Thanks for participating! 1 image submitted successfully.
Follow us on Instagram to increase your chances of winning.
2026-04-18 21:54:18  DEBUG     +917735525064    SUCCESS   Thanks for participating! 1 image submitted successfully.
Follow us on Instagram to increase your chances of winning.
2026-04-18 21:54:28  DEBUG     +917585352332    SUCCESS   Thanks for participating! 1 image submitted successfully.
Follow us on Instagram to increase your chances of winning.
2026-04-18 21:54:28  DEBUG     Batch 26/1000 — 10 pair(s)
2026-04-18 21:54:36  DEBUG     +919541584212    SUCCESS   Thanks for participating! 1 image submitted successfully.
Follow us on Instagram to increase your chances of winning.
2026-04-18 21:54:46  DEBUG     +918031813515    SUCCESS   Thanks for participating! 1 image submitted successfully.
Follow us on Instagram to increase your chances of winning.
2026-04-18 21:54:53  DEBUG     +918342410977    SUCCESS   Thanks for participating! 1 image submitted successfully.
Follow us on Instagram to increase your chances of winning.
2026-04-18 21:55:00  DEBUG     +916497630848    SUCCESS   Thanks for participating! 1 image submitted successfully.
Follow us on Instagram to increase your chances of winning.
2026-04-18 21:55:11  DEBUG     +919471021730    SUCCESS   Thanks for participating! 1 image submitted successfully.
Follow us on Instagram to increase your chances of winning.
2026-04-18 21:55:18  DEBUG     +917044596602    SUCCESS   Thanks for participating! 1 image submitted successfully.
Follow us on Instagram to increase your chances of winning.
2026-04-18 21:55:28  DEBUG     +919091059961    SUCCESS   Thanks for participating! 1 image submitted successfully.
Follow us on Instagram to increase your chances of winning.
2026-04-18 21:55:35  DEBUG     +917303155786    SUCCESS   Thanks for participating! 1 image submitted successfully.
Follow us on Instagram to increase your chances of winning.
2026-04-18 21:55:42  DEBUG     +916084589876    SUCCESS   Thanks for participating! 1 image submitted successfully.
Follow us on Instagram to increase your chances of winning.
2026-04-18 21:55:50  DEBUG     +917895079241    SUCCESS   Thanks for participating! 1 image submitted successfully.
Follow us on Instagram to increase your chances of winning.
2026-04-18 21:55:50  DEBUG     Batch 27/1000 — 10 pair(s)
2026-04-18 21:55:59  DEBUG     +919357356446    SUCCESS   Thanks for participating! 1 image submitted successfully.
Follow us on Instagram to increase your chances of winning.
2026-04-18 21:56:07  DEBUG     +916398901764    SUCCESS   Thanks for participating! 1 image submitted successfully.
Follow us on Instagram to increase your chances of winning.
2026-04-18 21:56:14  DEBUG     +919218235397    SUCCESS   Thanks for participating! 1 image submitted successfully.
Follow us on Instagram to increase your chances of winning.
2026-04-18 21:56:24  DEBUG     +916447488735    SUCCESS   Thanks for participating! 1 image submitted successfully.
Follow us on Instagram to increase your chances of winning.
2026-04-18 21:56:34  DEBUG     +916097110144    SUCCESS   Thanks for participating! 1 image submitted successfully.
Follow us on Instagram to increase your chances of winning.
2026-04-18 21:56:45  DEBUG     +916710774928    SUCCESS   Thanks for participating! 1 image submitted successfully.
Follow us on Instagram to increase your chances of winning.
2026-04-18 21:56:55  DEBUG     +919046264686    SUCCESS   Thanks for participating! 1 image submitted successfully.
Follow us on Instagram to increase your chances of winning.
2026-04-18 21:57:03  DEBUG     +919132347363    SUCCESS   Thanks for participating! 1 image submitted successfully.
Follow us on Instagram to increase your chances of winning.
2026-04-18 21:57:11  DEBUG     +917582344864    SUCCESS   Thanks for participating! 1 image submitted successfully.
Follow us on Instagram to increase your chances of winning.
2026-04-18 21:57:18  DEBUG     +919870642028    SUCCESS   Thanks for participating! 1 image submitted successfully.
Follow us on Instagram to increase your chances of winning.
2026-04-18 21:57:18  DEBUG     Batch 28/1000 — 10 pair(s)
2026-04-18 21:57:28  DEBUG     +918211502274    SUCCESS   Thanks for participating! 1 image submitted successfully.
Follow us on Instagram to increase your chances of winning.
2026-04-18 21:57:43  DEBUG     +918509012455    SUCCESS   Thanks for participating! 1 image submitted successfully.
Follow us on Instagram to increase your chances of winning.
2026-04-18 21:57:51  DEBUG     +919946640639    SUCCESS   Thanks for participating! 1 image submitted successfully.
Follow us on Instagram to increase your chances of winning.
2026-04-18 21:57:59  DEBUG     +916100542187    SUCCESS   Thanks for participating! 1 image submitted successfully.
Follow us on Instagram to increase your chances of winning.
2026-04-18 21:58:08  DEBUG     +918963580539    SUCCESS   Thanks for participating! 1 image submitted successfully.
Follow us on Instagram to increase your chances of winning.
2026-04-18 21:58:18  DEBUG     +919911363595    SUCCESS   Thanks for participating! 1 image submitted successfully.
Follow us on Instagram to increase your chances of winning.
2026-04-18 21:58:28  DEBUG     +918243476517    SUCCESS   Thanks for participating! 1 image submitted successfully.
Follow us on Instagram to increase your chances of winning.
2026-04-18 21:58:36  DEBUG     +918120272236    SUCCESS   Thanks for participating! 1 image submitted successfully.
Follow us on Instagram to increase your chances of winning.
2026-04-18 21:58:44  DEBUG     +916002805210    SUCCESS   Thanks for participating! 1 image submitted successfully.
Follow us on Instagram to increase your chances of winning.
2026-04-18 21:58:51  DEBUG     +918909913731    SUCCESS   Thanks for participating! 1 image submitted successfully.
Follow us on Instagram to increase your chances of winning.
2026-04-18 21:58:51  DEBUG     Batch 29/1000 — 10 pair(s)
2026-04-18 21:58:59  DEBUG     +917878436031    SUCCESS   Thanks for participating! 1 image submitted successfully.
Follow us on Instagram to increase your chances of winning.
2026-04-18 21:59:09  DEBUG     +917817411718    SUCCESS   Thanks for participating! 1 image submitted successfully.
Follow us on Instagram to increase your chances of winning.
2026-04-18 21:59:17  DEBUG     +918732630544    SUCCESS   Thanks for participating! 1 image submitted successfully.
Follow us on Instagram to increase your chances of winning.
2026-04-18 21:59:27  DEBUG     +919597060715    SUCCESS   Thanks for participating! 1 image submitted successfully.
Follow us on Instagram to increase your chances of winning.
2026-04-18 21:59:35  DEBUG     +917621237067    SUCCESS   Thanks for participating! 1 image submitted successfully.
Follow us on Instagram to increase your chances of winning.
2026-04-18 21:59:43  DEBUG     +916154888452    SUCCESS   Thanks for participating! 1 image submitted successfully.
Follow us on Instagram to increase your chances of winning.
2026-04-18 21:59:52  DEBUG     +919952096440    SUCCESS   Thanks for participating! 1 image submitted successfully.
Follow us on Instagram to increase your chances of winning.
2026-04-18 22:00:02  DEBUG     +918147514959    SUCCESS   Thanks for participating! 1 image submitted successfully.
Follow us on Instagram to increase your chances of winning.
2026-04-18 22:00:12  DEBUG     +919774531072    SUCCESS   Thanks for participating! 1 image submitted successfully.
Follow us on Instagram to increase your chances of winning.
2026-04-18 22:00:21  DEBUG     +916716074530    SUCCESS   Thanks for participating! 1 image submitted successfully.
Follow us on Instagram to increase your chances of winning.
2026-04-18 22:00:21  DEBUG     Batch 30/1000 — 10 pair(s)
2026-04-18 22:00:29  DEBUG     +916498293681    SUCCESS   Thanks for participating! 1 image submitted successfully.
Follow us on Instagram to increase your chances of winning.
2026-04-18 22:00:38  DEBUG     +917086579888    SUCCESS   Thanks for participating! 1 image submitted successfully.
Follow us on Instagram to increase your chances of winning.
2026-04-18 22:00:45  DEBUG     +918460445614    SUCCESS   Thanks for participating! 1 image submitted successfully.
Follow us on Instagram to increase your chances of winning.
2026-04-18 22:00:53  DEBUG     +918230684648    SUCCESS   Thanks for participating! 1 image submitted successfully.
Follow us on Instagram to increase your chances of winning.
2026-04-18 22:01:00  DEBUG     +917632953028    SUCCESS   Thanks for participating! 1 image submitted successfully.
Follow us on Instagram to increase your chances of winning.
2026-04-18 22:01:11  DEBUG     +917308437904    SUCCESS   Thanks for participating! 1 image submitted successfully.
Follow us on Instagram to increase your chances of winning.
2026-04-18 22:01:19  DEBUG     +916792481531    SUCCESS   Thanks for participating! 1 image submitted successfully.
Follow us on Instagram to increase your chances of winning.
2026-04-18 22:01:29  DEBUG     +918433977893    SUCCESS   Thanks for participating! 1 image submitted successfully.
Follow us on Instagram to increase your chances of winning.
2026-04-18 22:01:37  DEBUG     +919358658719    SUCCESS   Thanks for participating! 1 image submitted successfully.
Follow us on Instagram to increase your chances of winning.
2026-04-18 22:01:44  DEBUG     +918792847254    SUCCESS   Thanks for participating! 1 image submitted successfully.
Follow us on Instagram to increase your chances of winning.
2026-04-18 22:01:44  DEBUG     Batch 31/1000 — 10 pair(s)
2026-04-18 22:01:54  DEBUG     +916819079687    SUCCESS   Thanks for participating! 1 image submitted successfully.
Follow us on Instagram to increase your chances of winning.
2026-04-18 22:02:05  DEBUG     +918190429506    SUCCESS   Thanks for participating! 1 image submitted successfully.
Follow us on Instagram to increase your chances of winning.
2026-04-18 22:02:13  DEBUG     +918791986584    SUCCESS   Thanks for participating! 1 image submitted successfully.
Follow us on Instagram to increase your chances of winning.
2026-04-18 22:02:20  DEBUG     +918747929520    SUCCESS   Thanks for participating! 1 image submitted successfully.
Follow us on Instagram to increase your chances of winning.
2026-04-18 22:02:28  DEBUG     +916844435156    SUCCESS   Thanks for participating! 1 image submitted successfully.
Follow us on Instagram to increase your chances of winning.
2026-04-18 22:02:36  DEBUG     +916753488284    SUCCESS   Thanks for participating! 1 image submitted successfully.
Follow us on Instagram to increase your chances of winning.
2026-04-18 22:02:43  DEBUG     +917076973831    SUCCESS   Thanks for participating! 1 image submitted successfully.
Follow us on Instagram to increase your chances of winning.
2026-04-18 22:02:51  DEBUG     +917874853255    SUCCESS   Thanks for participating! 1 image submitted successfully.
Follow us on Instagram to increase your chances of winning.
2026-04-18 22:02:58  DEBUG     +916507423186    SUCCESS   Thanks for participating! 1 image submitted successfully.
Follow us on Instagram to increase your chances of winning.
2026-04-18 22:03:07  DEBUG     +916364016368    SUCCESS   Thanks for participating! 1 image submitted successfully.
Follow us on Instagram to increase your chances of winning.
2026-04-18 22:03:07  DEBUG     Batch 32/1000 — 10 pair(s)
2026-04-18 22:03:16  DEBUG     +916390903834    SUCCESS   Thanks for participating! 1 image submitted successfully.
Follow us on Instagram to increase your chances of winning.
2026-04-18 22:03:27  DEBUG     +919453390716    SUCCESS   Thanks for participating! 1 image submitted successfully.
Follow us on Instagram to increase your chances of winning.
2026-04-18 22:03:35  DEBUG     +918218179248    SUCCESS   Thanks for participating! 1 image submitted successfully.
Follow us on Instagram to increase your chances of winning.
2026-04-18 22:03:45  DEBUG     +916414165360    SUCCESS   Thanks for participating! 1 image submitted successfully.
Follow us on Instagram to increase your chances of winning.
2026-04-18 22:03:53  DEBUG     +916573699342    SUCCESS   Thanks for participating! 1 image submitted successfully.
Follow us on Instagram to increase your chances of winning.
2026-04-18 22:04:00  DEBUG     +919696293033    SUCCESS   Thanks for participating! 1 image submitted successfully.
Follow us on Instagram to increase your chances of winning.
2026-04-18 22:04:10  DEBUG     +917713064255    SUCCESS   Thanks for participating! 1 image submitted successfully.
Follow us on Instagram to increase your chances of winning.
2026-04-18 22:04:21  DEBUG     +916685189987    SUCCESS   Thanks for participating! 1 image submitted successfully.
Follow us on Instagram to increase your chances of winning.
2026-04-18 22:04:28  DEBUG     +917335170939    SUCCESS   Thanks for participating! 1 image submitted successfully.
Follow us on Instagram to increase your chances of winning.
2026-04-18 22:04:39  DEBUG     +917724131228    SUCCESS   Thanks for participating! 1 image submitted successfully.
Follow us on Instagram to increase your chances of winning.
2026-04-18 22:04:39  DEBUG     Batch 33/1000 — 10 pair(s)
2026-04-18 22:04:47  DEBUG     +916007344077    SUCCESS   Thanks for participating! 1 image submitted successfully.
Follow us on Instagram to increase your chances of winning.
2026-04-18 22:04:57  DEBUG     +919672868936    SUCCESS   Thanks for participating! 1 image submitted successfully.
Follow us on Instagram to increase your chances of winning.
2026-04-18 22:05:05  DEBUG     +919829108267    SUCCESS   Thanks for participating! 1 image submitted successfully.
Follow us on Instagram to increase your chances of winning.
2026-04-18 22:05:12  DEBUG     +917001900660    SUCCESS   Thanks for participating! 1 image submitted successfully.
Follow us on Instagram to increase your chances of winning.
2026-04-18 22:05:23  DEBUG     +917999689411    SUCCESS   Thanks for participating! 1 image submitted successfully.
Follow us on Instagram to increase your chances of winning.
2026-04-18 22:05:31  DEBUG     +918306673852    SUCCESS   Thanks for participating! 1 image submitted successfully.
Follow us on Instagram to increase your chances of winning.
2026-04-18 22:05:40  DEBUG     +916058138553    SUCCESS   Thanks for participating! 1 image submitted successfully.
Follow us on Instagram to increase your chances of winning.
2026-04-18 22:05:50  DEBUG     +917209829874    SUCCESS   Thanks for participating! 1 image submitted successfully.
Follow us on Instagram to increase your chances of winning.
2026-04-18 22:05:58  DEBUG     +918459521800    SUCCESS   Thanks for participating! 1 image submitted successfully.
Follow us on Instagram to increase your chances of winning.
2026-04-18 22:06:08  DEBUG     +917931602753    SUCCESS   Thanks for participating! 1 image submitted successfully.
Follow us on Instagram to increase your chances of winning.
2026-04-18 22:06:08  DEBUG     Batch 34/1000 — 10 pair(s)
2026-04-18 22:06:18  DEBUG     +916387599020    SUCCESS   Thanks for participating! 1 image submitted successfully.
Follow us on Instagram to increase your chances of winning.
2026-04-18 22:06:28  DEBUG     +917989531265    SUCCESS   Thanks for participating! 1 image submitted successfully.
Follow us on Instagram to increase your chances of winning.
2026-04-18 22:06:38  DEBUG     +916442488181    SUCCESS   Thanks for participating! 1 image submitted successfully.
Follow us on Instagram to increase your chances of winning.
2026-04-18 22:06:49  DEBUG     +918967315904    SUCCESS   Thanks for participating! 1 image submitted successfully.
Follow us on Instagram to increase your chances of winning.
2026-04-18 22:06:56  DEBUG     +917225199835    SUCCESS   Thanks for participating! 1 image submitted successfully.
Follow us on Instagram to increase your chances of winning.
2026-04-18 22:07:04  DEBUG     +919949258796    SUCCESS   Thanks for participating! 1 image submitted successfully.
Follow us on Instagram to increase your chances of winning.
2026-04-18 22:07:15  DEBUG     +916667429464    SUCCESS   Thanks for participating! 1 image submitted successfully.
Follow us on Instagram to increase your chances of winning.
2026-04-18 22:07:24  DEBUG     +918144739435    SUCCESS   Thanks for participating! 1 image submitted successfully.
Follow us on Instagram to increase your chances of winning.
2026-04-18 22:07:35  DEBUG     +919930827985    SUCCESS   Thanks for participating! 1 image submitted successfully.
Follow us on Instagram to increase your chances of winning.
2026-04-18 22:07:45  DEBUG     +919247361270    SUCCESS   Thanks for participating! 1 image submitted successfully.
Follow us on Instagram to increase your chances of winning.
2026-04-18 22:07:45  DEBUG     Batch 35/1000 — 10 pair(s)
2026-04-18 22:07:56  DEBUG     +917246514355    SUCCESS   Thanks for participating! 1 image submitted successfully.
Follow us on Instagram to increase your chances of winning.
2026-04-18 22:08:07  DEBUG     +917414555058    SUCCESS   Thanks for participating! 1 image submitted successfully.
Follow us on Instagram to increase your chances of winning.
2026-04-18 22:08:22  DEBUG     +917665441421    SUCCESS   Thanks for participating! 1 image submitted successfully.
Follow us on Instagram to increase your chances of winning.
2026-04-18 22:08:33  DEBUG     +916196092256    SUCCESS   Thanks for participating! 1 image submitted successfully.
Follow us on Instagram to increase your chances of winning.
2026-04-18 22:08:40  DEBUG     +917008944713    SUCCESS   Thanks for participating! 1 image submitted successfully.
Follow us on Instagram to increase your chances of winning.
2026-04-18 22:08:51  DEBUG     +917336719571    SUCCESS   Thanks for participating! 1 image submitted successfully.
Follow us on Instagram to increase your chances of winning.
2026-04-18 22:09:01  DEBUG     +919372803471    SUCCESS   Thanks for participating! 1 image submitted successfully.
Follow us on Instagram to increase your chances of winning.
2026-04-18 22:09:09  DEBUG     +917375450012    SUCCESS   Thanks for participating! 1 image submitted successfully.
Follow us on Instagram to increase your chances of winning.
2026-04-18 22:09:19  DEBUG     +917271335404    SUCCESS   Thanks for participating! 1 image submitted successfully.
Follow us on Instagram to increase your chances of winning.
2026-04-18 22:09:26  DEBUG     +918511847918    SUCCESS   Thanks for participating! 1 image submitted successfully.
Follow us on Instagram to increase your chances of winning.
2026-04-18 22:09:26  DEBUG     Batch 36/1000 — 10 pair(s)
2026-04-18 22:09:36  DEBUG     +918903519087    SUCCESS   Thanks for participating! 1 image submitted successfully.
Follow us on Instagram to increase your chances of winning.
2026-04-18 22:09:46  DEBUG     +917243235207    SUCCESS   Thanks for participating! 1 image submitted successfully.
Follow us on Instagram to increase your chances of winning.
2026-04-18 22:09:57  DEBUG     +917618506449    SUCCESS   Thanks for participating! 1 image submitted successfully.
Follow us on Instagram to increase your chances of winning.
2026-04-18 22:10:05  DEBUG     +918482020094    SUCCESS   Thanks for participating! 1 image submitted successfully.
Follow us on Instagram to increase your chances of winning.
2026-04-18 22:10:13  DEBUG     +917231679973    SUCCESS   Thanks for participating! 1 image submitted successfully.
Follow us on Instagram to increase your chances of winning.
2026-04-18 22:10:21  DEBUG     +917508232118    SUCCESS   Thanks for participating! 1 image submitted successfully.
Follow us on Instagram to increase your chances of winning.
2026-04-18 22:10:29  DEBUG     +919329931410    SUCCESS   Thanks for participating! 1 image submitted successfully.
Follow us on Instagram to increase your chances of winning.
2026-04-18 22:10:39  DEBUG     +918176280967    SUCCESS   Thanks for participating! 1 image submitted successfully.
Follow us on Instagram to increase your chances of winning.
2026-04-18 22:10:46  DEBUG     +918815920408    SUCCESS   Thanks for participating! 1 image submitted successfully.
Follow us on Instagram to increase your chances of winning.
2026-04-18 22:10:55  DEBUG     +917387019207    SUCCESS   Thanks for participating! 1 image submitted successfully.
Follow us on Instagram to increase your chances of winning.
2026-04-18 22:10:55  DEBUG     Batch 37/1000 — 10 pair(s)
2026-04-18 22:11:03  DEBUG     +917913663703    SUCCESS   Thanks for participating! 1 image submitted successfully.
Follow us on Instagram to increase your chances of winning.
2026-04-18 22:11:10  DEBUG     +919074356023    SUCCESS   Thanks for participating! 1 image submitted successfully.
Follow us on Instagram to increase your chances of winning.
2026-04-18 22:11:20  DEBUG     +916851911656    SUCCESS   Thanks for participating! 1 image submitted successfully.
Follow us on Instagram to increase your chances of winning.
2026-04-18 22:11:30  DEBUG     +918072314555    SUCCESS   Thanks for participating! 1 image submitted successfully.
Follow us on Instagram to increase your chances of winning.
2026-04-18 22:11:39  DEBUG     +917863255661    SUCCESS   Thanks for participating! 1 image submitted successfully.
Follow us on Instagram to increase your chances of winning.
2026-04-18 22:11:48  DEBUG     +919311036400    SUCCESS   Thanks for participating! 1 image submitted successfully.
Follow us on Instagram to increase your chances of winning.
2026-04-18 22:11:56  DEBUG     +917028447365    SUCCESS   Thanks for participating! 1 image submitted successfully.
Follow us on Instagram to increase your chances of winning.
2026-04-18 22:12:07  DEBUG     +916959693544    SUCCESS   Thanks for participating! 1 image submitted successfully.
Follow us on Instagram to increase your chances of winning.
2026-04-18 22:12:16  DEBUG     +916261176435    SUCCESS   Thanks for participating! 1 image submitted successfully.
Follow us on Instagram to increase your chances of winning.
2026-04-18 22:12:26  DEBUG     +917195096136    SUCCESS   Thanks for participating! 1 image submitted successfully.
Follow us on Instagram to increase your chances of winning.
2026-04-18 22:12:26  DEBUG     Batch 38/1000 — 10 pair(s)
2026-04-18 22:12:34  DEBUG     +917660487424    SUCCESS   Thanks for participating! 1 image submitted successfully.
Follow us on Instagram to increase your chances of winning.
2026-04-18 22:12:41  DEBUG     +916374005773    SUCCESS   Thanks for participating! 1 image submitted successfully.
Follow us on Instagram to increase your chances of winning.
2026-04-18 22:12:49  DEBUG     +916393968458    SUCCESS   Thanks for participating! 1 image submitted successfully.
Follow us on Instagram to increase your chances of winning.
2026-04-18 22:12:57  DEBUG     +917901515713    SUCCESS   Thanks for participating! 1 image submitted successfully.
Follow us on Instagram to increase your chances of winning.
2026-04-18 22:13:05  DEBUG     +918801887998    SUCCESS   Thanks for participating! 1 image submitted successfully.
Follow us on Instagram to increase your chances of winning.
2026-04-18 22:13:13  DEBUG     +916019697851    SUCCESS   Thanks for participating! 1 image submitted successfully.
Follow us on Instagram to increase your chances of winning.
2026-04-18 22:13:21  DEBUG     +916664712959    SUCCESS   Thanks for participating! 1 image submitted successfully.
Follow us on Instagram to increase your chances of winning.
2026-04-18 22:13:28  DEBUG     +919400254383    SUCCESS   Thanks for participating! 1 image submitted successfully.
Follow us on Instagram to increase your chances of winning.
2026-04-18 22:13:38  DEBUG     +916439700181    SUCCESS   Thanks for participating! 1 image submitted successfully.
Follow us on Instagram to increase your chances of winning.
2026-04-18 22:13:46  DEBUG     +917318695496    SUCCESS   Thanks for participating! 1 image submitted successfully.
Follow us on Instagram to increase your chances of winning.
2026-04-18 22:13:46  DEBUG     Batch 39/1000 — 10 pair(s)
2026-04-18 22:13:57  DEBUG     +917985095988    SUCCESS   Thanks for participating! 1 image submitted successfully.
Follow us on Instagram to increase your chances of winning.
2026-04-18 22:14:06  DEBUG     +919760220841    SUCCESS   Thanks for participating! 1 image submitted successfully.
Follow us on Instagram to increase your chances of winning.
2026-04-18 22:14:17  DEBUG     +916702120162    SUCCESS   Thanks for participating! 1 image submitted successfully.
Follow us on Instagram to increase your chances of winning.
2026-04-18 22:14:26  DEBUG     +918411158647    SUCCESS   Thanks for participating! 1 image submitted successfully.
Follow us on Instagram to increase your chances of winning.
2026-04-18 22:14:39  DEBUG     +918809663055    SUCCESS   Thanks for participating! 1 image submitted successfully.
Follow us on Instagram to increase your chances of winning.
2026-04-18 22:14:52  DEBUG     +919146778064    SUCCESS   Thanks for participating! 1 image submitted successfully.
Follow us on Instagram to increase your chances of winning.
2026-04-18 22:15:03  DEBUG     +917991834617    SUCCESS   Thanks for participating! 1 image submitted successfully.
Follow us on Instagram to increase your chances of winning.
2026-04-18 22:15:11  DEBUG     +918884256278    SUCCESS   Thanks for participating! 1 image submitted successfully.
Follow us on Instagram to increase your chances of winning.
2026-04-18 22:15:18  DEBUG     +916489658261    SUCCESS   Thanks for participating! 1 image submitted successfully.
Follow us on Instagram to increase your chances of winning.
2026-04-18 22:15:28  DEBUG     +919444030169    SUCCESS   Thanks for participating! 1 image submitted successfully.
Follow us on Instagram to increase your chances of winning.
2026-04-18 22:15:28  DEBUG     Batch 40/1000 — 10 pair(s)
2026-04-18 22:15:45  DEBUG     +917936291090    SUCCESS   Thanks for participating! 1 image submitted successfully.
Follow us on Instagram to increase your chances of winning.
2026-04-18 22:15:53  DEBUG     +916110841780    SUCCESS   Thanks for participating! 1 image submitted successfully.
Follow us on Instagram to increase your chances of winning.
2026-04-18 22:16:01  DEBUG     +919417269170    SUCCESS   Thanks for participating! 1 image submitted successfully.
Follow us on Instagram to increase your chances of winning.
2026-04-18 22:16:12  DEBUG     +919208640969    SUCCESS   Thanks for participating! 1 image submitted successfully.
Follow us on Instagram to increase your chances of winning.
2026-04-18 22:16:19  DEBUG     +917738133635    SUCCESS   Thanks for participating! 1 image submitted successfully.
Follow us on Instagram to increase your chances of winning.
2026-04-18 22:16:26  DEBUG     +916524247417    SUCCESS   Thanks for participating! 1 image submitted successfully.
Follow us on Instagram to increase your chances of winning.
2026-04-18 22:16:36  DEBUG     +916446301983    SUCCESS   Thanks for participating! 1 image submitted successfully.
Follow us on Instagram to increase your chances of winning.
2026-04-18 22:16:47  DEBUG     +917608487096    SUCCESS   Thanks for participating! 1 image submitted successfully.
Follow us on Instagram to increase your chances of winning.
2026-04-18 22:16:55  DEBUG     +919951465208    SUCCESS   Thanks for participating! 1 image submitted successfully.
Follow us on Instagram to increase your chances of winning.
2026-04-18 22:17:02  DEBUG     +917997714255    SUCCESS   Thanks for participating! 1 image submitted successfully.
Follow us on Instagram to increase your chances of winning.
2026-04-18 22:17:02  DEBUG     Batch 41/1000 — 10 pair(s)
2026-04-18 22:17:12  DEBUG     +917176934193    SUCCESS   Thanks for participating! 1 image submitted successfully.
Follow us on Instagram to increase your chances of winning.
2026-04-18 22:17:23  DEBUG     +918661455244    SUCCESS   Thanks for participating! 1 image submitted successfully.
Follow us on Instagram to increase your chances of winning.
2026-04-18 22:17:30  DEBUG     +917792561160    SUCCESS   Thanks for participating! 1 image submitted successfully.
Follow us on Instagram to increase your chances of winning.
2026-04-18 22:17:42  DEBUG     +919704271544    SUCCESS   Thanks for participating! 1 image submitted successfully.
Follow us on Instagram to increase your chances of winning.
2026-04-18 22:17:49  DEBUG     +916917888408    SUCCESS   Thanks for participating! 1 image submitted successfully.
Follow us on Instagram to increase your chances of winning.
2026-04-18 22:17:57  DEBUG     +916012272719    SUCCESS   Thanks for participating! 1 image submitted successfully.
Follow us on Instagram to increase your chances of winning.
2026-04-18 22:18:05  DEBUG     +918488555209    SUCCESS   Thanks for participating! 1 image submitted successfully.
Follow us on Instagram to increase your chances of winning.
2026-04-18 22:18:14  DEBUG     +918923638230    SUCCESS   Thanks for participating! 1 image submitted successfully.
Follow us on Instagram to increase your chances of winning.
2026-04-18 22:18:25  DEBUG     +917479034503    SUCCESS   Thanks for participating! 1 image submitted successfully.
Follow us on Instagram to increase your chances of winning.
2026-04-18 22:18:39  DEBUG     +918215506326    SUCCESS   Thanks for participating! 1 image submitted successfully.
Follow us on Instagram to increase your chances of winning.
2026-04-18 22:18:39  DEBUG     Batch 42/1000 — 10 pair(s)
2026-04-18 22:18:46  DEBUG     +919024581031    SUCCESS   Thanks for participating! 1 image submitted successfully.
Follow us on Instagram to increase your chances of winning.
2026-04-18 22:19:00  DEBUG     +917109177363    SUCCESS   Thanks for participating! 1 image submitted successfully.
Follow us on Instagram to increase your chances of winning.
2026-04-18 22:19:07  DEBUG     +917139365922    SUCCESS   Thanks for participating! 1 image submitted successfully.
Follow us on Instagram to increase your chances of winning.
2026-04-18 22:19:15  DEBUG     +917935026930    SUCCESS   Thanks for participating! 1 image submitted successfully.
Follow us on Instagram to increase your chances of winning.
2026-04-18 22:19:23  DEBUG     +916631516399    SUCCESS   Thanks for participating! 1 image submitted successfully.
Follow us on Instagram to increase your chances of winning.
2026-04-18 22:19:31  DEBUG     +919095596345    SUCCESS   Thanks for participating! 1 image submitted successfully.
Follow us on Instagram to increase your chances of winning.
2026-04-18 22:19:41  DEBUG     +917315099632    SUCCESS   Thanks for participating! 1 image submitted successfully.
Follow us on Instagram to increase your chances of winning.
2026-04-18 22:19:49  DEBUG     +916511565054    SUCCESS   Thanks for participating! 1 image submitted successfully.
Follow us on Instagram to increase your chances of winning.
2026-04-18 22:19:57  DEBUG     +917848032973    SUCCESS   Thanks for participating! 1 image submitted successfully.
Follow us on Instagram to increase your chances of winning.
2026-04-18 22:20:06  DEBUG     +916464373560    SUCCESS   Thanks for participating! 1 image submitted successfully.
Follow us on Instagram to increase your chances of winning.
2026-04-18 22:20:06  DEBUG     Batch 43/1000 — 10 pair(s)
2026-04-18 22:20:16  DEBUG     +917988707882    SUCCESS   Thanks for participating! 1 image submitted successfully.
Follow us on Instagram to increase your chances of winning.
2026-04-18 22:20:23  DEBUG     +917463783738    SUCCESS   Thanks for participating! 1 image submitted successfully.
Follow us on Instagram to increase your chances of winning.
2026-04-18 22:20:40  DEBUG     +919147699567    SUCCESS   Thanks for participating! 1 image submitted successfully.
Follow us on Instagram to increase your chances of winning.
2026-04-18 22:20:50  DEBUG     +916563672822    SUCCESS   Thanks for participating! 1 image submitted successfully.
Follow us on Instagram to increase your chances of winning.
2026-04-18 22:21:00  DEBUG     +916469051296    SUCCESS   Thanks for participating! 1 image submitted successfully.
Follow us on Instagram to increase your chances of winning.
2026-04-18 22:21:11  DEBUG     +917322448381    SUCCESS   Thanks for participating! 1 image submitted successfully.
Follow us on Instagram to increase your chances of winning.
2026-04-18 22:21:19  DEBUG     +917318590502    SUCCESS   Thanks for participating! 1 image submitted successfully.
Follow us on Instagram to increase your chances of winning.
2026-04-18 22:21:27  DEBUG     +919130685124    SUCCESS   Thanks for participating! 1 image submitted successfully.
Follow us on Instagram to increase your chances of winning.
2026-04-18 22:21:35  DEBUG     +918715356159    SUCCESS   Thanks for participating! 1 image submitted successfully.
Follow us on Instagram to increase your chances of winning.
2026-04-18 22:21:42  DEBUG     +917664059237    SUCCESS   Thanks for participating! 1 image submitted successfully.
Follow us on Instagram to increase your chances of winning.
2026-04-18 22:21:42  DEBUG     Batch 44/1000 — 10 pair(s)
2026-04-18 22:21:52  DEBUG     +919726516304    SUCCESS   Thanks for participating! 1 image submitted successfully.
Follow us on Instagram to increase your chances of winning.
2026-04-18 22:21:59  DEBUG     +919600559226    SUCCESS   Thanks for participating! 1 image submitted successfully.
Follow us on Instagram to increase your chances of winning.
2026-04-18 22:22:07  DEBUG     +916086919036    SUCCESS   Thanks for participating! 1 image submitted successfully.
Follow us on Instagram to increase your chances of winning.
2026-04-18 22:22:16  DEBUG     +918679129286    SUCCESS   Thanks for participating! 1 image submitted successfully.
Follow us on Instagram to increase your chances of winning.
2026-04-18 22:22:23  DEBUG     +917298260271    SUCCESS   Thanks for participating! 1 image submitted successfully.
Follow us on Instagram to increase your chances of winning.
2026-04-18 22:22:30  DEBUG     +919873872325    SUCCESS   Thanks for participating! 1 image submitted successfully.
Follow us on Instagram to increase your chances of winning.
2026-04-18 22:22:39  DEBUG     +917152642500    SUCCESS   Thanks for participating! 1 image submitted successfully.
Follow us on Instagram to increase your chances of winning.
2026-04-18 22:22:47  DEBUG     +916036506347    SUCCESS   Thanks for participating! 1 image submitted successfully.
Follow us on Instagram to increase your chances of winning.
2026-04-18 22:22:55  DEBUG     +917483899140    SUCCESS   Thanks for participating! 1 image submitted successfully.
Follow us on Instagram to increase your chances of winning.
2026-04-18 22:23:03  DEBUG     +916299373514    SUCCESS   Thanks for participating! 1 image submitted successfully.
Follow us on Instagram to increase your chances of winning.
2026-04-18 22:23:03  DEBUG     Batch 45/1000 — 10 pair(s)
2026-04-18 22:23:11  DEBUG     +919733058289    SUCCESS   Thanks for participating! 1 image submitted successfully.
Follow us on Instagram to increase your chances of winning.
2026-04-18 22:23:21  DEBUG     +916751644896    SUCCESS   Thanks for participating! 1 image submitted successfully.
Follow us on Instagram to increase your chances of winning.
2026-04-18 22:23:30  DEBUG     +917662210791    SUCCESS   Thanks for participating! 1 image submitted successfully.
Follow us on Instagram to increase your chances of winning.
2026-04-18 22:23:41  DEBUG     +918040399002    SUCCESS   Thanks for participating! 1 image submitted successfully.
Follow us on Instagram to increase your chances of winning.
2026-04-18 22:23:50  DEBUG     +918957981557    SUCCESS   Thanks for participating! 1 image submitted successfully.
Follow us on Instagram to increase your chances of winning.
2026-04-18 22:24:00  DEBUG     +919184811245    SUCCESS   Thanks for participating! 1 image submitted successfully.
Follow us on Instagram to increase your chances of winning.
2026-04-18 22:24:07  DEBUG     +916417621708    SUCCESS   Thanks for participating! 1 image submitted successfully.
Follow us on Instagram to increase your chances of winning.
2026-04-18 22:24:16  DEBUG     +916848449089    SUCCESS   Thanks for participating! 1 image submitted successfully.
Follow us on Instagram to increase your chances of winning.
2026-04-18 22:24:26  DEBUG     +916585145867    SUCCESS   Thanks for participating! 1 image submitted successfully.
Follow us on Instagram to increase your chances of winning.
2026-04-18 22:24:33  DEBUG     +919997993052    SUCCESS   Thanks for participating! 1 image submitted successfully.
Follow us on Instagram to increase your chances of winning.
2026-04-18 22:24:33  DEBUG     Batch 46/1000 — 10 pair(s)
2026-04-18 22:24:42  DEBUG     +917587643383    SUCCESS   Thanks for participating! 1 image submitted successfully.
Follow us on Instagram to increase your chances of winning.
2026-04-18 22:24:53  DEBUG     +917048369941    SUCCESS   Thanks for participating! 1 image submitted successfully.
Follow us on Instagram to increase your chances of winning.
2026-04-18 22:25:02  DEBUG     +917203779769    SUCCESS   Thanks for participating! 1 image submitted successfully.
Follow us on Instagram to increase your chances of winning.
2026-04-18 22:25:12  DEBUG     +919752754558    SUCCESS   Thanks for participating! 1 image submitted successfully.
Follow us on Instagram to increase your chances of winning.
2026-04-18 22:25:20  DEBUG     +916652486786    SUCCESS   Thanks for participating! 1 image submitted successfully.
Follow us on Instagram to increase your chances of winning.
2026-04-18 22:25:27  DEBUG     +919396064854    SUCCESS   Thanks for participating! 1 image submitted successfully.
Follow us on Instagram to increase your chances of winning.
2026-04-18 22:25:35  DEBUG     +917905874314    SUCCESS   Thanks for participating! 1 image submitted successfully.
Follow us on Instagram to increase your chances of winning.
2026-04-18 22:25:42  DEBUG     +919225996821    SUCCESS   Thanks for participating! 1 image submitted successfully.
Follow us on Instagram to increase your chances of winning.
2026-04-18 22:25:51  DEBUG     +918065182560    SUCCESS   Thanks for participating! 1 image submitted successfully.
Follow us on Instagram to increase your chances of winning.
2026-04-18 22:25:58  DEBUG     +916509704031    SUCCESS   Thanks for participating! 1 image submitted successfully.
Follow us on Instagram to increase your chances of winning.
2026-04-18 22:25:58  DEBUG     Batch 47/1000 — 10 pair(s)
2026-04-18 22:26:08  DEBUG     +918139711249    SUCCESS   Thanks for participating! 1 image submitted successfully.
Follow us on Instagram to increase your chances of winning.
2026-04-18 22:26:19  DEBUG     +917515412295    SUCCESS   Thanks for participating! 1 image submitted successfully.
Follow us on Instagram to increase your chances of winning.
2026-04-18 22:26:26  DEBUG     +916552210775    SUCCESS   Thanks for participating! 1 image submitted successfully.
Follow us on Instagram to increase your chances of winning.
2026-04-18 22:26:37  DEBUG     +916610118225    SUCCESS   Thanks for participating! 1 image submitted successfully.
Follow us on Instagram to increase your chances of winning.
2026-04-18 22:26:44  DEBUG     +917535710223    SUCCESS   Thanks for participating! 1 image submitted successfully.
Follow us on Instagram to increase your chances of winning.
2026-04-18 22:26:55  DEBUG     +919496794640    SUCCESS   Thanks for participating! 1 image submitted successfully.
Follow us on Instagram to increase your chances of winning.
2026-04-18 22:27:03  DEBUG     +917687145648    SUCCESS   Thanks for participating! 1 image submitted successfully.
Follow us on Instagram to increase your chances of winning.
2026-04-18 22:27:11  DEBUG     +917557180785    SUCCESS   Thanks for participating! 1 image submitted successfully.
Follow us on Instagram to increase your chances of winning.
2026-04-18 22:27:19  DEBUG     +919905617556    SUCCESS   Thanks for participating! 1 image submitted successfully.
Follow us on Instagram to increase your chances of winning.
2026-04-18 22:27:26  DEBUG     +919630915788    SUCCESS   Thanks for participating! 1 image submitted successfully.
Follow us on Instagram to increase your chances of winning.
2026-04-18 22:27:26  DEBUG     Batch 48/1000 — 10 pair(s)
2026-04-18 22:27:36  DEBUG     +916398294725    SUCCESS   Thanks for participating! 1 image submitted successfully.
Follow us on Instagram to increase your chances of winning.
2026-04-18 22:27:47  DEBUG     +917042353127    SUCCESS   Thanks for participating! 1 image submitted successfully.
Follow us on Instagram to increase your chances of winning.
2026-04-18 22:27:55  DEBUG     +919171040641    SUCCESS   Thanks for participating! 1 image submitted successfully.
Follow us on Instagram to increase your chances of winning.
2026-04-18 22:28:05  DEBUG     +917649253139    SUCCESS   Thanks for participating! 1 image submitted successfully.
Follow us on Instagram to increase your chances of winning.
2026-04-18 22:28:14  DEBUG     +917025133027    SUCCESS   Thanks for participating! 1 image submitted successfully.
Follow us on Instagram to increase your chances of winning.
2026-04-18 22:28:24  DEBUG     +917562498272    SUCCESS   Thanks for participating! 1 image submitted successfully.
Follow us on Instagram to increase your chances of winning.
2026-04-18 22:28:34  DEBUG     +919734930881    SUCCESS   Thanks for participating! 1 image submitted successfully.
Follow us on Instagram to increase your chances of winning.
2026-04-18 22:28:44  DEBUG     +917305035716    SUCCESS   Thanks for participating! 1 image submitted successfully.
Follow us on Instagram to increase your chances of winning.
2026-04-18 22:28:55  DEBUG     +916507372405    SUCCESS   Thanks for participating! 1 image submitted successfully.
Follow us on Instagram to increase your chances of winning.
2026-04-18 22:29:03  DEBUG     +919702662009    SUCCESS   Thanks for participating! 1 image submitted successfully.
Follow us on Instagram to increase your chances of winning.
2026-04-18 22:29:03  DEBUG     Batch 49/1000 — 10 pair(s)
2026-04-18 22:29:11  DEBUG     +917500313542    SUCCESS   Thanks for participating! 1 image submitted successfully.
Follow us on Instagram to increase your chances of winning.
2026-04-18 22:29:18  DEBUG     +918204698955    SUCCESS   Thanks for participating! 1 image submitted successfully.
Follow us on Instagram to increase your chances of winning.
2026-04-18 22:29:28  DEBUG     +916777856231    SUCCESS   Thanks for participating! 1 image submitted successfully.
Follow us on Instagram to increase your chances of winning.
2026-04-18 22:29:45  DEBUG     +919034976555    SUCCESS   Thanks for participating! 1 image submitted successfully.
Follow us on Instagram to increase your chances of winning.
2026-04-18 22:29:53  DEBUG     +919486313471    SUCCESS   Thanks for participating! 1 image submitted successfully.
Follow us on Instagram to increase your chances of winning.
2026-04-18 22:30:02  DEBUG     +917572411456    SUCCESS   Thanks for participating! 1 image submitted successfully.
Follow us on Instagram to increase your chances of winning.
2026-04-18 22:30:13  DEBUG     +917568080377    SUCCESS   Thanks for participating! 1 image submitted successfully.
Follow us on Instagram to increase your chances of winning.
2026-04-18 22:30:22  DEBUG     +919204170537    SUCCESS   Thanks for participating! 1 image submitted successfully.
Follow us on Instagram to increase your chances of winning.
2026-04-18 22:30:32  DEBUG     +919386805438    SUCCESS   Thanks for participating! 1 image submitted successfully.
Follow us on Instagram to increase your chances of winning.
2026-04-18 22:30:42  DEBUG     +917804354245    SUCCESS   Thanks for participating! 1 image submitted successfully.
Follow us on Instagram to increase your chances of winning.
2026-04-18 22:30:42  DEBUG     Batch 50/1000 — 10 pair(s)
2026-04-18 22:30:52  DEBUG     +916584367697    SUCCESS   Thanks for participating! 1 image submitted successfully.
Follow us on Instagram to increase your chances of winning.
2026-04-18 22:31:02  DEBUG     +918146161717    SUCCESS   Thanks for participating! 1 image submitted successfully.
Follow us on Instagram to increase your chances of winning.
2026-04-18 22:31:11  DEBUG     +919081375000    SUCCESS   Thanks for participating! 1 image submitted successfully.
Follow us on Instagram to increase your chances of winning.
2026-04-18 22:31:18  DEBUG     +917923438682    SUCCESS   Thanks for participating! 1 image submitted successfully.
Follow us on Instagram to increase your chances of winning.
2026-04-18 22:31:29  DEBUG     +918675400464    SUCCESS   Thanks for participating! 1 image submitted successfully.
Follow us on Instagram to increase your chances of winning.
2026-04-18 22:31:37  DEBUG     +919059812802    SUCCESS   Thanks for participating! 1 image submitted successfully.
Follow us on Instagram to increase your chances of winning.
2026-04-18 22:31:44  DEBUG     +916280643272    SUCCESS   Thanks for participating! 1 image submitted successfully.
Follow us on Instagram to increase your chances of winning.
2026-04-18 22:31:55  DEBUG     +917644817969    SUCCESS   Thanks for participating! 1 image submitted successfully.
Follow us on Instagram to increase your chances of winning.
2026-04-18 22:32:02  DEBUG     +917460932250    SUCCESS   Thanks for participating! 1 image submitted successfully.
Follow us on Instagram to increase your chances of winning.
2026-04-18 22:32:12  DEBUG     +918807880482    SUCCESS   Thanks for participating! 1 image submitted successfully.
Follow us on Instagram to increase your chances of winning.
2026-04-18 22:32:12  DEBUG     Batch 51/1000 — 10 pair(s)
2026-04-18 22:32:22  DEBUG     +917391462711    SUCCESS   Thanks for participating! 1 image submitted successfully.
Follow us on Instagram to increase your chances of winning.
2026-04-18 22:32:30  DEBUG     +918013600814    SUCCESS   Thanks for participating! 1 image submitted successfully.
Follow us on Instagram to increase your chances of winning.
2026-04-18 22:32:37  DEBUG     +918881709978    SUCCESS   Thanks for participating! 1 image submitted successfully.
Follow us on Instagram to increase your chances of winning.
2026-04-18 22:32:44  DEBUG     +918870392457    SUCCESS   Thanks for participating! 1 image submitted successfully.
Follow us on Instagram to increase your chances of winning.
2026-04-18 22:32:55  DEBUG     +917518610146    SUCCESS   Thanks for participating! 1 image submitted successfully.
Follow us on Instagram to increase your chances of winning.
2026-04-18 22:33:02  DEBUG     +918428139506    SUCCESS   Thanks for participating! 1 image submitted successfully.
Follow us on Instagram to increase your chances of winning.
2026-04-18 22:33:12  DEBUG     +918574058313    SUCCESS   Thanks for participating! 1 image submitted successfully.
Follow us on Instagram to increase your chances of winning.
2026-04-18 22:33:21  DEBUG     +919271172319    SUCCESS   Thanks for participating! 1 image submitted successfully.
Follow us on Instagram to increase your chances of winning.
2026-04-18 22:33:28  DEBUG     +916194559326    SUCCESS   Thanks for participating! 1 image submitted successfully.
Follow us on Instagram to increase your chances of winning.
2026-04-18 22:33:38  DEBUG     +917880812646    SUCCESS   Thanks for participating! 1 image submitted successfully.
Follow us on Instagram to increase your chances of winning.
2026-04-18 22:33:38  DEBUG     Batch 52/1000 — 10 pair(s)
2026-04-18 22:33:45  DEBUG     +916567288162    SUCCESS   Thanks for participating! 1 image submitted successfully.
Follow us on Instagram to increase your chances of winning.
2026-04-18 22:33:53  DEBUG     +919542581791    SUCCESS   Thanks for participating! 1 image submitted successfully.
Follow us on Instagram to increase your chances of winning.
2026-04-18 22:34:00  DEBUG     +916417535629    SUCCESS   Thanks for participating! 1 image submitted successfully.
Follow us on Instagram to increase your chances of winning.
2026-04-18 22:34:10  DEBUG     +916861844057    SUCCESS   Thanks for participating! 1 image submitted successfully.
Follow us on Instagram to increase your chances of winning.
2026-04-18 22:34:21  DEBUG     +917525037056    SUCCESS   Thanks for participating! 1 image submitted successfully.
Follow us on Instagram to increase your chances of winning.
2026-04-18 22:34:29  DEBUG     +916323555107    SUCCESS   Thanks for participating! 1 image submitted successfully.
Follow us on Instagram to increase your chances of winning.
2026-04-18 22:34:39  DEBUG     +919636534005    SUCCESS   Thanks for participating! 1 image submitted successfully.
Follow us on Instagram to increase your chances of winning.
2026-04-18 22:34:47  DEBUG     +919786251100    SUCCESS   Thanks for participating! 1 image submitted successfully.
Follow us on Instagram to increase your chances of winning.
2026-04-18 22:34:56  DEBUG     +919181773426    SUCCESS   Thanks for participating! 1 image submitted successfully.
Follow us on Instagram to increase your chances of winning.
2026-04-18 22:35:07  DEBUG     +916885025222    SUCCESS   Thanks for participating! 1 image submitted successfully.
Follow us on Instagram to increase your chances of winning.
2026-04-18 22:35:07  DEBUG     Batch 53/1000 — 10 pair(s)
2026-04-18 22:35:14  DEBUG     +916487986190    SUCCESS   Thanks for participating! 1 image submitted successfully.
Follow us on Instagram to increase your chances of winning.
2026-04-18 22:35:24  DEBUG     +918530181263    SUCCESS   Thanks for participating! 1 image submitted successfully.
Follow us on Instagram to increase your chances of winning.
2026-04-18 22:35:35  DEBUG     +916434364790    SUCCESS   Thanks for participating! 1 image submitted successfully.
Follow us on Instagram to increase your chances of winning.
2026-04-18 22:35:43  DEBUG     +917897449757    SUCCESS   Thanks for participating! 1 image submitted successfully.
Follow us on Instagram to increase your chances of winning.
2026-04-18 22:35:50  DEBUG     +918689578321    SUCCESS   Thanks for participating! 1 image submitted successfully.
Follow us on Instagram to increase your chances of winning.
2026-04-18 22:36:01  DEBUG     +918126461152    SUCCESS   Thanks for participating! 1 image submitted successfully.
Follow us on Instagram to increase your chances of winning.
2026-04-18 22:36:08  DEBUG     +918484025892    SUCCESS   Thanks for participating! 1 image submitted successfully.
Follow us on Instagram to increase your chances of winning.
2026-04-18 22:36:19  DEBUG     +917513992677    SUCCESS   Thanks for participating! 1 image submitted successfully.
Follow us on Instagram to increase your chances of winning.
2026-04-18 22:36:27  DEBUG     +917672331531    SUCCESS   Thanks for participating! 1 image submitted successfully.
Follow us on Instagram to increase your chances of winning.
2026-04-18 22:36:34  DEBUG     +916016010916    SUCCESS   Thanks for participating! 1 image submitted successfully.
Follow us on Instagram to increase your chances of winning.
2026-04-18 22:36:34  DEBUG     Batch 54/1000 — 10 pair(s)
2026-04-18 22:36:45  DEBUG     +918264360391    SUCCESS   Thanks for participating! 1 image submitted successfully.
Follow us on Instagram to increase your chances of winning.
2026-04-18 22:36:52  DEBUG     +916435472535    SUCCESS   Thanks for participating! 1 image submitted successfully.
Follow us on Instagram to increase your chances of winning.
2026-04-18 22:37:00  DEBUG     +919859422832    SUCCESS   Thanks for participating! 1 image submitted successfully.
Follow us on Instagram to increase your chances of winning.
2026-04-18 22:37:24  DEBUG     +919718532247    SUCCESS   Thanks for participating! 1 image submitted successfully.
Follow us on Instagram to increase your chances of winning.
2026-04-18 22:37:34  DEBUG     +919437001773    SUCCESS   Thanks for participating! 1 image submitted successfully.
Follow us on Instagram to increase your chances of winning.
2026-04-18 22:37:46  DEBUG     +917969151366    SUCCESS   Thanks for participating! 1 image submitted successfully.
Follow us on Instagram to increase your chances of winning.
2026-04-18 22:37:56  DEBUG     +919454361002    SUCCESS   Thanks for participating! 1 image submitted successfully.
Follow us on Instagram to increase your chances of winning.
2026-04-18 22:38:04  DEBUG     +916169954131    SUCCESS   Thanks for participating! 1 image submitted successfully.
Follow us on Instagram to increase your chances of winning.
2026-04-18 22:38:15  DEBUG     +918938441990    SUCCESS   Thanks for participating! 1 image submitted successfully.
Follow us on Instagram to increase your chances of winning.
2026-04-18 22:38:26  DEBUG     +919110816418    SUCCESS   Thanks for participating! 1 image submitted successfully.
Follow us on Instagram to increase your chances of winning.
2026-04-18 22:38:26  DEBUG     Batch 55/1000 — 10 pair(s)
2026-04-18 22:38:36  DEBUG     +916241807537    SUCCESS   Thanks for participating! 1 image submitted successfully.
Follow us on Instagram to increase your chances of winning.
2026-04-18 22:38:43  DEBUG     +919886484182    SUCCESS   Thanks for participating! 1 image submitted successfully.
Follow us on Instagram to increase your chances of winning.
2026-04-18 22:38:50  DEBUG     +917584877536    SUCCESS   Thanks for participating! 1 image submitted successfully.
Follow us on Instagram to increase your chances of winning.
2026-04-18 22:39:01  DEBUG     +916931625888    SUCCESS   Thanks for participating! 1 image submitted successfully.
Follow us on Instagram to increase your chances of winning.
2026-04-18 22:39:08  DEBUG     +917250797870    SUCCESS   Thanks for participating! 1 image submitted successfully.
Follow us on Instagram to increase your chances of winning.
2026-04-18 22:39:18  DEBUG     +918926490497    SUCCESS   Thanks for participating! 1 image submitted successfully.
Follow us on Instagram to increase your chances of winning.
2026-04-18 22:39:25  DEBUG     +919815576160    SUCCESS   Thanks for participating! 1 image submitted successfully.
Follow us on Instagram to increase your chances of winning.
2026-04-18 22:39:32  DEBUG     +917728689636    SUCCESS   Thanks for participating! 1 image submitted successfully.
Follow us on Instagram to increase your chances of winning.
2026-04-18 22:39:41  DEBUG     +919718968827    SUCCESS   Thanks for participating! 1 image submitted successfully.
Follow us on Instagram to increase your chances of winning.
2026-04-18 22:39:49  DEBUG     +918426162910    SUCCESS   Thanks for participating! 1 image submitted successfully.
Follow us on Instagram to increase your chances of winning.
2026-04-18 22:39:49  DEBUG     Batch 56/1000 — 10 pair(s)
2026-04-18 22:39:57  DEBUG     +918959095093    SUCCESS   Thanks for participating! 1 image submitted successfully.
Follow us on Instagram to increase your chances of winning.
2026-04-18 22:40:05  DEBUG     +919614144231    SUCCESS   Thanks for participating! 1 image submitted successfully.
Follow us on Instagram to increase your chances of winning.
2026-04-18 22:40:15  DEBUG     +919185157007    SUCCESS   Thanks for participating! 1 image submitted successfully.
Follow us on Instagram to increase your chances of winning.
2026-04-18 22:40:23  DEBUG     +917507756930    SUCCESS   Thanks for participating! 1 image submitted successfully.
Follow us on Instagram to increase your chances of winning.
2026-04-18 22:40:30  DEBUG     +916629246597    SUCCESS   Thanks for participating! 1 image submitted successfully.
Follow us on Instagram to increase your chances of winning.
2026-04-18 22:40:40  DEBUG     +917989635860    SUCCESS   Thanks for participating! 1 image submitted successfully.
Follow us on Instagram to increase your chances of winning.
2026-04-18 22:40:50  DEBUG     +916595020913    SUCCESS   Thanks for participating! 1 image submitted successfully.
Follow us on Instagram to increase your chances of winning.
2026-04-18 22:41:00  DEBUG     +919352219495    SUCCESS   Thanks for participating! 1 image submitted successfully.
Follow us on Instagram to increase your chances of winning.
2026-04-18 22:41:08  DEBUG     +919794169682    SUCCESS   Thanks for participating! 1 image submitted successfully.
Follow us on Instagram to increase your chances of winning.
2026-04-18 22:41:18  DEBUG     +916133716152    SUCCESS   Thanks for participating! 1 image submitted successfully.
Follow us on Instagram to increase your chances of winning.
2026-04-18 22:41:18  DEBUG     Batch 57/1000 — 10 pair(s)
2026-04-18 22:41:29  DEBUG     +918537383195    SUCCESS   Thanks for participating! 1 image submitted successfully.
Follow us on Instagram to increase your chances of winning.
2026-04-18 22:41:39  DEBUG     +918480931286    SUCCESS   Thanks for participating! 1 image submitted successfully.
Follow us on Instagram to increase your chances of winning.
2026-04-18 22:41:46  DEBUG     +917427784383    SUCCESS   Thanks for participating! 1 image submitted successfully.
Follow us on Instagram to increase your chances of winning.
2026-04-18 22:41:56  DEBUG     +916030884912    SUCCESS   Thanks for participating! 1 image submitted successfully.
Follow us on Instagram to increase your chances of winning.
2026-04-18 22:42:06  DEBUG     +919595770333    SUCCESS   Thanks for participating! 1 image submitted successfully.
Follow us on Instagram to increase your chances of winning.
2026-04-18 22:42:17  DEBUG     +917144021829    SUCCESS   Thanks for participating! 1 image submitted successfully.
Follow us on Instagram to increase your chances of winning.
2026-04-18 22:42:25  DEBUG     +918440100724    SUCCESS   Thanks for participating! 1 image submitted successfully.
Follow us on Instagram to increase your chances of winning.
2026-04-18 22:42:35  DEBUG     +917451556366    SUCCESS   Thanks for participating! 1 image submitted successfully.
Follow us on Instagram to increase your chances of winning.
2026-04-18 22:42:43  DEBUG     +918727080614    SUCCESS   Thanks for participating! 1 image submitted successfully.
Follow us on Instagram to increase your chances of winning.
2026-04-18 22:42:50  DEBUG     +918784572909    SUCCESS   Thanks for participating! 1 image submitted successfully.
Follow us on Instagram to increase your chances of winning.
2026-04-18 22:42:50  DEBUG     Batch 58/1000 — 10 pair(s)
2026-04-18 22:43:04  DEBUG     +917622441916    SUCCESS   Thanks for participating! 1 image submitted successfully.
Follow us on Instagram to increase your chances of winning.
2026-04-18 22:43:14  DEBUG     +919986193835    SUCCESS   Thanks for participating! 1 image submitted successfully.
Follow us on Instagram to increase your chances of winning.
2026-04-18 22:43:25  DEBUG     +919636906819    SUCCESS   Thanks for participating! 1 image submitted successfully.
Follow us on Instagram to increase your chances of winning.
2026-04-18 22:43:33  DEBUG     +919355197588    SUCCESS   Thanks for participating! 1 image submitted successfully.
Follow us on Instagram to increase your chances of winning.
2026-04-18 22:43:43  DEBUG     +918541696613    SUCCESS   Thanks for participating! 1 image submitted successfully.
Follow us on Instagram to increase your chances of winning.
2026-04-18 22:43:51  DEBUG     +916534224237    SUCCESS   Thanks for participating! 1 image submitted successfully.
Follow us on Instagram to increase your chances of winning.
2026-04-18 22:43:58  DEBUG     +916976246961    SUCCESS   Thanks for participating! 1 image submitted successfully.
Follow us on Instagram to increase your chances of winning.
2026-04-18 22:44:09  DEBUG     +918156221470    SUCCESS   Thanks for participating! 1 image submitted successfully.
Follow us on Instagram to increase your chances of winning.
2026-04-18 22:44:17  DEBUG     +919860644377    SUCCESS   Thanks for participating! 1 image submitted successfully.
Follow us on Instagram to increase your chances of winning.
2026-04-18 22:44:24  DEBUG     +918636911007    SUCCESS   Thanks for participating! 1 image submitted successfully.
Follow us on Instagram to increase your chances of winning.
2026-04-18 22:44:24  DEBUG     Batch 59/1000 — 10 pair(s)
2026-04-18 22:44:34  DEBUG     +916739846995    SUCCESS   Thanks for participating! 1 image submitted successfully.
Follow us on Instagram to increase your chances of winning.
2026-04-18 22:44:43  DEBUG     +918924264733    SUCCESS   Thanks for participating! 1 image submitted successfully.
Follow us on Instagram to increase your chances of winning.
2026-04-18 22:44:51  DEBUG     +918677319685    SUCCESS   Thanks for participating! 1 image submitted successfully.
Follow us on Instagram to increase your chances of winning.
2026-04-18 22:44:59  DEBUG     +918479186689    SUCCESS   Thanks for participating! 1 image submitted successfully.
Follow us on Instagram to increase your chances of winning.
2026-04-18 22:45:10  DEBUG     +919835586923    SUCCESS   Thanks for participating! 1 image submitted successfully.
Follow us on Instagram to increase your chances of winning.
2026-04-18 22:45:17  DEBUG     +916323349121    SUCCESS   Thanks for participating! 1 image submitted successfully.
Follow us on Instagram to increase your chances of winning.
2026-04-18 22:45:24  DEBUG     +919644865417    SUCCESS   Thanks for participating! 1 image submitted successfully.
Follow us on Instagram to increase your chances of winning.
2026-04-18 22:45:33  DEBUG     +917943603693    SUCCESS   Thanks for participating! 1 image submitted successfully.
Follow us on Instagram to increase your chances of winning.
2026-04-18 22:45:43  DEBUG     +919835268162    SUCCESS   Thanks for participating! 1 image submitted successfully.
Follow us on Instagram to increase your chances of winning.
2026-04-18 22:45:51  DEBUG     +917821470120    SUCCESS   Thanks for participating! 1 image submitted successfully.
Follow us on Instagram to increase your chances of winning.
2026-04-18 22:45:51  DEBUG     Batch 60/1000 — 10 pair(s)
2026-04-18 22:45:58  DEBUG     +917755322882    SUCCESS   Thanks for participating! 1 image submitted successfully.
Follow us on Instagram to increase your chances of winning.
2026-04-18 22:46:08  DEBUG     +919982286721    SUCCESS   Thanks for participating! 1 image submitted successfully.
Follow us on Instagram to increase your chances of winning.
2026-04-18 22:46:15  DEBUG     +918316628273    SUCCESS   Thanks for participating! 1 image submitted successfully.
Follow us on Instagram to increase your chances of winning.
2026-04-18 22:46:23  DEBUG     +918014330140    SUCCESS   Thanks for participating! 1 image submitted successfully.
Follow us on Instagram to increase your chances of winning.
2026-04-18 22:46:32  DEBUG     +918939035282    SUCCESS   Thanks for participating! 1 image submitted successfully.
Follow us on Instagram to increase your chances of winning.
2026-04-18 22:46:40  DEBUG     +918194674971    SUCCESS   Thanks for participating! 1 image submitted successfully.
Follow us on Instagram to increase your chances of winning.
2026-04-18 22:46:47  DEBUG     +919690231402    SUCCESS   Thanks for participating! 1 image submitted successfully.
Follow us on Instagram to increase your chances of winning.
2026-04-18 22:46:55  DEBUG     +918919995778    SUCCESS   Thanks for participating! 1 image submitted successfully.
Follow us on Instagram to increase your chances of winning.
2026-04-18 22:47:03  DEBUG     +916977356416    SUCCESS   Thanks for participating! 1 image submitted successfully.
Follow us on Instagram to increase your chances of winning.
2026-04-18 22:47:10  DEBUG     +916793875471    SUCCESS   Thanks for participating! 1 image submitted successfully.
Follow us on Instagram to increase your chances of winning.
2026-04-18 22:47:10  DEBUG     Batch 61/1000 — 10 pair(s)
2026-04-18 22:47:21  DEBUG     +919157124712    SUCCESS   Thanks for participating! 1 image submitted successfully.
Follow us on Instagram to increase your chances of winning.
2026-04-18 22:47:29  DEBUG     +916495516122    SUCCESS   Thanks for participating! 1 image submitted successfully.
Follow us on Instagram to increase your chances of winning.
2026-04-18 22:47:39  DEBUG     +918129126893    SUCCESS   Thanks for participating! 1 image submitted successfully.
Follow us on Instagram to increase your chances of winning.
2026-04-18 22:47:47  DEBUG     +918479801423    SUCCESS   Thanks for participating! 1 image submitted successfully.
Follow us on Instagram to increase your chances of winning.
2026-04-18 22:47:56  DEBUG     +917394483332    SUCCESS   Thanks for participating! 1 image submitted successfully.
Follow us on Instagram to increase your chances of winning.
2026-04-18 22:48:03  DEBUG     +917047612851    SUCCESS   Thanks for participating! 1 image submitted successfully.
Follow us on Instagram to increase your chances of winning.
2026-04-18 22:48:10  DEBUG     +918654148475    SUCCESS   Thanks for participating! 1 image submitted successfully.
Follow us on Instagram to increase your chances of winning.
2026-04-18 22:48:20  DEBUG     +916881097827    SUCCESS   Thanks for participating! 1 image submitted successfully.
Follow us on Instagram to increase your chances of winning.
2026-04-18 22:48:31  DEBUG     +916044635861    SUCCESS   Thanks for participating! 1 image submitted successfully.
Follow us on Instagram to increase your chances of winning.
2026-04-18 22:48:39  DEBUG     +916646900813    SUCCESS   Thanks for participating! 1 image submitted successfully.
Follow us on Instagram to increase your chances of winning.
2026-04-18 22:48:39  DEBUG     Batch 62/1000 — 10 pair(s)
2026-04-18 22:48:47  DEBUG     +919902351997    SUCCESS   Thanks for participating! 1 image submitted successfully.
Follow us on Instagram to increase your chances of winning.
2026-04-18 22:48:57  DEBUG     +918535550647    SUCCESS   Thanks for participating! 1 image submitted successfully.
Follow us on Instagram to increase your chances of winning.
2026-04-18 22:49:05  DEBUG     +916091400454    SUCCESS   Thanks for participating! 1 image submitted successfully.
Follow us on Instagram to increase your chances of winning.
2026-04-18 22:49:12  DEBUG     +919906871219    SUCCESS   Thanks for participating! 1 image submitted successfully.
Follow us on Instagram to increase your chances of winning.
2026-04-18 22:49:22  DEBUG     +919416889795    SUCCESS   Thanks for participating! 1 image submitted successfully.
Follow us on Instagram to increase your chances of winning.
2026-04-18 22:49:29  DEBUG     +918119265451    SUCCESS   Thanks for participating! 1 image submitted successfully.
Follow us on Instagram to increase your chances of winning.
2026-04-18 22:49:37  DEBUG     +917740536585    SUCCESS   Thanks for participating! 1 image submitted successfully.
Follow us on Instagram to increase your chances of winning.
2026-04-18 22:49:45  DEBUG     +917582203358    SUCCESS   Thanks for participating! 1 image submitted successfully.
Follow us on Instagram to increase your chances of winning.
2026-04-18 22:49:52  DEBUG     +916565464609    SUCCESS   Thanks for participating! 1 image submitted successfully.
Follow us on Instagram to increase your chances of winning.
2026-04-18 22:50:03  DEBUG     +917412407596    SUCCESS   Thanks for participating! 1 image submitted successfully.
Follow us on Instagram to increase your chances of winning.
2026-04-18 22:50:03  DEBUG     Batch 63/1000 — 10 pair(s)
2026-04-18 22:50:10  DEBUG     +916708199811    SUCCESS   Thanks for participating! 1 image submitted successfully.
Follow us on Instagram to increase your chances of winning.
2026-04-18 22:50:21  DEBUG     +917915086249    SUCCESS   Thanks for participating! 1 image submitted successfully.
Follow us on Instagram to increase your chances of winning.
2026-04-18 22:50:29  DEBUG     +916291831958    SUCCESS   Thanks for participating! 1 image submitted successfully.
Follow us on Instagram to increase your chances of winning.
2026-04-18 22:50:38  DEBUG     +918876786163    SUCCESS   Thanks for participating! 1 image submitted successfully.
Follow us on Instagram to increase your chances of winning.
2026-04-18 22:50:45  DEBUG     +917105318626    SUCCESS   Thanks for participating! 1 image submitted successfully.
Follow us on Instagram to increase your chances of winning.
2026-04-18 22:50:53  DEBUG     +918043984201    SUCCESS   Thanks for participating! 1 image submitted successfully.
Follow us on Instagram to increase your chances of winning.
2026-04-18 22:51:00  DEBUG     +918531528333    SUCCESS   Thanks for participating! 1 image submitted successfully.
Follow us on Instagram to increase your chances of winning.
2026-04-18 22:51:09  DEBUG     +919099925007    SUCCESS   Thanks for participating! 1 image submitted successfully.
Follow us on Instagram to increase your chances of winning.
2026-04-18 22:51:19  DEBUG     +916596566401    SUCCESS   Thanks for participating! 1 image submitted successfully.
Follow us on Instagram to increase your chances of winning.
2026-04-18 22:51:27  DEBUG     +916683297234    SUCCESS   Thanks for participating! 1 image submitted successfully.
Follow us on Instagram to increase your chances of winning.
2026-04-18 22:51:27  DEBUG     Batch 64/1000 — 10 pair(s)
2026-04-18 22:51:44  DEBUG     +918399051043    SUCCESS   Thanks for participating! 1 image submitted successfully.
Follow us on Instagram to increase your chances of winning.
2026-04-18 22:51:55  DEBUG     +919287842101    SUCCESS   Thanks for participating! 1 image submitted successfully.
Follow us on Instagram to increase your chances of winning.
2026-04-18 22:52:03  DEBUG     +918755583980    SUCCESS   Thanks for participating! 1 image submitted successfully.
Follow us on Instagram to increase your chances of winning.
2026-04-18 22:52:11  DEBUG     +916069441373    SUCCESS   Thanks for participating! 1 image submitted successfully.
Follow us on Instagram to increase your chances of winning.
2026-04-18 22:52:21  DEBUG     +919628872679    SUCCESS   Thanks for participating! 1 image submitted successfully.
Follow us on Instagram to increase your chances of winning.
2026-04-18 22:52:29  DEBUG     +916431458515    SUCCESS   Thanks for participating! 1 image submitted successfully.
Follow us on Instagram to increase your chances of winning.
2026-04-18 22:52:36  DEBUG     +918593299520    SUCCESS   Thanks for participating! 1 image submitted successfully.
Follow us on Instagram to increase your chances of winning.
2026-04-18 22:52:52  DEBUG     +917154674472    SUCCESS   Thanks for participating! 1 image submitted successfully.
Follow us on Instagram to increase your chances of winning.
2026-04-18 22:53:01  DEBUG     +916568862421    SUCCESS   Thanks for participating! 1 image submitted successfully.
Follow us on Instagram to increase your chances of winning.
2026-04-18 22:53:09  DEBUG     +918455898233    SUCCESS   Thanks for participating! 1 image submitted successfully.
Follow us on Instagram to increase your chances of winning.
2026-04-18 22:53:09  DEBUG     Batch 65/1000 — 10 pair(s)
2026-04-18 22:53:17  DEBUG     +919418418679    SUCCESS   Thanks for participating! 1 image submitted successfully.
Follow us on Instagram to increase your chances of winning.
2026-04-18 22:53:38  DEBUG     +919570693761    SUCCESS   Thanks for participating! 1 image submitted successfully.
Follow us on Instagram to increase your chances of winning.
2026-04-18 22:53:45  DEBUG     +919022593993    SUCCESS   Thanks for participating! 1 image submitted successfully.
Follow us on Instagram to increase your chances of winning.
2026-04-18 22:53:53  DEBUG     +918745077878    SUCCESS   Thanks for participating! 1 image submitted successfully.
Follow us on Instagram to increase your chances of winning.
2026-04-18 22:54:01  DEBUG     +919001826403    SUCCESS   Thanks for participating! 1 image submitted successfully.
Follow us on Instagram to increase your chances of winning.
2026-04-18 22:54:11  DEBUG     +919899379605    SUCCESS   Thanks for participating! 1 image submitted successfully.
Follow us on Instagram to increase your chances of winning.
2026-04-18 22:54:19  DEBUG     +919888183582    SUCCESS   Thanks for participating! 1 image submitted successfully.
Follow us on Instagram to increase your chances of winning.
2026-04-18 22:54:27  DEBUG     +919820467769    SUCCESS   Thanks for participating! 1 image submitted successfully.
Follow us on Instagram to increase your chances of winning.
2026-04-18 22:54:35  DEBUG     +916880502356    SUCCESS   Thanks for participating! 1 image submitted successfully.
Follow us on Instagram to increase your chances of winning.
2026-04-18 22:54:43  DEBUG     +918026017582    SUCCESS   Thanks for participating! 1 image submitted successfully.
Follow us on Instagram to increase your chances of winning.
2026-04-18 22:54:43  DEBUG     Batch 66/1000 — 10 pair(s)
2026-04-18 22:54:51  DEBUG     +917697289092    SUCCESS   Thanks for participating! 1 image submitted successfully.
Follow us on Instagram to increase your chances of winning.
2026-04-18 22:55:07  DEBUG     +916596291999    SUCCESS   Thanks for participating! 1 image submitted successfully.
Follow us on Instagram to increase your chances of winning.
2026-04-18 22:55:15  DEBUG     +918183977982    SUCCESS   Thanks for participating! 1 image submitted successfully.
Follow us on Instagram to increase your chances of winning.
2026-04-18 22:55:23  DEBUG     +916221830497    SUCCESS   Thanks for participating! 1 image submitted successfully.
Follow us on Instagram to increase your chances of winning.
2026-04-18 22:55:30  DEBUG     +919189481518    SUCCESS   Thanks for participating! 1 image submitted successfully.
Follow us on Instagram to increase your chances of winning.
2026-04-18 22:55:40  DEBUG     +918117562501    SUCCESS   Thanks for participating! 1 image submitted successfully.
Follow us on Instagram to increase your chances of winning.
2026-04-18 22:55:51  DEBUG     +917392889204    SUCCESS   Thanks for participating! 1 image submitted successfully.
Follow us on Instagram to increase your chances of winning.
2026-04-18 22:55:59  DEBUG     +917154102214    SUCCESS   Thanks for participating! 1 image submitted successfully.
Follow us on Instagram to increase your chances of winning.
2026-04-18 22:56:09  DEBUG     +917850091574    SUCCESS   Thanks for participating! 1 image submitted successfully.
Follow us on Instagram to increase your chances of winning.
2026-04-18 22:56:16  DEBUG     +916794755020    SUCCESS   Thanks for participating! 1 image submitted successfully.
Follow us on Instagram to increase your chances of winning.
2026-04-18 22:56:16  DEBUG     Batch 67/1000 — 10 pair(s)
2026-04-18 22:56:24  DEBUG     +918513115849    SUCCESS   Thanks for participating! 1 image submitted successfully.
Follow us on Instagram to increase your chances of winning.
2026-04-18 22:56:34  DEBUG     +916046307368    SUCCESS   Thanks for participating! 1 image submitted successfully.
Follow us on Instagram to increase your chances of winning.
2026-04-18 22:56:41  DEBUG     +917521807579    SUCCESS   Thanks for participating! 1 image submitted successfully.
Follow us on Instagram to increase your chances of winning.
2026-04-18 22:56:49  DEBUG     +919622817751    SUCCESS   Thanks for participating! 1 image submitted successfully.
Follow us on Instagram to increase your chances of winning.
2026-04-18 22:56:58  DEBUG     +918160106781    SUCCESS   Thanks for participating! 1 image submitted successfully.
Follow us on Instagram to increase your chances of winning.
2026-04-18 22:57:14  DEBUG     +918700309341    SUCCESS   Thanks for participating! 1 image submitted successfully.
Follow us on Instagram to increase your chances of winning.
2026-04-18 22:57:24  DEBUG     +916148595641    SUCCESS   Thanks for participating! 1 image submitted successfully.
Follow us on Instagram to increase your chances of winning.
2026-04-18 22:57:31  DEBUG     +919644737455    SUCCESS   Thanks for participating! 1 image submitted successfully.
Follow us on Instagram to increase your chances of winning.
2026-04-18 22:57:39  DEBUG     +916891501105    SUCCESS   Thanks for participating! 1 image submitted successfully.
Follow us on Instagram to increase your chances of winning.
2026-04-18 22:57:47  DEBUG     +918733531772    SUCCESS   Thanks for participating! 1 image submitted successfully.
Follow us on Instagram to increase your chances of winning.
2026-04-18 22:57:47  DEBUG     Batch 68/1000 — 10 pair(s)
2026-04-18 22:57:54  DEBUG     +916708896124    SUCCESS   Thanks for participating! 1 image submitted successfully.
Follow us on Instagram to increase your chances of winning.
2026-04-18 22:58:05  DEBUG     +918718813890    SUCCESS   Thanks for participating! 1 image submitted successfully.
Follow us on Instagram to increase your chances of winning.
2026-04-18 22:58:13  DEBUG     +917567521333    SUCCESS   Thanks for participating! 1 image submitted successfully.
Follow us on Instagram to increase your chances of winning.
2026-04-18 22:58:23  DEBUG     +917937174234    SUCCESS   Thanks for participating! 1 image submitted successfully.
Follow us on Instagram to increase your chances of winning.
2026-04-18 22:58:32  DEBUG     +916741311878    SUCCESS   Thanks for participating! 1 image submitted successfully.
Follow us on Instagram to increase your chances of winning.
2026-04-18 22:58:40  DEBUG     +917778045388    SUCCESS   Thanks for participating! 1 image submitted successfully.
Follow us on Instagram to increase your chances of winning.
2026-04-18 22:58:47  DEBUG     +917206867198    SUCCESS   Thanks for participating! 1 image submitted successfully.
Follow us on Instagram to increase your chances of winning.
2026-04-18 22:58:54  DEBUG     +918593809401    SUCCESS   Thanks for participating! 1 image submitted successfully.
Follow us on Instagram to increase your chances of winning.
2026-04-18 22:59:10  DEBUG     +919033928572    SUCCESS   Thanks for participating! 1 image submitted successfully.
Follow us on Instagram to increase your chances of winning.
2026-04-18 22:59:21  DEBUG     +917098476545    SUCCESS   Thanks for participating! 1 image submitted successfully.
Follow us on Instagram to increase your chances of winning.
2026-04-18 22:59:21  DEBUG     Batch 69/1000 — 10 pair(s)
2026-04-18 22:59:31  DEBUG     +918587100674    SUCCESS   Thanks for participating! 1 image submitted successfully.
Follow us on Instagram to increase your chances of winning.
2026-04-18 22:59:39  DEBUG     +919180663455    SUCCESS   Thanks for participating! 1 image submitted successfully.
Follow us on Instagram to increase your chances of winning.
2026-04-18 22:59:47  DEBUG     +916117353080    SUCCESS   Thanks for participating! 1 image submitted successfully.
Follow us on Instagram to increase your chances of winning.
2026-04-18 22:59:55  DEBUG     +918585781046    SUCCESS   Thanks for participating! 1 image submitted successfully.
Follow us on Instagram to increase your chances of winning.
2026-04-18 23:00:03  DEBUG     +919969593309    SUCCESS   Thanks for participating! 1 image submitted successfully.
Follow us on Instagram to increase your chances of winning.
2026-04-18 23:00:11  DEBUG     +917006006326    SUCCESS   Thanks for participating! 1 image submitted successfully.
Follow us on Instagram to increase your chances of winning.
2026-04-18 23:00:19  DEBUG     +918723074500    SUCCESS   Thanks for participating! 1 image submitted successfully.
Follow us on Instagram to increase your chances of winning.
2026-04-18 23:00:26  DEBUG     +916326142753    SUCCESS   Thanks for participating! 1 image submitted successfully.
Follow us on Instagram to increase your chances of winning.
2026-04-18 23:00:37  DEBUG     +916429914660    SUCCESS   Thanks for participating! 1 image submitted successfully.
Follow us on Instagram to increase your chances of winning.
2026-04-18 23:00:44  DEBUG     +916715082977    SUCCESS   Thanks for participating! 1 image submitted successfully.
Follow us on Instagram to increase your chances of winning.
2026-04-18 23:00:44  DEBUG     Batch 70/1000 — 10 pair(s)
2026-04-18 23:00:54  DEBUG     +918109374212    SUCCESS   Thanks for participating! 1 image submitted successfully.
Follow us on Instagram to increase your chances of winning.
2026-04-18 23:01:05  DEBUG     +916157557176    SUCCESS   Thanks for participating! 1 image submitted successfully.
Follow us on Instagram to increase your chances of winning.
2026-04-18 23:01:12  DEBUG     +918853473522    SUCCESS   Thanks for participating! 1 image submitted successfully.
Follow us on Instagram to increase your chances of winning.
2026-04-18 23:01:20  DEBUG     +918378585538    SUCCESS   Thanks for participating! 1 image submitted successfully.
Follow us on Instagram to increase your chances of winning.
2026-04-18 23:01:30  DEBUG     +917398477818    SUCCESS   Thanks for participating! 1 image submitted successfully.
Follow us on Instagram to increase your chances of winning.
2026-04-18 23:01:40  DEBUG     +917258123731    SUCCESS   Thanks for participating! 1 image submitted successfully.
Follow us on Instagram to increase your chances of winning.
2026-04-18 23:01:48  DEBUG     +917879248991    SUCCESS   Thanks for participating! 1 image submitted successfully.
Follow us on Instagram to increase your chances of winning.
2026-04-18 23:01:59  DEBUG     +918325462788    SUCCESS   Thanks for participating! 1 image submitted successfully.
Follow us on Instagram to increase your chances of winning.
2026-04-18 23:02:09  DEBUG     +919927397201    SUCCESS   Thanks for participating! 1 image submitted successfully.
Follow us on Instagram to increase your chances of winning.
2026-04-18 23:02:17  DEBUG     +919657150761    SUCCESS   Thanks for participating! 1 image submitted successfully.
Follow us on Instagram to increase your chances of winning.
2026-04-18 23:02:17  DEBUG     Batch 71/1000 — 10 pair(s)
2026-04-18 23:02:26  DEBUG     +916399907616    SUCCESS   Thanks for participating! 1 image submitted successfully.
Follow us on Instagram to increase your chances of winning.
2026-04-18 23:02:33  DEBUG     +918062730143    SUCCESS   Thanks for participating! 1 image submitted successfully.
Follow us on Instagram to increase your chances of winning.
2026-04-18 23:02:41  DEBUG     +919839070479    SUCCESS   Thanks for participating! 1 image submitted successfully.
Follow us on Instagram to increase your chances of winning.
2026-04-18 23:02:50  DEBUG     +919370853542    SUCCESS   Thanks for participating! 1 image submitted successfully.
Follow us on Instagram to increase your chances of winning.
2026-04-18 23:03:01  DEBUG     +918564708504    SUCCESS   Thanks for participating! 1 image submitted successfully.
Follow us on Instagram to increase your chances of winning.
2026-04-18 23:03:08  DEBUG     +917765755869    SUCCESS   Thanks for participating! 1 image submitted successfully.
Follow us on Instagram to increase your chances of winning.
2026-04-18 23:03:29  DEBUG     +917574869578    SUCCESS   Thanks for participating! 1 image submitted successfully.
Follow us on Instagram to increase your chances of winning.
2026-04-18 23:03:36  DEBUG     +918852763224    SUCCESS   Thanks for participating! 1 image submitted successfully.
Follow us on Instagram to increase your chances of winning.
2026-04-18 23:03:46  DEBUG     +917106747343    SUCCESS   Thanks for participating! 1 image submitted successfully.
Follow us on Instagram to increase your chances of winning.
2026-04-18 23:03:53  DEBUG     +917279786750    SUCCESS   Thanks for participating! 1 image submitted successfully.
Follow us on Instagram to increase your chances of winning.
2026-04-18 23:03:53  DEBUG     Batch 72/1000 — 10 pair(s)
2026-04-18 23:04:01  DEBUG     +917756090569    SUCCESS   Thanks for participating! 1 image submitted successfully.
Follow us on Instagram to increase your chances of winning.
2026-04-18 23:04:09  DEBUG     +916433926465    SUCCESS   Thanks for participating! 1 image submitted successfully.
Follow us on Instagram to increase your chances of winning.
2026-04-18 23:04:16  DEBUG     +917238693934    SUCCESS   Thanks for participating! 1 image submitted successfully.
Follow us on Instagram to increase your chances of winning.
2026-04-18 23:04:26  DEBUG     +917247181219    SUCCESS   Thanks for participating! 1 image submitted successfully.
Follow us on Instagram to increase your chances of winning.
2026-04-18 23:04:36  DEBUG     +918947852890    SUCCESS   Thanks for participating! 1 image submitted successfully.
Follow us on Instagram to increase your chances of winning.
2026-04-18 23:04:46  DEBUG     +916200213410    SUCCESS   Thanks for participating! 1 image submitted successfully.
Follow us on Instagram to increase your chances of winning.
2026-04-18 23:04:56  DEBUG     +919081073574    SUCCESS   Thanks for participating! 1 image submitted successfully.
Follow us on Instagram to increase your chances of winning.
2026-04-18 23:05:03  DEBUG     +917909947229    SUCCESS   Thanks for participating! 1 image submitted successfully.
Follow us on Instagram to increase your chances of winning.
2026-04-18 23:05:11  DEBUG     +917861749176    SUCCESS   Thanks for participating! 1 image submitted successfully.
Follow us on Instagram to increase your chances of winning.
2026-04-18 23:05:21  DEBUG     +918145983637    SUCCESS   Thanks for participating! 1 image submitted successfully.
Follow us on Instagram to increase your chances of winning.
2026-04-18 23:05:21  DEBUG     Batch 73/1000 — 10 pair(s)
2026-04-18 23:05:29  DEBUG     +919156728778    SUCCESS   Thanks for participating! 1 image submitted successfully.
Follow us on Instagram to increase your chances of winning.
2026-04-18 23:05:37  DEBUG     +916624902102    SUCCESS   Thanks for participating! 1 image submitted successfully.
Follow us on Instagram to increase your chances of winning.
2026-04-18 23:05:45  DEBUG     +918386748869    SUCCESS   Thanks for participating! 1 image submitted successfully.
Follow us on Instagram to increase your chances of winning.
2026-04-18 23:05:53  DEBUG     +917355201857    SUCCESS   Thanks for participating! 1 image submitted successfully.
Follow us on Instagram to increase your chances of winning.
2026-04-18 23:06:01  DEBUG     +916440252264    SUCCESS   Thanks for participating! 1 image submitted successfully.
Follow us on Instagram to increase your chances of winning.
2026-04-18 23:06:08  DEBUG     +919660551395    SUCCESS   Thanks for participating! 1 image submitted successfully.
Follow us on Instagram to increase your chances of winning.
2026-04-18 23:06:18  DEBUG     +919982478967    SUCCESS   Thanks for participating! 1 image submitted successfully.
Follow us on Instagram to increase your chances of winning.
2026-04-18 23:06:25  DEBUG     +917402733338    SUCCESS   Thanks for participating! 1 image submitted successfully.
Follow us on Instagram to increase your chances of winning.
2026-04-18 23:06:32  DEBUG     +919045819989    SUCCESS   Thanks for participating! 1 image submitted successfully.
Follow us on Instagram to increase your chances of winning.
2026-04-18 23:06:42  DEBUG     +916920169632    SUCCESS   Thanks for participating! 1 image submitted successfully.
Follow us on Instagram to increase your chances of winning.
2026-04-18 23:06:42  DEBUG     Batch 74/1000 — 10 pair(s)
2026-04-18 23:06:51  DEBUG     +917477720134    SUCCESS   Thanks for participating! 1 image submitted successfully.
Follow us on Instagram to increase your chances of winning.
2026-04-18 23:06:58  DEBUG     +918508877586    SUCCESS   Thanks for participating! 1 image submitted successfully.
Follow us on Instagram to increase your chances of winning.
2026-04-18 23:07:08  DEBUG     +916205202335    SUCCESS   Thanks for participating! 1 image submitted successfully.
Follow us on Instagram to increase your chances of winning.
2026-04-18 23:07:15  DEBUG     +918215809255    SUCCESS   Thanks for participating! 1 image submitted successfully.
Follow us on Instagram to increase your chances of winning.
2026-04-18 23:07:23  DEBUG     +917926037291    SUCCESS   Thanks for participating! 1 image submitted successfully.
Follow us on Instagram to increase your chances of winning.
2026-04-18 23:07:31  DEBUG     +916468170294    SUCCESS   Thanks for participating! 1 image submitted successfully.
Follow us on Instagram to increase your chances of winning.
2026-04-18 23:07:39  DEBUG     +916039516947    SUCCESS   Thanks for participating! 1 image submitted successfully.
Follow us on Instagram to increase your chances of winning.
2026-04-18 23:07:49  DEBUG     +918667689770    SUCCESS   Thanks for participating! 1 image submitted successfully.
Follow us on Instagram to increase your chances of winning.
2026-04-18 23:07:57  DEBUG     +916960142704    SUCCESS   Thanks for participating! 1 image submitted successfully.
Follow us on Instagram to increase your chances of winning.
2026-04-18 23:08:05  DEBUG     +918868286267    SUCCESS   Thanks for participating! 1 image submitted successfully.
Follow us on Instagram to increase your chances of winning.
2026-04-18 23:08:05  DEBUG     Batch 75/1000 — 10 pair(s)
2026-04-18 23:08:19  DEBUG     +917125699673    SUCCESS   Thanks for participating! 1 image submitted successfully.
Follow us on Instagram to increase your chances of winning.
2026-04-18 23:08:27  DEBUG     +918620257050    SUCCESS   Thanks for participating! 1 image submitted successfully.
Follow us on Instagram to increase your chances of winning.
2026-04-18 23:08:35  DEBUG     +919590313292    SUCCESS   Thanks for participating! 1 image submitted successfully.
Follow us on Instagram to increase your chances of winning.
2026-04-18 23:08:49  DEBUG     +917762044802    SUCCESS   Thanks for participating! 1 image submitted successfully.
Follow us on Instagram to increase your chances of winning.
2026-04-18 23:08:57  DEBUG     +919379721366    SUCCESS   Thanks for participating! 1 image submitted successfully.
Follow us on Instagram to increase your chances of winning.
2026-04-18 23:09:05  DEBUG     +916796929661    SUCCESS   Thanks for participating! 1 image submitted successfully.
Follow us on Instagram to increase your chances of winning.
2026-04-18 23:09:13  DEBUG     +917171957605    SUCCESS   Thanks for participating! 1 image submitted successfully.
Follow us on Instagram to increase your chances of winning.
2026-04-18 23:09:22  DEBUG     +918650847549    SUCCESS   Thanks for participating! 1 image submitted successfully.
Follow us on Instagram to increase your chances of winning.
2026-04-18 23:09:30  DEBUG     +919180958393    SUCCESS   Thanks for participating! 1 image submitted successfully.
Follow us on Instagram to increase your chances of winning.
2026-04-18 23:09:37  DEBUG     +916113132439    SUCCESS   Thanks for participating! 1 image submitted successfully.
Follow us on Instagram to increase your chances of winning.
2026-04-18 23:09:37  DEBUG     Batch 76/1000 — 10 pair(s)
2026-04-18 23:09:47  DEBUG     +916445168145    SUCCESS   Thanks for participating! 1 image submitted successfully.
Follow us on Instagram to increase your chances of winning.
2026-04-18 23:09:55  DEBUG     +917528801340    SUCCESS   Thanks for participating! 1 image submitted successfully.
Follow us on Instagram to increase your chances of winning.
2026-04-18 23:10:03  DEBUG     +919112027709    SUCCESS   Thanks for participating! 1 image submitted successfully.
Follow us on Instagram to increase your chances of winning.
2026-04-18 23:10:11  DEBUG     +918749051101    SUCCESS   Thanks for participating! 1 image submitted successfully.
Follow us on Instagram to increase your chances of winning.
2026-04-18 23:10:19  DEBUG     +917011149864    SUCCESS   Thanks for participating! 1 image submitted successfully.
Follow us on Instagram to increase your chances of winning.
2026-04-18 23:10:27  DEBUG     +919106527018    SUCCESS   Thanks for participating! 1 image submitted successfully.
Follow us on Instagram to increase your chances of winning.
2026-04-18 23:10:38  DEBUG     +919620556145    SUCCESS   Thanks for participating! 1 image submitted successfully.
Follow us on Instagram to increase your chances of winning.
2026-04-18 23:10:48  DEBUG     +917355087586    SUCCESS   Thanks for participating! 1 image submitted successfully.
Follow us on Instagram to increase your chances of winning.
2026-04-18 23:10:59  DEBUG     +919490205933    SUCCESS   Thanks for participating! 1 image submitted successfully.
Follow us on Instagram to increase your chances of winning.
2026-04-18 23:11:10  DEBUG     +917158950408    SUCCESS   Thanks for participating! 1 image submitted successfully.
Follow us on Instagram to increase your chances of winning.
2026-04-18 23:11:10  DEBUG     Batch 77/1000 — 10 pair(s)
2026-04-18 23:11:20  DEBUG     +916351311120    SUCCESS   Thanks for participating! 1 image submitted successfully.
Follow us on Instagram to increase your chances of winning.
2026-04-18 23:11:31  DEBUG     +919837997431    SUCCESS   Thanks for participating! 1 image submitted successfully.
Follow us on Instagram to increase your chances of winning.
2026-04-18 23:11:38  DEBUG     +916280844923    SUCCESS   Thanks for participating! 1 image submitted successfully.
Follow us on Instagram to increase your chances of winning.
2026-04-18 23:11:46  DEBUG     +918813503995    SUCCESS   Thanks for participating! 1 image submitted successfully.
Follow us on Instagram to increase your chances of winning.
2026-04-18 23:11:57  DEBUG     +918945132194    SUCCESS   Thanks for participating! 1 image submitted successfully.
Follow us on Instagram to increase your chances of winning.
2026-04-18 23:12:04  DEBUG     +916156825650    SUCCESS   Thanks for participating! 1 image submitted successfully.
Follow us on Instagram to increase your chances of winning.
2026-04-18 23:12:14  DEBUG     +918075449495    SUCCESS   Thanks for participating! 1 image submitted successfully.
Follow us on Instagram to increase your chances of winning.
2026-04-18 23:12:25  DEBUG     +917990153267    SUCCESS   Thanks for participating! 1 image submitted successfully.
Follow us on Instagram to increase your chances of winning.
2026-04-18 23:12:35  DEBUG     +918320771090    SUCCESS   Thanks for participating! 1 image submitted successfully.
Follow us on Instagram to increase your chances of winning.
2026-04-18 23:12:42  DEBUG     +918247360554    SUCCESS   Thanks for participating! 1 image submitted successfully.
Follow us on Instagram to increase your chances of winning.
2026-04-18 23:12:42  DEBUG     Batch 78/1000 — 10 pair(s)
2026-04-18 23:12:52  DEBUG     +918289235866    SUCCESS   Thanks for participating! 1 image submitted successfully.
Follow us on Instagram to increase your chances of winning.
2026-04-18 23:13:02  DEBUG     +918285381453    SUCCESS   Thanks for participating! 1 image submitted successfully.
Follow us on Instagram to increase your chances of winning.
2026-04-18 23:13:13  DEBUG     +916725116539    SUCCESS   Thanks for participating! 1 image submitted successfully.
Follow us on Instagram to increase your chances of winning.
2026-04-18 23:13:21  DEBUG     +917896245734    SUCCESS   Thanks for participating! 1 image submitted successfully.
Follow us on Instagram to increase your chances of winning.
2026-04-18 23:13:28  DEBUG     +919675234616    SUCCESS   Thanks for participating! 1 image submitted successfully.
Follow us on Instagram to increase your chances of winning.
2026-04-18 23:13:40  DEBUG     +917138731421    SUCCESS   Thanks for participating! 1 image submitted successfully.
Follow us on Instagram to increase your chances of winning.
2026-04-18 23:13:47  DEBUG     +917674269918    SUCCESS   Thanks for participating! 1 image submitted successfully.
Follow us on Instagram to increase your chances of winning.
2026-04-18 23:13:55  DEBUG     +919576704579    SUCCESS   Thanks for participating! 1 image submitted successfully.
Follow us on Instagram to increase your chances of winning.
2026-04-18 23:14:02  DEBUG     +917604628017    SUCCESS   Thanks for participating! 1 image submitted successfully.
Follow us on Instagram to increase your chances of winning.
2026-04-18 23:14:18  DEBUG     +918943911512    SUCCESS   Thanks for participating! 1 image submitted successfully.
Follow us on Instagram to increase your chances of winning.
2026-04-18 23:14:18  DEBUG     Batch 79/1000 — 10 pair(s)
2026-04-18 23:14:29  DEBUG     +919869951621    SUCCESS   Thanks for participating! 1 image submitted successfully.
Follow us on Instagram to increase your chances of winning.
2026-04-18 23:14:37  DEBUG     +916424951661    SUCCESS   Thanks for participating! 1 image submitted successfully.
Follow us on Instagram to increase your chances of winning.
2026-04-18 23:14:45  DEBUG     +919441987288    SUCCESS   Thanks for participating! 1 image submitted successfully.
Follow us on Instagram to increase your chances of winning.
2026-04-18 23:14:55  DEBUG     +916596711876    SUCCESS   Thanks for participating! 1 image submitted successfully.
Follow us on Instagram to increase your chances of winning.
2026-04-18 23:15:03  DEBUG     +918962324639    SUCCESS   Thanks for participating! 1 image submitted successfully.
Follow us on Instagram to increase your chances of winning.
2026-04-18 23:15:12  DEBUG     +916316627092    SUCCESS   Thanks for participating! 1 image submitted successfully.
Follow us on Instagram to increase your chances of winning.
2026-04-18 23:15:19  DEBUG     +919782878068    SUCCESS   Thanks for participating! 1 image submitted successfully.
Follow us on Instagram to increase your chances of winning.
2026-04-18 23:15:26  DEBUG     +918322451351    SUCCESS   Thanks for participating! 1 image submitted successfully.
Follow us on Instagram to increase your chances of winning.
2026-04-18 23:15:36  DEBUG     +916050348634    SUCCESS   Thanks for participating! 1 image submitted successfully.
Follow us on Instagram to increase your chances of winning.
2026-04-18 23:15:46  DEBUG     +919189529563    SUCCESS   Thanks for participating! 1 image submitted successfully.
Follow us on Instagram to increase your chances of winning.
2026-04-18 23:15:46  DEBUG     Batch 80/1000 — 10 pair(s)
2026-04-18 23:15:53  DEBUG     +918724463510    SUCCESS   Thanks for participating! 1 image submitted successfully.
Follow us on Instagram to increase your chances of winning.
2026-04-18 23:16:01  DEBUG     +916432613818    SUCCESS   Thanks for participating! 1 image submitted successfully.
Follow us on Instagram to increase your chances of winning.
2026-04-18 23:16:08  DEBUG     +918058061980    SUCCESS   Thanks for participating! 1 image submitted successfully.
Follow us on Instagram to increase your chances of winning.
2026-04-18 23:16:18  DEBUG     +919955768940    SUCCESS   Thanks for participating! 1 image submitted successfully.
Follow us on Instagram to increase your chances of winning.
2026-04-18 23:16:28  DEBUG     +916786484927    SUCCESS   Thanks for participating! 1 image submitted successfully.
Follow us on Instagram to increase your chances of winning.
2026-04-18 23:16:37  DEBUG     +916195838479    SUCCESS   Thanks for participating! 1 image submitted successfully.
Follow us on Instagram to increase your chances of winning.
2026-04-18 23:16:44  DEBUG     +917236443522    SUCCESS   Thanks for participating! 1 image submitted successfully.
Follow us on Instagram to increase your chances of winning.
2026-04-18 23:16:55  DEBUG     +917111492331    SUCCESS   Thanks for participating! 1 image submitted successfully.
Follow us on Instagram to increase your chances of winning.
2026-04-18 23:17:03  DEBUG     +916367473061    SUCCESS   Thanks for participating! 1 image submitted successfully.
Follow us on Instagram to increase your chances of winning.
2026-04-18 23:17:10  DEBUG     +916644109263    SUCCESS   Thanks for participating! 1 image submitted successfully.
Follow us on Instagram to increase your chances of winning.
2026-04-18 23:17:10  DEBUG     Batch 81/1000 — 10 pair(s)
2026-04-18 23:17:18  DEBUG     +916881973731    SUCCESS   Thanks for participating! 1 image submitted successfully.
Follow us on Instagram to increase your chances of winning.
2026-04-18 23:17:33  DEBUG     +918438118285    SUCCESS   Thanks for participating! 1 image submitted successfully.
Follow us on Instagram to increase your chances of winning.
2026-04-18 23:17:41  DEBUG     +918681994783    SUCCESS   Thanks for participating! 1 image submitted successfully.
Follow us on Instagram to increase your chances of winning.
2026-04-18 23:17:49  DEBUG     +918625739666    SUCCESS   Thanks for participating! 1 image submitted successfully.
Follow us on Instagram to increase your chances of winning.
2026-04-18 23:17:57  DEBUG     +918324253453    SUCCESS   Thanks for participating! 1 image submitted successfully.
Follow us on Instagram to increase your chances of winning.
2026-04-18 23:18:05  DEBUG     +918174043864    SUCCESS   Thanks for participating! 1 image submitted successfully.
Follow us on Instagram to increase your chances of winning.
2026-04-18 23:18:21  DEBUG     +916607930468    SUCCESS   Thanks for participating! 1 image submitted successfully.
Follow us on Instagram to increase your chances of winning.
2026-04-18 23:18:31  DEBUG     +919451198235    SUCCESS   Thanks for participating! 1 image submitted successfully.
Follow us on Instagram to increase your chances of winning.
2026-04-18 23:18:39  DEBUG     +918005222740    SUCCESS   Thanks for participating! 1 image submitted successfully.
Follow us on Instagram to increase your chances of winning.
2026-04-18 23:18:47  DEBUG     +916340961357    SUCCESS   Thanks for participating! 1 image submitted successfully.
Follow us on Instagram to increase your chances of winning.
2026-04-18 23:18:47  DEBUG     Batch 82/1000 — 10 pair(s)
2026-04-18 23:18:57  DEBUG     +918814208906    SUCCESS   Thanks for participating! 1 image submitted successfully.
Follow us on Instagram to increase your chances of winning.
2026-04-18 23:19:05  DEBUG     +918749569551    SUCCESS   Thanks for participating! 1 image submitted successfully.
Follow us on Instagram to increase your chances of winning.
2026-04-18 23:19:15  DEBUG     +919137248452    SUCCESS   Thanks for participating! 1 image submitted successfully.
Follow us on Instagram to increase your chances of winning.
2026-04-18 23:19:22  DEBUG     +918340327988    SUCCESS   Thanks for participating! 1 image submitted successfully.
Follow us on Instagram to increase your chances of winning.
2026-04-18 23:19:31  DEBUG     +918525055042    SUCCESS   Thanks for participating! 1 image submitted successfully.
Follow us on Instagram to increase your chances of winning.
2026-04-18 23:19:38  DEBUG     +919915924241    SUCCESS   Thanks for participating! 1 image submitted successfully.
Follow us on Instagram to increase your chances of winning.
2026-04-18 23:19:49  DEBUG     +919428952624    SUCCESS   Thanks for participating! 1 image submitted successfully.
Follow us on Instagram to increase your chances of winning.
2026-04-18 23:19:57  DEBUG     +919816864959    SUCCESS   Thanks for participating! 1 image submitted successfully.
Follow us on Instagram to increase your chances of winning.
2026-04-18 23:20:06  DEBUG     +918722986076    SUCCESS   Thanks for participating! 1 image submitted successfully.
Follow us on Instagram to increase your chances of winning.
2026-04-18 23:20:14  DEBUG     +919025264513    SUCCESS   Thanks for participating! 1 image submitted successfully.
Follow us on Instagram to increase your chances of winning.
2026-04-18 23:20:14  DEBUG     Batch 83/1000 — 10 pair(s)
2026-04-18 23:20:24  DEBUG     +917618189813    SUCCESS   Thanks for participating! 1 image submitted successfully.
Follow us on Instagram to increase your chances of winning.
2026-04-18 23:20:34  DEBUG     +918959007994    SUCCESS   Thanks for participating! 1 image submitted successfully.
Follow us on Instagram to increase your chances of winning.
2026-04-18 23:20:45  DEBUG     +916253426383    SUCCESS   Thanks for participating! 1 image submitted successfully.
Follow us on Instagram to increase your chances of winning.
2026-04-18 23:20:53  DEBUG     +918966916554    SUCCESS   Thanks for participating! 1 image submitted successfully.
Follow us on Instagram to increase your chances of winning.
2026-04-18 23:21:03  DEBUG     +917016314463    SUCCESS   Thanks for participating! 1 image submitted successfully.
Follow us on Instagram to increase your chances of winning.
2026-04-18 23:21:10  DEBUG     +917345443476    SUCCESS   Thanks for participating! 1 image submitted successfully.
Follow us on Instagram to increase your chances of winning.
2026-04-18 23:21:18  DEBUG     +916788583733    SUCCESS   Thanks for participating! 1 image submitted successfully.
Follow us on Instagram to increase your chances of winning.
2026-04-18 23:21:29  DEBUG     +919175005062    SUCCESS   Thanks for participating! 1 image submitted successfully.
Follow us on Instagram to increase your chances of winning.
2026-04-18 23:21:37  DEBUG     +919450749248    SUCCESS   Thanks for participating! 1 image submitted successfully.
Follow us on Instagram to increase your chances of winning.
2026-04-18 23:21:44  DEBUG     +917175067812    SUCCESS   Thanks for participating! 1 image submitted successfully.
Follow us on Instagram to increase your chances of winning.
2026-04-18 23:21:44  DEBUG     Batch 84/1000 — 10 pair(s)
2026-04-18 23:21:52  DEBUG     +919896305293    SUCCESS   Thanks for participating! 1 image submitted successfully.
Follow us on Instagram to increase your chances of winning.
2026-04-18 23:22:03  DEBUG     +917325296065    SUCCESS   Thanks for participating! 1 image submitted successfully.
Follow us on Instagram to increase your chances of winning.
2026-04-18 23:22:11  DEBUG     +917985389121    SUCCESS   Thanks for participating! 1 image submitted successfully.
Follow us on Instagram to increase your chances of winning.
2026-04-18 23:22:18  DEBUG     +917481465731    SUCCESS   Thanks for participating! 1 image submitted successfully.
Follow us on Instagram to increase your chances of winning.
2026-04-18 23:22:29  DEBUG     +918753517320    SUCCESS   Thanks for participating! 1 image submitted successfully.
Follow us on Instagram to increase your chances of winning.
2026-04-18 23:22:40  DEBUG     +918698069737    SUCCESS   Thanks for participating! 1 image submitted successfully.
Follow us on Instagram to increase your chances of winning.
2026-04-18 23:22:50  DEBUG     +916188343894    SUCCESS   Thanks for participating! 1 image submitted successfully.
Follow us on Instagram to increase your chances of winning.
2026-04-18 23:22:59  DEBUG     +918113163712    SUCCESS   Thanks for participating! 1 image submitted successfully.
Follow us on Instagram to increase your chances of winning.
2026-04-18 23:23:07  DEBUG     +916580778604    SUCCESS   Thanks for participating! 1 image submitted successfully.
Follow us on Instagram to increase your chances of winning.
2026-04-18 23:23:15  DEBUG     +918633569696    SUCCESS   Thanks for participating! 1 image submitted successfully.
Follow us on Instagram to increase your chances of winning.
2026-04-18 23:23:15  DEBUG     Batch 85/1000 — 10 pair(s)
2026-04-18 23:23:22  DEBUG     +917216732605    SUCCESS   Thanks for participating! 1 image submitted successfully.
Follow us on Instagram to increase your chances of winning.
2026-04-18 23:23:33  DEBUG     +918462668168    SUCCESS   Thanks for participating! 1 image submitted successfully.
Follow us on Instagram to increase your chances of winning.
2026-04-18 23:23:41  DEBUG     +919185804062    SUCCESS   Thanks for participating! 1 image submitted successfully.
Follow us on Instagram to increase your chances of winning.
2026-04-18 23:23:49  DEBUG     +919427676804    SUCCESS   Thanks for participating! 1 image submitted successfully.
Follow us on Instagram to increase your chances of winning.
2026-04-18 23:23:57  DEBUG     +917941284753    SUCCESS   Thanks for participating! 1 image submitted successfully.
Follow us on Instagram to increase your chances of winning.
2026-04-18 23:24:04  DEBUG     +917339767335    SUCCESS   Thanks for participating! 1 image submitted successfully.
Follow us on Instagram to increase your chances of winning.
2026-04-18 23:24:15  DEBUG     +918004319535    SUCCESS   Thanks for participating! 1 image submitted successfully.
Follow us on Instagram to increase your chances of winning.
2026-04-18 23:24:25  DEBUG     +918883037815    SUCCESS   Thanks for participating! 1 image submitted successfully.
Follow us on Instagram to increase your chances of winning.
2026-04-18 23:24:32  DEBUG     +917183527745    SUCCESS   Thanks for participating! 1 image submitted successfully.
Follow us on Instagram to increase your chances of winning.
2026-04-18 23:24:41  DEBUG     +919197497193    SUCCESS   Thanks for participating! 1 image submitted successfully.
Follow us on Instagram to increase your chances of winning.
2026-04-18 23:24:41  DEBUG     Batch 86/1000 — 10 pair(s)
2026-04-18 23:24:49  DEBUG     +919692143094    SUCCESS   Thanks for participating! 1 image submitted successfully.
Follow us on Instagram to increase your chances of winning.
2026-04-18 23:24:57  DEBUG     +916290487714    SUCCESS   Thanks for participating! 1 image submitted successfully.
Follow us on Instagram to increase your chances of winning.
2026-04-18 23:25:05  DEBUG     +916322143339    SUCCESS   Thanks for participating! 1 image submitted successfully.
Follow us on Instagram to increase your chances of winning.
2026-04-18 23:25:13  DEBUG     +917588105585    SUCCESS   Thanks for participating! 1 image submitted successfully.
Follow us on Instagram to increase your chances of winning.
2026-04-18 23:25:22  DEBUG     +918103783919    SUCCESS   Thanks for participating! 1 image submitted successfully.
Follow us on Instagram to increase your chances of winning.
2026-04-18 23:25:31  DEBUG     +919150274573    SUCCESS   Thanks for participating! 1 image submitted successfully.
Follow us on Instagram to increase your chances of winning.
2026-04-18 23:25:40  DEBUG     +916552183164    SUCCESS   Thanks for participating! 1 image submitted successfully.
Follow us on Instagram to increase your chances of winning.
2026-04-18 23:25:47  DEBUG     +918362526221    SUCCESS   Thanks for participating! 1 image submitted successfully.
Follow us on Instagram to increase your chances of winning.
2026-04-18 23:25:55  DEBUG     +916917508723    SUCCESS   Thanks for participating! 1 image submitted successfully.
Follow us on Instagram to increase your chances of winning.
2026-04-18 23:26:03  DEBUG     +917302433978    SUCCESS   Thanks for participating! 1 image submitted successfully.
Follow us on Instagram to increase your chances of winning.
2026-04-18 23:26:03  DEBUG     Batch 87/1000 — 10 pair(s)
2026-04-18 23:26:11  DEBUG     +918926499030    SUCCESS   Thanks for participating! 1 image submitted successfully.
Follow us on Instagram to increase your chances of winning.
2026-04-18 23:26:18  DEBUG     +916914370268    SUCCESS   Thanks for participating! 1 image submitted successfully.
Follow us on Instagram to increase your chances of winning.
2026-04-18 23:26:29  DEBUG     +917529457952    SUCCESS   Thanks for participating! 1 image submitted successfully.
Follow us on Instagram to increase your chances of winning.
2026-04-18 23:26:37  DEBUG     +917893373001    SUCCESS   Thanks for participating! 1 image submitted successfully.
Follow us on Instagram to increase your chances of winning.
2026-04-18 23:26:46  DEBUG     +916848855337    SUCCESS   Thanks for participating! 1 image submitted successfully.
Follow us on Instagram to increase your chances of winning.
2026-04-18 23:26:57  DEBUG     +917211890924    SUCCESS   Thanks for participating! 1 image submitted successfully.
Follow us on Instagram to increase your chances of winning.
2026-04-18 23:27:05  DEBUG     +917669670625    SUCCESS   Thanks for participating! 1 image submitted successfully.
Follow us on Instagram to increase your chances of winning.
2026-04-18 23:27:13  DEBUG     +917069093296    SUCCESS   Thanks for participating! 1 image submitted successfully.
Follow us on Instagram to increase your chances of winning.
2026-04-18 23:27:21  DEBUG     +916760805697    SUCCESS   Thanks for participating! 1 image submitted successfully.
Follow us on Instagram to increase your chances of winning.
2026-04-18 23:27:28  DEBUG     +918931144595    SUCCESS   Thanks for participating! 1 image submitted successfully.
Follow us on Instagram to increase your chances of winning.
2026-04-18 23:27:28  DEBUG     Batch 88/1000 — 10 pair(s)
2026-04-18 23:27:38  DEBUG     +917034298583    SUCCESS   Thanks for participating! 1 image submitted successfully.
Follow us on Instagram to increase your chances of winning.
2026-04-18 23:27:47  DEBUG     +919595100848    SUCCESS   Thanks for participating! 1 image submitted successfully.
Follow us on Instagram to increase your chances of winning.
2026-04-18 23:28:01  DEBUG     +917799957540    SUCCESS   Thanks for participating! 1 image submitted successfully.
Follow us on Instagram to increase your chances of winning.
2026-04-18 23:28:09  DEBUG     +919218795907    SUCCESS   Thanks for participating! 1 image submitted successfully.
Follow us on Instagram to increase your chances of winning.
2026-04-18 23:28:17  DEBUG     +918928725866    SUCCESS   Thanks for participating! 1 image submitted successfully.
Follow us on Instagram to increase your chances of winning.
2026-04-18 23:28:24  DEBUG     +919428184178    SUCCESS   Thanks for participating! 1 image submitted successfully.
Follow us on Instagram to increase your chances of winning.
2026-04-18 23:28:34  DEBUG     +916053279232    SUCCESS   Thanks for participating! 1 image submitted successfully.
Follow us on Instagram to increase your chances of winning.
2026-04-18 23:28:44  DEBUG     +916980179021    SUCCESS   Thanks for participating! 1 image submitted successfully.
Follow us on Instagram to increase your chances of winning.
2026-04-18 23:28:55  DEBUG     +916228882637    SUCCESS   Thanks for participating! 1 image submitted successfully.
Follow us on Instagram to increase your chances of winning.
2026-04-18 23:29:03  DEBUG     +917874959192    SUCCESS   Thanks for participating! 1 image submitted successfully.
Follow us on Instagram to increase your chances of winning.
2026-04-18 23:29:03  DEBUG     Batch 89/1000 — 10 pair(s)
2026-04-18 23:29:10  DEBUG     +917091689561    SUCCESS   Thanks for participating! 1 image submitted successfully.
Follow us on Instagram to increase your chances of winning.
2026-04-18 23:29:21  DEBUG     +918901076298    SUCCESS   Thanks for participating! 1 image submitted successfully.
Follow us on Instagram to increase your chances of winning.
2026-04-18 23:29:28  DEBUG     +918440234196    SUCCESS   Thanks for participating! 1 image submitted successfully.
Follow us on Instagram to increase your chances of winning.
2026-04-18 23:29:35  DEBUG     +917821411690    SUCCESS   Thanks for participating! 1 image submitted successfully.
Follow us on Instagram to increase your chances of winning.
2026-04-18 23:29:42  DEBUG     +919746710628    SUCCESS   Thanks for participating! 1 image submitted successfully.
Follow us on Instagram to increase your chances of winning.
2026-04-18 23:29:52  DEBUG     +916611093082    SUCCESS   Thanks for participating! 1 image submitted successfully.
Follow us on Instagram to increase your chances of winning.
2026-04-18 23:30:02  DEBUG     +919349414269    SUCCESS   Thanks for participating! 1 image submitted successfully.
Follow us on Instagram to increase your chances of winning.
2026-04-18 23:30:12  DEBUG     +916180915583    SUCCESS   Thanks for participating! 1 image submitted successfully.
Follow us on Instagram to increase your chances of winning.
2026-04-18 23:30:21  DEBUG     +916756621037    SUCCESS   Thanks for participating! 1 image submitted successfully.
Follow us on Instagram to increase your chances of winning.
2026-04-18 23:30:30  DEBUG     +919967907470    SUCCESS   Thanks for participating! 1 image submitted successfully.
Follow us on Instagram to increase your chances of winning.
2026-04-18 23:30:30  DEBUG     Batch 90/1000 — 10 pair(s)
2026-04-18 23:30:37  DEBUG     +917070750557    SUCCESS   Thanks for participating! 1 image submitted successfully.
Follow us on Instagram to increase your chances of winning.
2026-04-18 23:30:44  DEBUG     +916081031040    SUCCESS   Thanks for participating! 1 image submitted successfully.
Follow us on Instagram to increase your chances of winning.
2026-04-18 23:30:54  DEBUG     +917365991467    SUCCESS   Thanks for participating! 1 image submitted successfully.
Follow us on Instagram to increase your chances of winning.
2026-04-18 23:31:04  DEBUG     +918813101815    SUCCESS   Thanks for participating! 1 image submitted successfully.
Follow us on Instagram to increase your chances of winning.
2026-04-18 23:31:14  DEBUG     +919342774248    SUCCESS   Thanks for participating! 1 image submitted successfully.
Follow us on Instagram to increase your chances of winning.
2026-04-18 23:31:24  DEBUG     +916506221521    SUCCESS   Thanks for participating! 1 image submitted successfully.
Follow us on Instagram to increase your chances of winning.
2026-04-18 23:31:32  DEBUG     +919692868994    SUCCESS   Thanks for participating! 1 image submitted successfully.
Follow us on Instagram to increase your chances of winning.
2026-04-18 23:31:42  DEBUG     +918366198285    SUCCESS   Thanks for participating! 1 image submitted successfully.
Follow us on Instagram to increase your chances of winning.
2026-04-18 23:31:51  DEBUG     +919143503032    SUCCESS   Thanks for participating! 1 image submitted successfully.
Follow us on Instagram to increase your chances of winning.
2026-04-18 23:31:59  DEBUG     +919805277289    SUCCESS   Thanks for participating! 1 image submitted successfully.
Follow us on Instagram to increase your chances of winning.
2026-04-18 23:31:59  DEBUG     Batch 91/1000 — 10 pair(s)
2026-04-18 23:32:06  DEBUG     +917948675779    SUCCESS   Thanks for participating! 1 image submitted successfully.
Follow us on Instagram to increase your chances of winning.
2026-04-18 23:32:15  DEBUG     +917994114835    SUCCESS   Thanks for participating! 1 image submitted successfully.
Follow us on Instagram to increase your chances of winning.
2026-04-18 23:32:22  DEBUG     +918723916127    SUCCESS   Thanks for participating! 1 image submitted successfully.
Follow us on Instagram to increase your chances of winning.
2026-04-18 23:32:33  DEBUG     +918512168548    SUCCESS   Thanks for participating! 1 image submitted successfully.
Follow us on Instagram to increase your chances of winning.
2026-04-18 23:32:40  DEBUG     +917631455380    SUCCESS   Thanks for participating! 1 image submitted successfully.
Follow us on Instagram to increase your chances of winning.
2026-04-18 23:32:49  DEBUG     +919774299454    SUCCESS   Thanks for participating! 1 image submitted successfully.
Follow us on Instagram to increase your chances of winning.
2026-04-18 23:32:56  DEBUG     +917880824525    SUCCESS   Thanks for participating! 1 image submitted successfully.
Follow us on Instagram to increase your chances of winning.
2026-04-18 23:33:07  DEBUG     +917782719116    SUCCESS   Thanks for participating! 1 image submitted successfully.
Follow us on Instagram to increase your chances of winning.
2026-04-18 23:33:14  DEBUG     +919341153884    SUCCESS   Thanks for participating! 1 image submitted successfully.
Follow us on Instagram to increase your chances of winning.
2026-04-18 23:33:25  DEBUG     +917544338623    SUCCESS   Thanks for participating! 1 image submitted successfully.
Follow us on Instagram to increase your chances of winning.
2026-04-18 23:33:25  DEBUG     Batch 92/1000 — 10 pair(s)
2026-04-18 23:33:35  DEBUG     +917526403141    SUCCESS   Thanks for participating! 1 image submitted successfully.
Follow us on Instagram to increase your chances of winning.
2026-04-18 23:33:43  DEBUG     +919215148416    SUCCESS   Thanks for participating! 1 image submitted successfully.
Follow us on Instagram to increase your chances of winning.
2026-04-18 23:33:50  DEBUG     +917431231401    SUCCESS   Thanks for participating! 1 image submitted successfully.
Follow us on Instagram to increase your chances of winning.
2026-04-18 23:34:04  DEBUG     +918257589206    SUCCESS   Thanks for participating! 1 image submitted successfully.
Follow us on Instagram to increase your chances of winning.
2026-04-18 23:34:11  DEBUG     +916656924676    SUCCESS   Thanks for participating! 1 image submitted successfully.
Follow us on Instagram to increase your chances of winning.
2026-04-18 23:34:18  DEBUG     +917360584921    SUCCESS   Thanks for participating! 1 image submitted successfully.
Follow us on Instagram to increase your chances of winning.
2026-04-18 23:34:29  DEBUG     +918850430258    SUCCESS   Thanks for participating! 1 image submitted successfully.
Follow us on Instagram to increase your chances of winning.
2026-04-18 23:34:36  DEBUG     +919800858636    SUCCESS   Thanks for participating! 1 image submitted successfully.
Follow us on Instagram to increase your chances of winning.
2026-04-18 23:34:47  DEBUG     +918731159661    SUCCESS   Thanks for participating! 1 image submitted successfully.
Follow us on Instagram to increase your chances of winning.
2026-04-18 23:34:55  DEBUG     +916342793823    SUCCESS   Thanks for participating! 1 image submitted successfully.
Follow us on Instagram to increase your chances of winning.
2026-04-18 23:34:55  DEBUG     Batch 93/1000 — 10 pair(s)
2026-04-18 23:35:03  DEBUG     +919502827870    SUCCESS   Thanks for participating! 1 image submitted successfully.
Follow us on Instagram to increase your chances of winning.
2026-04-18 23:35:11  DEBUG     +917056804567    SUCCESS   Thanks for participating! 1 image submitted successfully.
Follow us on Instagram to increase your chances of winning.
2026-04-18 23:35:18  DEBUG     +916361190849    SUCCESS   Thanks for participating! 1 image submitted successfully.
Follow us on Instagram to increase your chances of winning.
2026-04-18 23:35:28  DEBUG     +916640589592    SUCCESS   Thanks for participating! 1 image submitted successfully.
Follow us on Instagram to increase your chances of winning.
2026-04-18 23:35:39  DEBUG     +918881710128    SUCCESS   Thanks for participating! 1 image submitted successfully.
Follow us on Instagram to increase your chances of winning.
2026-04-18 23:35:46  DEBUG     +919407547621    SUCCESS   Thanks for participating! 1 image submitted successfully.
Follow us on Instagram to increase your chances of winning.
2026-04-18 23:35:54  DEBUG     +918972097638    SUCCESS   Thanks for participating! 1 image submitted successfully.
Follow us on Instagram to increase your chances of winning.
2026-04-18 23:36:02  DEBUG     +917377229460    SUCCESS   Thanks for participating! 1 image submitted successfully.
Follow us on Instagram to increase your chances of winning.
2026-04-18 23:36:12  DEBUG     +918856104616    SUCCESS   Thanks for participating! 1 image submitted successfully.
Follow us on Instagram to increase your chances of winning.
2026-04-18 23:36:23  DEBUG     +919052017490    SUCCESS   Thanks for participating! 1 image submitted successfully.
Follow us on Instagram to increase your chances of winning.
2026-04-18 23:36:23  DEBUG     Batch 94/1000 — 10 pair(s)
2026-04-18 23:36:33  DEBUG     +917019645435    SUCCESS   Thanks for participating! 1 image submitted successfully.
Follow us on Instagram to increase your chances of winning.
2026-04-18 23:36:41  DEBUG     +916510557097    SUCCESS   Thanks for participating! 1 image submitted successfully.
Follow us on Instagram to increase your chances of winning.
2026-04-18 23:36:51  DEBUG     +916663850970    SUCCESS   Thanks for participating! 1 image submitted successfully.
Follow us on Instagram to increase your chances of winning.
2026-04-18 23:37:00  DEBUG     +918989587831    SUCCESS   Thanks for participating! 1 image submitted successfully.
Follow us on Instagram to increase your chances of winning.
2026-04-18 23:37:07  DEBUG     +919859122074    SUCCESS   Thanks for participating! 1 image submitted successfully.
Follow us on Instagram to increase your chances of winning.
2026-04-18 23:37:16  DEBUG     +919631207436    SUCCESS   Thanks for participating! 1 image submitted successfully.
Follow us on Instagram to increase your chances of winning.
2026-04-18 23:37:26  DEBUG     +919349321635    SUCCESS   Thanks for participating! 1 image submitted successfully.
Follow us on Instagram to increase your chances of winning.
2026-04-18 23:37:38  DEBUG     +916989676555    SUCCESS   Thanks for participating! 1 image submitted successfully.
Follow us on Instagram to increase your chances of winning.
2026-04-18 23:37:46  DEBUG     +917678886312    SUCCESS   Thanks for participating! 1 image submitted successfully.
Follow us on Instagram to increase your chances of winning.
2026-04-18 23:37:53  DEBUG     +919765293976    SUCCESS   Thanks for participating! 1 image submitted successfully.
Follow us on Instagram to increase your chances of winning.
2026-04-18 23:37:53  DEBUG     Batch 95/1000 — 10 pair(s)
2026-04-18 23:38:01  DEBUG     +917743546471    SUCCESS   Thanks for participating! 1 image submitted successfully.
Follow us on Instagram to increase your chances of winning.
2026-04-18 23:38:10  DEBUG     +916595861870    SUCCESS   Thanks for participating! 1 image submitted successfully.
Follow us on Instagram to increase your chances of winning.
2026-04-18 23:38:21  DEBUG     +916864432737    SUCCESS   Thanks for participating! 1 image submitted successfully.
Follow us on Instagram to increase your chances of winning.
2026-04-18 23:38:30  DEBUG     +918497752954    SUCCESS   Thanks for participating! 1 image submitted successfully.
Follow us on Instagram to increase your chances of winning.
2026-04-18 23:38:37  DEBUG     +917826669419    SUCCESS   Thanks for participating! 1 image submitted successfully.
Follow us on Instagram to increase your chances of winning.
2026-04-18 23:38:45  DEBUG     +917117478076    SUCCESS   Thanks for participating! 1 image submitted successfully.
Follow us on Instagram to increase your chances of winning.
2026-04-18 23:38:55  DEBUG     +919396687686    SUCCESS   Thanks for participating! 1 image submitted successfully.
Follow us on Instagram to increase your chances of winning.
2026-04-18 23:39:03  DEBUG     +919138752953    SUCCESS   Thanks for participating! 1 image submitted successfully.
Follow us on Instagram to increase your chances of winning.
2026-04-18 23:39:11  DEBUG     +916390479448    SUCCESS   Thanks for participating! 1 image submitted successfully.
Follow us on Instagram to increase your chances of winning.
2026-04-18 23:39:22  DEBUG     +919597011476    SUCCESS   Thanks for participating! 1 image submitted successfully.
Follow us on Instagram to increase your chances of winning.
2026-04-18 23:39:22  DEBUG     Batch 96/1000 — 10 pair(s)
2026-04-18 23:39:29  DEBUG     +918189078397    SUCCESS   Thanks for participating! 1 image submitted successfully.
Follow us on Instagram to increase your chances of winning.
2026-04-18 23:39:37  DEBUG     +917456310699    SUCCESS   Thanks for participating! 1 image submitted successfully.
Follow us on Instagram to increase your chances of winning.
2026-04-18 23:39:44  DEBUG     +917514619995    SUCCESS   Thanks for participating! 1 image submitted successfully.
Follow us on Instagram to increase your chances of winning.
2026-04-18 23:39:52  DEBUG     +919106003640    SUCCESS   Thanks for participating! 1 image submitted successfully.
Follow us on Instagram to increase your chances of winning.
2026-04-18 23:40:03  DEBUG     +918810933382    SUCCESS   Thanks for participating! 1 image submitted successfully.
Follow us on Instagram to increase your chances of winning.
2026-04-18 23:40:13  DEBUG     +916261620974    SUCCESS   Thanks for participating! 1 image submitted successfully.
Follow us on Instagram to increase your chances of winning.
2026-04-18 23:40:20  DEBUG     +916169839698    SUCCESS   Thanks for participating! 1 image submitted successfully.
Follow us on Instagram to increase your chances of winning.
2026-04-18 23:40:31  DEBUG     +916295271619    SUCCESS   Thanks for participating! 1 image submitted successfully.
Follow us on Instagram to increase your chances of winning.
2026-04-18 23:40:38  DEBUG     +918677555758    SUCCESS   Thanks for participating! 1 image submitted successfully.
Follow us on Instagram to increase your chances of winning.
2026-04-18 23:40:47  DEBUG     +918257457114    SUCCESS   Thanks for participating! 1 image submitted successfully.
Follow us on Instagram to increase your chances of winning.
2026-04-18 23:40:47  DEBUG     Batch 97/1000 — 10 pair(s)
2026-04-18 23:40:55  DEBUG     +919792062833    SUCCESS   Thanks for participating! 1 image submitted successfully.
Follow us on Instagram to increase your chances of winning.
2026-04-18 23:41:03  DEBUG     +918755878053    SUCCESS   Thanks for participating! 1 image submitted successfully.
Follow us on Instagram to increase your chances of winning.
2026-04-18 23:41:10  DEBUG     +917974401522    SUCCESS   Thanks for participating! 1 image submitted successfully.
Follow us on Instagram to increase your chances of winning.
2026-04-18 23:41:21  DEBUG     +916378073426    SUCCESS   Thanks for participating! 1 image submitted successfully.
Follow us on Instagram to increase your chances of winning.
2026-04-18 23:41:28  DEBUG     +916246928203    SUCCESS   Thanks for participating! 1 image submitted successfully.
Follow us on Instagram to increase your chances of winning.
2026-04-18 23:41:40  DEBUG     +919763603010    SUCCESS   Thanks for participating! 1 image submitted successfully.
Follow us on Instagram to increase your chances of winning.
2026-04-18 23:41:47  DEBUG     +918966278256    SUCCESS   Thanks for participating! 1 image submitted successfully.
Follow us on Instagram to increase your chances of winning.
2026-04-18 23:41:55  DEBUG     +918555006598    SUCCESS   Thanks for participating! 1 image submitted successfully.
Follow us on Instagram to increase your chances of winning.
2026-04-18 23:42:04  DEBUG     +916126022849    SUCCESS   Thanks for participating! 1 image submitted successfully.
Follow us on Instagram to increase your chances of winning.
2026-04-18 23:42:14  DEBUG     +916324375243    SUCCESS   Thanks for participating! 1 image submitted successfully.
Follow us on Instagram to increase your chances of winning.
2026-04-18 23:42:14  DEBUG     Batch 98/1000 — 10 pair(s)
2026-04-18 23:42:21  DEBUG     +919434024635    SUCCESS   Thanks for participating! 1 image submitted successfully.
Follow us on Instagram to increase your chances of winning.
2026-04-18 23:42:29  DEBUG     +918782912238    SUCCESS   Thanks for participating! 1 image submitted successfully.
Follow us on Instagram to increase your chances of winning.
2026-04-18 23:42:39  DEBUG     +919773817692    SUCCESS   Thanks for participating! 1 image submitted successfully.
Follow us on Instagram to increase your chances of winning.
2026-04-18 23:42:47  DEBUG     +918935187605    SUCCESS   Thanks for participating! 1 image submitted successfully.
Follow us on Instagram to increase your chances of winning.
2026-04-18 23:42:57  DEBUG     +917695548228    SUCCESS   Thanks for participating! 1 image submitted successfully.
Follow us on Instagram to increase your chances of winning.
2026-04-18 23:43:05  DEBUG     +916558421910    SUCCESS   Thanks for participating! 1 image submitted successfully.
Follow us on Instagram to increase your chances of winning.
2026-04-18 23:43:12  DEBUG     +916154196888    SUCCESS   Thanks for participating! 1 image submitted successfully.
Follow us on Instagram to increase your chances of winning.
2026-04-18 23:43:21  DEBUG     +916600618585    SUCCESS   Thanks for participating! 1 image submitted successfully.
Follow us on Instagram to increase your chances of winning.
2026-04-18 23:43:29  DEBUG     +918732864235    SUCCESS   Thanks for participating! 1 image submitted successfully.
Follow us on Instagram to increase your chances of winning.
2026-04-18 23:43:36  DEBUG     +917523538927    SUCCESS   Thanks for participating! 1 image submitted successfully.
Follow us on Instagram to increase your chances of winning.
2026-04-18 23:43:36  DEBUG     Batch 99/1000 — 10 pair(s)
2026-04-18 23:43:46  DEBUG     +916243661395    SUCCESS   Thanks for participating! 1 image submitted successfully.
Follow us on Instagram to increase your chances of winning.
2026-04-18 23:43:53  DEBUG     +917388702289    SUCCESS   Thanks for participating! 1 image submitted successfully.
Follow us on Instagram to increase your chances of winning.
2026-04-18 23:44:01  DEBUG     +916195849324    SUCCESS   Thanks for participating! 1 image submitted successfully.
Follow us on Instagram to increase your chances of winning.
2026-04-18 23:44:09  DEBUG     +919742471722    SUCCESS   Thanks for participating! 1 image submitted successfully.
Follow us on Instagram to increase your chances of winning.
2026-04-18 23:44:17  DEBUG     +919919953914    SUCCESS   Thanks for participating! 1 image submitted successfully.
Follow us on Instagram to increase your chances of winning.
2026-04-18 23:44:24  DEBUG     +918558074334    SUCCESS   Thanks for participating! 1 image submitted successfully.
Follow us on Instagram to increase your chances of winning.
2026-04-18 23:44:33  DEBUG     +916059459476    SUCCESS   Thanks for participating! 1 image submitted successfully.
Follow us on Instagram to increase your chances of winning.
2026-04-18 23:44:40  DEBUG     +918415440663    SUCCESS   Thanks for participating! 1 image submitted successfully.
Follow us on Instagram to increase your chances of winning.
2026-04-18 23:44:51  DEBUG     +916796299358    SUCCESS   Thanks for participating! 1 image submitted successfully.
Follow us on Instagram to increase your chances of winning.
2026-04-18 23:44:59  DEBUG     +917323171566    SUCCESS   Thanks for participating! 1 image submitted successfully.
Follow us on Instagram to increase your chances of winning.
2026-04-18 23:44:59  DEBUG     Batch 100/1000 — 10 pair(s)
2026-04-18 23:45:07  DEBUG     +917230851691    SUCCESS   Thanks for participating! 1 image submitted successfully.
Follow us on Instagram to increase your chances of winning.
2026-04-18 23:45:14  DEBUG     +918429121761    SUCCESS   Thanks for participating! 1 image submitted successfully.
Follow us on Instagram to increase your chances of winning.
2026-04-18 23:45:25  DEBUG     +919100129699    SUCCESS   Thanks for participating! 1 image submitted successfully.
Follow us on Instagram to increase your chances of winning.
2026-04-18 23:49:05  DEBUG     +916214116464    FAILED    0 of 1 images submitted. 1 failed — please try again.
2026-04-18 23:49:08  DEBUG     +918449520123    FAILED    Navigation error: Page.goto: net::ERR_INTERNET_DISCONNECTED at https://greendotball.com/?utm_source=ViralFission&utm_medium=VF95
Call log:
navigating to "https://greendotball.com/?utm_source=ViralFission&utm_medium=VF95", waiting until "domcontentloaded"

2026-04-18 23:49:19  DEBUG     +917807932125    SUCCESS   Thanks for participating! 1 image submitted successfully.
Follow us on Instagram to increase your chances of winning.
2026-04-18 23:49:29  DEBUG     +919816040731    SUCCESS   Thanks for participating! 1 image submitted successfully.
Follow us on Instagram to increase your chances of winning.
2026-04-18 23:49:37  DEBUG     +916196842151    SUCCESS   Thanks for participating! 1 image submitted successfully.
Follow us on Instagram to increase your chances of winning.
2026-04-18 23:49:44  DEBUG     +916995992690    SUCCESS   Thanks for participating! 1 image submitted successfully.
Follow us on Instagram to increase your chances of winning.
2026-04-18 23:49:52  DEBUG     +918756201154    SUCCESS   Thanks for participating! 1 image submitted successfully.
Follow us on Instagram to increase your chances of winning.
2026-04-18 23:49:52  DEBUG     Batch 101/1000 — 10 pair(s)
2026-04-18 23:50:02  DEBUG     +918447667713    SUCCESS   Thanks for participating! 1 image submitted successfully.
Follow us on Instagram to increase your chances of winning.
2026-04-18 23:50:10  DEBUG     +916579600070    SUCCESS   Thanks for participating! 1 image submitted successfully.
Follow us on Instagram to increase your chances of winning.
2026-04-18 23:50:19  DEBUG     +918830508860    SUCCESS   Thanks for participating! 1 image submitted successfully.
Follow us on Instagram to increase your chances of winning.
2026-04-18 23:50:30  DEBUG     +918692436487    SUCCESS   Thanks for participating! 1 image submitted successfully.
Follow us on Instagram to increase your chances of winning.
2026-04-18 23:50:41  DEBUG     +917363949456    SUCCESS   Thanks for participating! 1 image submitted successfully.
Follow us on Instagram to increase your chances of winning.
2026-04-18 23:50:49  DEBUG     +916035615958    SUCCESS   Thanks for participating! 1 image submitted successfully.
Follow us on Instagram to increase your chances of winning.
2026-04-18 23:50:58  DEBUG     +919482633566    SUCCESS   Thanks for participating! 1 image submitted successfully.
Follow us on Instagram to increase your chances of winning.
2026-04-18 23:51:08  DEBUG     +918651350699    SUCCESS   Thanks for participating! 1 image submitted successfully.
Follow us on Instagram to increase your chances of winning.
2026-04-18 23:51:18  DEBUG     +918645256798    SUCCESS   Thanks for participating! 1 image submitted successfully.
Follow us on Instagram to increase your chances of winning.
2026-04-18 23:51:27  DEBUG     +918599404965    SUCCESS   Thanks for participating! 1 image submitted successfully.
Follow us on Instagram to increase your chances of winning.
2026-04-18 23:51:27  DEBUG     Batch 102/1000 — 10 pair(s)
2026-04-18 23:51:39  DEBUG     +917091693600    SUCCESS   Thanks for participating! 1 image submitted successfully.
Follow us on Instagram to increase your chances of winning.
2026-04-18 23:51:47  DEBUG     +916710444215    SUCCESS   Thanks for participating! 1 image submitted successfully.
Follow us on Instagram to increase your chances of winning.
2026-04-18 23:51:55  DEBUG     +919755307119    SUCCESS   Thanks for participating! 1 image submitted successfully.
Follow us on Instagram to increase your chances of winning.
2026-04-18 23:52:03  DEBUG     +916069261046    SUCCESS   Thanks for participating! 1 image submitted successfully.
Follow us on Instagram to increase your chances of winning.
2026-04-18 23:52:14  DEBUG     +916702172908    SUCCESS   Thanks for participating! 1 image submitted successfully.
Follow us on Instagram to increase your chances of winning.
2026-04-18 23:52:23  DEBUG     +916017237370    SUCCESS   Thanks for participating! 1 image submitted successfully.
Follow us on Instagram to increase your chances of winning.
2026-04-18 23:52:31  DEBUG     +918345965038    SUCCESS   Thanks for participating! 1 image submitted successfully.
Follow us on Instagram to increase your chances of winning.
2026-04-18 23:52:42  DEBUG     +917240018111    SUCCESS   Thanks for participating! 1 image submitted successfully.
Follow us on Instagram to increase your chances of winning.
2026-04-18 23:52:53  DEBUG     +919514256673    SUCCESS   Thanks for participating! 1 image submitted successfully.
Follow us on Instagram to increase your chances of winning.
2026-04-18 23:53:05  DEBUG     +917009152239    SUCCESS   Thanks for participating! 1 image submitted successfully.
Follow us on Instagram to increase your chances of winning.
2026-04-18 23:53:05  DEBUG     Batch 103/1000 — 10 pair(s)
2026-04-18 23:53:13  DEBUG     +916474457266    SUCCESS   Thanks for participating! 1 image submitted successfully.
Follow us on Instagram to increase your chances of winning.
2026-04-18 23:53:23  DEBUG     +917611883141    SUCCESS   Thanks for participating! 1 image submitted successfully.
Follow us on Instagram to increase your chances of winning.
2026-04-18 23:53:35  DEBUG     +918107392963    SUCCESS   Thanks for participating! 1 image submitted successfully.
Follow us on Instagram to increase your chances of winning.
2026-04-18 23:53:43  DEBUG     +918423833369    SUCCESS   Thanks for participating! 1 image submitted successfully.
Follow us on Instagram to increase your chances of winning.
2026-04-18 23:53:54  DEBUG     +917682467542    SUCCESS   Thanks for participating! 1 image submitted successfully.
Follow us on Instagram to increase your chances of winning.
2026-04-18 23:54:03  DEBUG     +916731727612    SUCCESS   Thanks for participating! 1 image submitted successfully.
Follow us on Instagram to increase your chances of winning.
2026-04-18 23:54:14  DEBUG     +917600537247    SUCCESS   Thanks for participating! 1 image submitted successfully.
Follow us on Instagram to increase your chances of winning.
2026-04-18 23:54:23  DEBUG     +918598070568    SUCCESS   Thanks for participating! 1 image submitted successfully.
Follow us on Instagram to increase your chances of winning.
2026-04-18 23:54:31  DEBUG     +916629089515    SUCCESS   Thanks for participating! 1 image submitted successfully.
Follow us on Instagram to increase your chances of winning.
2026-04-18 23:54:39  DEBUG     +918717277540    SUCCESS   Thanks for participating! 1 image submitted successfully.
Follow us on Instagram to increase your chances of winning.
2026-04-18 23:54:39  DEBUG     Batch 104/1000 — 10 pair(s)
2026-04-18 23:54:52  DEBUG     +917957294043    SUCCESS   Thanks for participating! 1 image submitted successfully.
Follow us on Instagram to increase your chances of winning.
2026-04-18 23:55:03  DEBUG     +918825502542    SUCCESS   Thanks for participating! 1 image submitted successfully.
Follow us on Instagram to increase your chances of winning.
2026-04-18 23:55:11  DEBUG     +918788187829    SUCCESS   Thanks for participating! 1 image submitted successfully.
Follow us on Instagram to increase your chances of winning.
2026-04-18 23:55:18  DEBUG     +919156878112    SUCCESS   Thanks for participating! 1 image submitted successfully.
Follow us on Instagram to increase your chances of winning.
2026-04-18 23:55:27  DEBUG     +918752562381    SUCCESS   Thanks for participating! 1 image submitted successfully.
Follow us on Instagram to increase your chances of winning.
2026-04-18 23:55:36  DEBUG     +919422301481    SUCCESS   Thanks for participating! 1 image submitted successfully.
Follow us on Instagram to increase your chances of winning.
2026-04-18 23:55:48  DEBUG     +917266771842    SUCCESS   Thanks for participating! 1 image submitted successfully.
Follow us on Instagram to increase your chances of winning.
2026-04-18 23:56:01  DEBUG     +916818033873    SUCCESS   Thanks for participating! 1 image submitted successfully.
Follow us on Instagram to increase your chances of winning.
2026-04-18 23:56:09  DEBUG     +919545389442    SUCCESS   Thanks for participating! 1 image submitted successfully.
Follow us on Instagram to increase your chances of winning.
2026-04-18 23:56:18  DEBUG     +916083346047    SUCCESS   Thanks for participating! 1 image submitted successfully.
Follow us on Instagram to increase your chances of winning.
2026-04-18 23:56:18  DEBUG     Batch 105/1000 — 10 pair(s)
2026-04-18 23:56:29  DEBUG     +919248199573    SUCCESS   Thanks for participating! 1 image submitted successfully.
Follow us on Instagram to increase your chances of winning.
2026-04-18 23:56:38  DEBUG     +917745383119    SUCCESS   Thanks for participating! 1 image submitted successfully.
Follow us on Instagram to increase your chances of winning.
2026-04-18 23:56:46  DEBUG     +919598489671    SUCCESS   Thanks for participating! 1 image submitted successfully.
Follow us on Instagram to increase your chances of winning.
2026-04-18 23:56:56  DEBUG     +917058913835    SUCCESS   Thanks for participating! 1 image submitted successfully.
Follow us on Instagram to increase your chances of winning.
2026-04-18 23:57:04  DEBUG     +916331605830    SUCCESS   Thanks for participating! 1 image submitted successfully.
Follow us on Instagram to increase your chances of winning.
2026-04-18 23:57:13  DEBUG     +918576760223    SUCCESS   Thanks for participating! 1 image submitted successfully.
Follow us on Instagram to increase your chances of winning.
2026-04-18 23:57:23  DEBUG     +918485157257    SUCCESS   Thanks for participating! 1 image submitted successfully.
Follow us on Instagram to increase your chances of winning.
2026-04-18 23:57:35  DEBUG     +918512544948    SUCCESS   Thanks for participating! 1 image submitted successfully.
Follow us on Instagram to increase your chances of winning.
2026-04-18 23:57:46  DEBUG     +916427905944    SUCCESS   Thanks for participating! 1 image submitted successfully.
Follow us on Instagram to increase your chances of winning.
2026-04-18 23:57:54  DEBUG     +918397757658    SUCCESS   Thanks for participating! 1 image submitted successfully.
Follow us on Instagram to increase your chances of winning.
2026-04-18 23:57:54  DEBUG     Batch 106/1000 — 10 pair(s)
2026-04-18 23:58:02  DEBUG     +918482044259    SUCCESS   Thanks for participating! 1 image submitted successfully.
Follow us on Instagram to increase your chances of winning.
2026-04-18 23:58:11  DEBUG     +919747010661    SUCCESS   Thanks for participating! 1 image submitted successfully.
Follow us on Instagram to increase your chances of winning.
2026-04-18 23:58:18  DEBUG     +917218217270    SUCCESS   Thanks for participating! 1 image submitted successfully.
Follow us on Instagram to increase your chances of winning.
2026-04-18 23:58:27  DEBUG     +916708269570    SUCCESS   Thanks for participating! 1 image submitted successfully.
Follow us on Instagram to increase your chances of winning.
2026-04-18 23:58:38  DEBUG     +918813661633    SUCCESS   Thanks for participating! 1 image submitted successfully.
Follow us on Instagram to increase your chances of winning.
2026-04-18 23:58:48  DEBUG     +918281058711    SUCCESS   Thanks for participating! 1 image submitted successfully.
Follow us on Instagram to increase your chances of winning.
2026-04-18 23:58:57  DEBUG     +917131397627    SUCCESS   Thanks for participating! 1 image submitted successfully.
Follow us on Instagram to increase your chances of winning.
2026-04-18 23:59:05  DEBUG     +918888718906    SUCCESS   Thanks for participating! 1 image submitted successfully.
Follow us on Instagram to increase your chances of winning.
2026-04-18 23:59:16  DEBUG     +919740359689    SUCCESS   Thanks for participating! 1 image submitted successfully.
Follow us on Instagram to increase your chances of winning.
2026-04-18 23:59:27  DEBUG     +916003817267    SUCCESS   Thanks for participating! 1 image submitted successfully.
Follow us on Instagram to increase your chances of winning.
2026-04-18 23:59:27  DEBUG     Batch 107/1000 — 10 pair(s)
2026-04-18 23:59:34  DEBUG     +917297752682    SUCCESS   Thanks for participating! 1 image submitted successfully.
Follow us on Instagram to increase your chances of winning.
2026-04-18 23:59:42  DEBUG     +918073879145    SUCCESS   Thanks for participating! 1 image submitted successfully.
Follow us on Instagram to increase your chances of winning.
2026-04-18 23:59:53  DEBUG     +918858671612    SUCCESS   Thanks for participating! 1 image submitted successfully.
Follow us on Instagram to increase your chances of winning.
2026-04-19 00:00:03  DEBUG     +916216091748    SUCCESS   Thanks for participating! 1 image submitted successfully.
Follow us on Instagram to increase your chances of winning.
2026-04-19 00:00:13  DEBUG     +917877461597    SUCCESS   Thanks for participating! 1 image submitted successfully.
Follow us on Instagram to increase your chances of winning.
2026-04-19 00:00:21  DEBUG     +917212920365    SUCCESS   Thanks for participating! 1 image submitted successfully.
Follow us on Instagram to increase your chances of winning.
2026-04-19 00:00:29  DEBUG     +918208183401    SUCCESS   Thanks for participating! 1 image submitted successfully.
Follow us on Instagram to increase your chances of winning.
2026-04-19 00:00:37  DEBUG     +917071059500    SUCCESS   Thanks for participating! 1 image submitted successfully.
Follow us on Instagram to increase your chances of winning.
2026-04-19 00:00:46  DEBUG     +918411281312    SUCCESS   Thanks for participating! 1 image submitted successfully.
Follow us on Instagram to increase your chances of winning.
2026-04-19 00:00:55  DEBUG     +917057119426    SUCCESS   Thanks for participating! 1 image submitted successfully.
Follow us on Instagram to increase your chances of winning.
2026-04-19 00:00:55  DEBUG     Batch 108/1000 — 10 pair(s)
2026-04-19 00:01:03  DEBUG     +916282453578    SUCCESS   Thanks for participating! 1 image submitted successfully.
Follow us on Instagram to increase your chances of winning.
2026-04-19 00:01:15  DEBUG     +917491195149    SUCCESS   Thanks for participating! 1 image submitted successfully.
Follow us on Instagram to increase your chances of winning.
2026-04-19 00:01:23  DEBUG     +917440861468    SUCCESS   Thanks for participating! 1 image submitted successfully.
Follow us on Instagram to increase your chances of winning.
2026-04-19 00:01:32  DEBUG     +918581541201    SUCCESS   Thanks for participating! 1 image submitted successfully.
Follow us on Instagram to increase your chances of winning.
2026-04-19 00:01:41  DEBUG     +919766936375    SUCCESS   Thanks for participating! 1 image submitted successfully.
Follow us on Instagram to increase your chances of winning.
2026-04-19 00:01:49  DEBUG     +917549340554    SUCCESS   Thanks for participating! 1 image submitted successfully.
Follow us on Instagram to increase your chances of winning.
2026-04-19 00:01:59  DEBUG     +918923370671    SUCCESS   Thanks for participating! 1 image submitted successfully.
Follow us on Instagram to increase your chances of winning.
2026-04-19 00:02:08  DEBUG     +916002456173    SUCCESS   Thanks for participating! 1 image submitted successfully.
Follow us on Instagram to increase your chances of winning.
2026-04-19 00:02:25  DEBUG     +916655793743    SUCCESS   Thanks for participating! 1 image submitted successfully.
Follow us on Instagram to increase your chances of winning.
2026-04-19 00:02:33  DEBUG     +918732043170    SUCCESS   Thanks for participating! 1 image submitted successfully.
Follow us on Instagram to increase your chances of winning.
2026-04-19 00:02:33  DEBUG     Batch 109/1000 — 10 pair(s)
2026-04-19 00:02:41  DEBUG     +919451427948    SUCCESS   Thanks for participating! 1 image submitted successfully.
Follow us on Instagram to increase your chances of winning.
2026-04-19 00:02:49  DEBUG     +919043093646    SUCCESS   Thanks for participating! 1 image submitted successfully.
Follow us on Instagram to increase your chances of winning.
2026-04-19 00:03:00  DEBUG     +916234595496    SUCCESS   Thanks for participating! 1 image submitted successfully.
Follow us on Instagram to increase your chances of winning.
2026-04-19 00:03:10  DEBUG     +916002984258    SUCCESS   Thanks for participating! 1 image submitted successfully.
Follow us on Instagram to increase your chances of winning.
2026-04-19 00:03:18  DEBUG     +917461961863    SUCCESS   Thanks for participating! 1 image submitted successfully.
Follow us on Instagram to increase your chances of winning.
2026-04-19 00:03:26  DEBUG     +916060084593    SUCCESS   Thanks for participating! 1 image submitted successfully.
Follow us on Instagram to increase your chances of winning.
2026-04-19 00:03:35  DEBUG     +917100058328    SUCCESS   Thanks for participating! 1 image submitted successfully.
Follow us on Instagram to increase your chances of winning.
2026-04-19 00:03:43  DEBUG     +918838247672    SUCCESS   Thanks for participating! 1 image submitted successfully.
Follow us on Instagram to increase your chances of winning.
2026-04-19 00:03:51  DEBUG     +919205088431    SUCCESS   Thanks for participating! 1 image submitted successfully.
Follow us on Instagram to increase your chances of winning.
2026-04-19 00:03:59  DEBUG     +918172822653    SUCCESS   Thanks for participating! 1 image submitted successfully.
Follow us on Instagram to increase your chances of winning.
2026-04-19 00:03:59  DEBUG     Batch 110/1000 — 10 pair(s)
2026-04-19 00:04:07  DEBUG     +916435577213    SUCCESS   Thanks for participating! 1 image submitted successfully.
Follow us on Instagram to increase your chances of winning.
2026-04-19 00:04:19  DEBUG     +919921832176    SUCCESS   Thanks for participating! 1 image submitted successfully.
Follow us on Instagram to increase your chances of winning.
2026-04-19 00:04:30  DEBUG     +916845888994    SUCCESS   Thanks for participating! 1 image submitted successfully.
Follow us on Instagram to increase your chances of winning.
2026-04-19 00:04:39  DEBUG     +917080967179    SUCCESS   Thanks for participating! 1 image submitted successfully.
Follow us on Instagram to increase your chances of winning.
2026-04-19 00:04:47  DEBUG     +918820258287    SUCCESS   Thanks for participating! 1 image submitted successfully.
Follow us on Instagram to increase your chances of winning.
2026-04-19 00:04:55  DEBUG     +918222087931    SUCCESS   Thanks for participating! 1 image submitted successfully.
Follow us on Instagram to increase your chances of winning.
2026-04-19 00:05:04  DEBUG     +919080728236    SUCCESS   Thanks for participating! 1 image submitted successfully.
Follow us on Instagram to increase your chances of winning.
2026-04-19 00:05:15  DEBUG     +916702091251    SUCCESS   Thanks for participating! 1 image submitted successfully.
Follow us on Instagram to increase your chances of winning.
2026-04-19 00:05:23  DEBUG     +918064407363    SUCCESS   Thanks for participating! 1 image submitted successfully.
Follow us on Instagram to increase your chances of winning.
2026-04-19 00:05:31  DEBUG     +916837495632    SUCCESS   Thanks for participating! 1 image submitted successfully.
Follow us on Instagram to increase your chances of winning.
2026-04-19 00:05:31  DEBUG     Batch 111/1000 — 10 pair(s)
2026-04-19 00:05:39  DEBUG     +916607026922    SUCCESS   Thanks for participating! 1 image submitted successfully.
Follow us on Instagram to increase your chances of winning.
2026-04-19 00:05:49  DEBUG     +917371930813    SUCCESS   Thanks for participating! 1 image submitted successfully.
Follow us on Instagram to increase your chances of winning.
2026-04-19 00:05:57  DEBUG     +916446084499    SUCCESS   Thanks for participating! 1 image submitted successfully.
Follow us on Instagram to increase your chances of winning.
2026-04-19 00:06:09  DEBUG     +919003007757    SUCCESS   Thanks for participating! 1 image submitted successfully.
Follow us on Instagram to increase your chances of winning.
2026-04-19 00:06:16  DEBUG     +919696746852    SUCCESS   Thanks for participating! 1 image submitted successfully.
Follow us on Instagram to increase your chances of winning.
2026-04-19 00:06:24  DEBUG     +919396201743    SUCCESS   Thanks for participating! 1 image submitted successfully.
Follow us on Instagram to increase your chances of winning.
2026-04-19 00:06:35  DEBUG     +917641653093    SUCCESS   Thanks for participating! 1 image submitted successfully.
Follow us on Instagram to increase your chances of winning.
2026-04-19 00:06:45  DEBUG     +916168861534    SUCCESS   Thanks for participating! 1 image submitted successfully.
Follow us on Instagram to increase your chances of winning.
2026-04-19 00:06:52  DEBUG     +918913646809    SUCCESS   Thanks for participating! 1 image submitted successfully.
Follow us on Instagram to increase your chances of winning.
2026-04-19 00:07:00  DEBUG     +918692479489    SUCCESS   Thanks for participating! 1 image submitted successfully.
Follow us on Instagram to increase your chances of winning.
2026-04-19 00:07:00  DEBUG     Batch 112/1000 — 10 pair(s)
2026-04-19 00:07:09  DEBUG     +918834054393    SUCCESS   Thanks for participating! 1 image submitted successfully.
Follow us on Instagram to increase your chances of winning.
2026-04-19 00:07:17  DEBUG     +919457774684    SUCCESS   Thanks for participating! 1 image submitted successfully.
Follow us on Instagram to increase your chances of winning.
2026-04-19 00:07:25  DEBUG     +916492066218    SUCCESS   Thanks for participating! 1 image submitted successfully.
Follow us on Instagram to increase your chances of winning.
2026-04-19 00:07:33  DEBUG     +918147215675    SUCCESS   Thanks for participating! 1 image submitted successfully.
Follow us on Instagram to increase your chances of winning.
2026-04-19 00:07:41  DEBUG     +918563779577    SUCCESS   Thanks for participating! 1 image submitted successfully.
Follow us on Instagram to increase your chances of winning.
2026-04-19 00:07:49  DEBUG     +918346577384    SUCCESS   Thanks for participating! 1 image submitted successfully.
Follow us on Instagram to increase your chances of winning.
2026-04-19 00:07:57  DEBUG     +917574095992    SUCCESS   Thanks for participating! 1 image submitted successfully.
Follow us on Instagram to increase your chances of winning.
2026-04-19 00:08:09  DEBUG     +917295228906    SUCCESS   Thanks for participating! 1 image submitted successfully.
Follow us on Instagram to increase your chances of winning.
2026-04-19 00:08:18  DEBUG     +918067635607    SUCCESS   Thanks for participating! 1 image submitted successfully.
Follow us on Instagram to increase your chances of winning.
2026-04-19 00:08:33  DEBUG     +918827761468    SUCCESS   Thanks for participating! 1 image submitted successfully.
Follow us on Instagram to increase your chances of winning.
2026-04-19 00:08:33  DEBUG     Batch 113/1000 — 10 pair(s)
2026-04-19 00:08:41  DEBUG     +919132248208    SUCCESS   Thanks for participating! 1 image submitted successfully.
Follow us on Instagram to increase your chances of winning.
2026-04-19 00:08:49  DEBUG     +919529498323    SUCCESS   Thanks for participating! 1 image submitted successfully.
Follow us on Instagram to increase your chances of winning.
2026-04-19 00:08:57  DEBUG     +916920373054    SUCCESS   Thanks for participating! 1 image submitted successfully.
Follow us on Instagram to increase your chances of winning.
2026-04-19 00:09:05  DEBUG     +916918564317    SUCCESS   Thanks for participating! 1 image submitted successfully.
Follow us on Instagram to increase your chances of winning.
2026-04-19 00:09:13  DEBUG     +918139272473    SUCCESS   Thanks for participating! 1 image submitted successfully.
Follow us on Instagram to increase your chances of winning.
2026-04-19 00:09:20  DEBUG     +916222904471    SUCCESS   Thanks for participating! 1 image submitted successfully.
Follow us on Instagram to increase your chances of winning.
2026-04-19 00:09:29  DEBUG     +918960610065    SUCCESS   Thanks for participating! 1 image submitted successfully.
Follow us on Instagram to increase your chances of winning.
2026-04-19 00:09:37  DEBUG     +916483227382    SUCCESS   Thanks for participating! 1 image submitted successfully.
Follow us on Instagram to increase your chances of winning.
2026-04-19 00:09:44  DEBUG     +916260050118    SUCCESS   Thanks for participating! 1 image submitted successfully.
Follow us on Instagram to increase your chances of winning.
2026-04-19 00:09:52  DEBUG     +919117575047    SUCCESS   Thanks for participating! 1 image submitted successfully.
Follow us on Instagram to increase your chances of winning.
2026-04-19 00:09:52  DEBUG     Batch 114/1000 — 10 pair(s)
2026-04-19 00:10:01  DEBUG     +916622128610    SUCCESS   Thanks for participating! 1 image submitted successfully.
Follow us on Instagram to increase your chances of winning.
2026-04-19 00:10:16  DEBUG     +916156275916    SUCCESS   Thanks for participating! 1 image submitted successfully.
Follow us on Instagram to increase your chances of winning.
2026-04-19 00:10:25  DEBUG     +919903758525    SUCCESS   Thanks for participating! 1 image submitted successfully.
Follow us on Instagram to increase your chances of winning.
2026-04-19 00:10:33  DEBUG     +917345578588    SUCCESS   Thanks for participating! 1 image submitted successfully.
Follow us on Instagram to increase your chances of winning.
2026-04-19 00:10:43  DEBUG     +918882682335    SUCCESS   Thanks for participating! 1 image submitted successfully.
Follow us on Instagram to increase your chances of winning.
2026-04-19 00:10:53  DEBUG     +917204240339    SUCCESS   Thanks for participating! 1 image submitted successfully.
Follow us on Instagram to increase your chances of winning.
2026-04-19 00:11:01  DEBUG     +919149763170    SUCCESS   Thanks for participating! 1 image submitted successfully.
Follow us on Instagram to increase your chances of winning.
2026-04-19 00:11:09  DEBUG     +916425426881    SUCCESS   Thanks for participating! 1 image submitted successfully.
Follow us on Instagram to increase your chances of winning.
2026-04-19 00:11:18  DEBUG     +919162460901    SUCCESS   Thanks for participating! 1 image submitted successfully.
Follow us on Instagram to increase your chances of winning.
2026-04-19 00:11:27  DEBUG     +919918199045    SUCCESS   Thanks for participating! 1 image submitted successfully.
Follow us on Instagram to increase your chances of winning.
2026-04-19 00:11:27  DEBUG     Batch 115/1000 — 10 pair(s)
2026-04-19 00:11:35  DEBUG     +919449987766    SUCCESS   Thanks for participating! 1 image submitted successfully.
Follow us on Instagram to increase your chances of winning.
2026-04-19 00:11:43  DEBUG     +919918156006    SUCCESS   Thanks for participating! 1 image submitted successfully.
Follow us on Instagram to increase your chances of winning.
2026-04-19 00:11:54  DEBUG     +916864667260    SUCCESS   Thanks for participating! 1 image submitted successfully.
Follow us on Instagram to increase your chances of winning.
2026-04-19 00:12:03  DEBUG     +917749603163    SUCCESS   Thanks for participating! 1 image submitted successfully.
Follow us on Instagram to increase your chances of winning.
2026-04-19 00:12:15  DEBUG     +918093050849    SUCCESS   Thanks for participating! 1 image submitted successfully.
Follow us on Instagram to increase your chances of winning.
2026-04-19 00:12:25  DEBUG     +917001776056    SUCCESS   Thanks for participating! 1 image submitted successfully.
Follow us on Instagram to increase your chances of winning.
2026-04-19 00:12:34  DEBUG     +917579646247    SUCCESS   Thanks for participating! 1 image submitted successfully.
Follow us on Instagram to increase your chances of winning.
2026-04-19 00:12:45  DEBUG     +919548173195    SUCCESS   Thanks for participating! 1 image submitted successfully.
Follow us on Instagram to increase your chances of winning.
2026-04-19 00:12:53  DEBUG     +919477613178    SUCCESS   Thanks for participating! 1 image submitted successfully.
Follow us on Instagram to increase your chances of winning.
2026-04-19 00:13:04  DEBUG     +918423021463    SUCCESS   Thanks for participating! 1 image submitted successfully.
Follow us on Instagram to increase your chances of winning.
2026-04-19 00:13:04  DEBUG     Batch 116/1000 — 10 pair(s)
2026-04-19 00:13:16  DEBUG     +919501185615    SUCCESS   Thanks for participating! 1 image submitted successfully.
Follow us on Instagram to increase your chances of winning.
2026-04-19 00:13:27  DEBUG     +919273057754    SUCCESS   Thanks for participating! 1 image submitted successfully.
Follow us on Instagram to increase your chances of winning.
2026-04-19 00:13:34  DEBUG     +916423099135    SUCCESS   Thanks for participating! 1 image submitted successfully.
Follow us on Instagram to increase your chances of winning.
2026-04-19 00:13:42  DEBUG     +916420345291    SUCCESS   Thanks for participating! 1 image submitted successfully.
Follow us on Instagram to increase your chances of winning.
2026-04-19 00:13:59  DEBUG     +918078074188    SUCCESS   Thanks for participating! 1 image submitted successfully.
Follow us on Instagram to increase your chances of winning.
2026-04-19 00:14:07  DEBUG     +916724691031    SUCCESS   Thanks for participating! 1 image submitted successfully.
Follow us on Instagram to increase your chances of winning.
2026-04-19 00:14:18  DEBUG     +916237328850    SUCCESS   Thanks for participating! 1 image submitted successfully.
Follow us on Instagram to increase your chances of winning.
2026-04-19 00:14:27  DEBUG     +918932987316    SUCCESS   Thanks for participating! 1 image submitted successfully.
Follow us on Instagram to increase your chances of winning.
2026-04-19 00:14:35  DEBUG     +916226615271    SUCCESS   Thanks for participating! 1 image submitted successfully.
Follow us on Instagram to increase your chances of winning.
2026-04-19 00:14:43  DEBUG     +918303603306    SUCCESS   Thanks for participating! 1 image submitted successfully.
Follow us on Instagram to increase your chances of winning.
2026-04-19 00:14:43  DEBUG     Batch 117/1000 — 10 pair(s)
2026-04-19 00:14:51  DEBUG     +917550347883    SUCCESS   Thanks for participating! 1 image submitted successfully.
Follow us on Instagram to increase your chances of winning.
2026-04-19 00:14:59  DEBUG     +916636019679    SUCCESS   Thanks for participating! 1 image submitted successfully.
Follow us on Instagram to increase your chances of winning.
2026-04-19 00:15:08  DEBUG     +918088854313    SUCCESS   Thanks for participating! 1 image submitted successfully.
Follow us on Instagram to increase your chances of winning.
2026-04-19 00:15:19  DEBUG     +916333189061    SUCCESS   Thanks for participating! 1 image submitted successfully.
Follow us on Instagram to increase your chances of winning.
2026-04-19 00:15:32  DEBUG     +916525056790    SUCCESS   Thanks for participating! 1 image submitted successfully.
Follow us on Instagram to increase your chances of winning.
2026-04-19 00:15:42  DEBUG     +917756145095    SUCCESS   Thanks for participating! 1 image submitted successfully.
Follow us on Instagram to increase your chances of winning.
2026-04-19 00:15:54  DEBUG     +917567375472    SUCCESS   Thanks for participating! 1 image submitted successfully.
Follow us on Instagram to increase your chances of winning.
2026-04-19 00:16:05  DEBUG     +919257960375    SUCCESS   Thanks for participating! 1 image submitted successfully.
Follow us on Instagram to increase your chances of winning.
2026-04-19 00:16:16  DEBUG     +917691170485    SUCCESS   Thanks for participating! 1 image submitted successfully.
Follow us on Instagram to increase your chances of winning.
2026-04-19 00:16:25  DEBUG     +917002460654    SUCCESS   Thanks for participating! 1 image submitted successfully.
Follow us on Instagram to increase your chances of winning.
2026-04-19 00:16:25  DEBUG     Batch 118/1000 — 10 pair(s)
2026-04-19 00:16:37  DEBUG     +918649017791    SUCCESS   Thanks for participating! 1 image submitted successfully.
Follow us on Instagram to increase your chances of winning.
2026-04-19 00:16:45  DEBUG     +917996789354    SUCCESS   Thanks for participating! 1 image submitted successfully.
Follow us on Instagram to increase your chances of winning.
2026-04-19 00:16:56  DEBUG     +916791453830    SUCCESS   Thanks for participating! 1 image submitted successfully.
Follow us on Instagram to increase your chances of winning.
2026-04-19 00:17:04  DEBUG     +917836656248    SUCCESS   Thanks for participating! 1 image submitted successfully.
Follow us on Instagram to increase your chances of winning.
2026-04-19 00:17:13  DEBUG     +917328763187    SUCCESS   Thanks for participating! 1 image submitted successfully.
Follow us on Instagram to increase your chances of winning.
2026-04-19 00:17:24  DEBUG     +917423935974    SUCCESS   Thanks for participating! 1 image submitted successfully.
Follow us on Instagram to increase your chances of winning.
2026-04-19 00:17:36  DEBUG     +917792555798    SUCCESS   Thanks for participating! 1 image submitted successfully.
Follow us on Instagram to increase your chances of winning.
2026-04-19 00:17:47  DEBUG     +916714345843    SUCCESS   Thanks for participating! 1 image submitted successfully.
Follow us on Instagram to increase your chances of winning.
2026-04-19 00:17:58  DEBUG     +917878595364    SUCCESS   Thanks for participating! 1 image submitted successfully.
Follow us on Instagram to increase your chances of winning.
2026-04-19 00:18:07  DEBUG     +918420880292    SUCCESS   Thanks for participating! 1 image submitted successfully.
Follow us on Instagram to increase your chances of winning.
2026-04-19 00:18:07  DEBUG     Batch 119/1000 — 10 pair(s)
2026-04-19 00:18:15  DEBUG     +916947853371    SUCCESS   Thanks for participating! 1 image submitted successfully.
Follow us on Instagram to increase your chances of winning.
2026-04-19 00:18:27  DEBUG     +916102609608    SUCCESS   Thanks for participating! 1 image submitted successfully.
Follow us on Instagram to increase your chances of winning.
2026-04-19 00:18:46  DEBUG     +919262595728    SUCCESS   Thanks for participating! 1 image submitted successfully.
Follow us on Instagram to increase your chances of winning.
2026-04-19 00:18:58  DEBUG     +916874246811    SUCCESS   Thanks for participating! 1 image submitted successfully.
Follow us on Instagram to increase your chances of winning.
2026-04-19 00:19:06  DEBUG     +918949048908    SUCCESS   Thanks for participating! 1 image submitted successfully.
Follow us on Instagram to increase your chances of winning.
2026-04-19 00:19:15  DEBUG     +916944247585    SUCCESS   Thanks for participating! 1 image submitted successfully.
Follow us on Instagram to increase your chances of winning.
2026-04-19 00:19:23  DEBUG     +919896504743    SUCCESS   Thanks for participating! 1 image submitted successfully.
Follow us on Instagram to increase your chances of winning.
2026-04-19 00:19:31  DEBUG     +919642896638    SUCCESS   Thanks for participating! 1 image submitted successfully.
Follow us on Instagram to increase your chances of winning.
2026-04-19 00:19:43  DEBUG     +917180260123    SUCCESS   Thanks for participating! 1 image submitted successfully.
Follow us on Instagram to increase your chances of winning.
2026-04-19 00:19:51  DEBUG     +916496084804    SUCCESS   Thanks for participating! 1 image submitted successfully.
Follow us on Instagram to increase your chances of winning.
2026-04-19 00:19:51  DEBUG     Batch 120/1000 — 10 pair(s)
2026-04-19 00:19:58  DEBUG     +917656566173    SUCCESS   Thanks for participating! 1 image submitted successfully.
Follow us on Instagram to increase your chances of winning.
2026-04-19 00:20:07  DEBUG     +917380962927    SUCCESS   Thanks for participating! 1 image submitted successfully.
Follow us on Instagram to increase your chances of winning.
2026-04-19 00:20:15  DEBUG     +916584366834    SUCCESS   Thanks for participating! 1 image submitted successfully.
Follow us on Instagram to increase your chances of winning.
2026-04-19 00:20:23  DEBUG     +917478267873    SUCCESS   Thanks for participating! 1 image submitted successfully.
Follow us on Instagram to increase your chances of winning.
2026-04-19 00:20:31  DEBUG     +918114401383    SUCCESS   Thanks for participating! 1 image submitted successfully.
Follow us on Instagram to increase your chances of winning.
2026-04-19 00:20:39  DEBUG     +916870230971    SUCCESS   Thanks for participating! 1 image submitted successfully.
Follow us on Instagram to increase your chances of winning.
2026-04-19 00:20:56  DEBUG     +916392830281    SUCCESS   Thanks for participating! 1 image submitted successfully.
Follow us on Instagram to increase your chances of winning.
2026-04-19 00:21:04  DEBUG     +917305610661    SUCCESS   Thanks for participating! 1 image submitted successfully.
Follow us on Instagram to increase your chances of winning.
2026-04-19 00:21:14  DEBUG     +918648397249    SUCCESS   Thanks for participating! 1 image submitted successfully.
Follow us on Instagram to increase your chances of winning.
2026-04-19 00:21:22  DEBUG     +917966508763    SUCCESS   Thanks for participating! 1 image submitted successfully.
Follow us on Instagram to increase your chances of winning.
2026-04-19 00:21:22  DEBUG     Batch 121/1000 — 10 pair(s)
2026-04-19 00:21:30  DEBUG     +919846661307    SUCCESS   Thanks for participating! 1 image submitted successfully.
Follow us on Instagram to increase your chances of winning.
2026-04-19 00:21:39  DEBUG     +916600431720    SUCCESS   Thanks for participating! 1 image submitted successfully.
Follow us on Instagram to increase your chances of winning.
2026-04-19 00:21:47  DEBUG     +919950614396    SUCCESS   Thanks for participating! 1 image submitted successfully.
Follow us on Instagram to increase your chances of winning.
2026-04-19 00:21:55  DEBUG     +917253814485    SUCCESS   Thanks for participating! 1 image submitted successfully.
Follow us on Instagram to increase your chances of winning.
2026-04-19 00:22:02  DEBUG     +916607792840    SUCCESS   Thanks for participating! 1 image submitted successfully.
Follow us on Instagram to increase your chances of winning.
2026-04-19 00:22:10  DEBUG     +916748685882    SUCCESS   Thanks for participating! 1 image submitted successfully.
Follow us on Instagram to increase your chances of winning.
2026-04-19 00:22:19  DEBUG     +916542960861    SUCCESS   Thanks for participating! 1 image submitted successfully.
Follow us on Instagram to increase your chances of winning.
2026-04-19 00:22:27  DEBUG     +919495330809    SUCCESS   Thanks for participating! 1 image submitted successfully.
Follow us on Instagram to increase your chances of winning.
2026-04-19 00:22:35  DEBUG     +919844166743    SUCCESS   Thanks for participating! 1 image submitted successfully.
Follow us on Instagram to increase your chances of winning.
2026-04-19 00:22:47  DEBUG     +916739721498    SUCCESS   Thanks for participating! 1 image submitted successfully.
Follow us on Instagram to increase your chances of winning.
2026-04-19 00:22:47  DEBUG     Batch 122/1000 — 10 pair(s)
2026-04-19 00:22:55  DEBUG     +917000333971    SUCCESS   Thanks for participating! 1 image submitted successfully.
Follow us on Instagram to increase your chances of winning.
2026-04-19 00:23:03  DEBUG     +918829074023    SUCCESS   Thanks for participating! 1 image submitted successfully.
Follow us on Instagram to increase your chances of winning.
2026-04-19 00:23:15  DEBUG     +918147018561    SUCCESS   Thanks for participating! 1 image submitted successfully.
Follow us on Instagram to increase your chances of winning.
2026-04-19 00:23:23  DEBUG     +917788083122    SUCCESS   Thanks for participating! 1 image submitted successfully.
Follow us on Instagram to increase your chances of winning.
2026-04-19 00:23:36  DEBUG     +916093769319    SUCCESS   Thanks for participating! 1 image submitted successfully.
Follow us on Instagram to increase your chances of winning.
2026-04-19 00:23:46  DEBUG     +918096306312    SUCCESS   Thanks for participating! 1 image submitted successfully.
Follow us on Instagram to increase your chances of winning.
2026-04-19 00:23:54  DEBUG     +918039361537    SUCCESS   Thanks for participating! 1 image submitted successfully.
Follow us on Instagram to increase your chances of winning.
2026-04-19 00:24:06  DEBUG     +916883756484    SUCCESS   Thanks for participating! 1 image submitted successfully.
Follow us on Instagram to increase your chances of winning.
2026-04-19 00:24:16  DEBUG     +916795826759    SUCCESS   Thanks for participating! 1 image submitted successfully.
Follow us on Instagram to increase your chances of winning.
2026-04-19 00:24:27  DEBUG     +918801930204    SUCCESS   Thanks for participating! 1 image submitted successfully.
Follow us on Instagram to increase your chances of winning.
2026-04-19 00:24:27  DEBUG     Batch 123/1000 — 10 pair(s)
2026-04-19 00:24:35  DEBUG     +919020358577    SUCCESS   Thanks for participating! 1 image submitted successfully.
Follow us on Instagram to increase your chances of winning.
2026-04-19 00:24:43  DEBUG     +919194391152    SUCCESS   Thanks for participating! 1 image submitted successfully.
Follow us on Instagram to increase your chances of winning.
2026-04-19 00:24:52  DEBUG     +917256491697    SUCCESS   Thanks for participating! 1 image submitted successfully.
Follow us on Instagram to increase your chances of winning.
2026-04-19 00:25:04  DEBUG     +917985675098    SUCCESS   Thanks for participating! 1 image submitted successfully.
Follow us on Instagram to increase your chances of winning.
2026-04-19 00:25:15  DEBUG     +919542721206    SUCCESS   Thanks for participating! 1 image submitted successfully.
Follow us on Instagram to increase your chances of winning.
2026-04-19 00:25:26  DEBUG     +916148620383    SUCCESS   Thanks for participating! 1 image submitted successfully.
Follow us on Instagram to increase your chances of winning.
2026-04-19 00:25:36  DEBUG     +917496933166    SUCCESS   Thanks for participating! 1 image submitted successfully.
Follow us on Instagram to increase your chances of winning.
2026-04-19 00:25:47  DEBUG     +919818661260    SUCCESS   Thanks for participating! 1 image submitted successfully.
Follow us on Instagram to increase your chances of winning.
2026-04-19 00:26:00  DEBUG     +918518248881    SUCCESS   Thanks for participating! 1 image submitted successfully.
Follow us on Instagram to increase your chances of winning.
2026-04-19 00:26:11  DEBUG     +918934419552    SUCCESS   Thanks for participating! 1 image submitted successfully.
Follow us on Instagram to increase your chances of winning.
2026-04-19 00:26:11  DEBUG     Batch 124/1000 — 10 pair(s)
2026-04-19 00:26:23  DEBUG     +916774872964    SUCCESS   Thanks for participating! 1 image submitted successfully.
Follow us on Instagram to increase your chances of winning.
2026-04-19 00:26:32  DEBUG     +917635066713    SUCCESS   Thanks for participating! 1 image submitted successfully.
Follow us on Instagram to increase your chances of winning.
2026-04-19 00:26:44  DEBUG     +916063095449    SUCCESS   Thanks for participating! 1 image submitted successfully.
Follow us on Instagram to increase your chances of winning.
2026-04-19 00:26:52  DEBUG     +917023159815    SUCCESS   Thanks for participating! 1 image submitted successfully.
Follow us on Instagram to increase your chances of winning.
2026-04-19 00:27:00  DEBUG     +919199310340    SUCCESS   Thanks for participating! 1 image submitted successfully.
Follow us on Instagram to increase your chances of winning.
2026-04-19 00:27:11  DEBUG     +916965330625    SUCCESS   Thanks for participating! 1 image submitted successfully.
Follow us on Instagram to increase your chances of winning.
2026-04-19 00:27:20  DEBUG     +916524603920    SUCCESS   Thanks for participating! 1 image submitted successfully.
Follow us on Instagram to increase your chances of winning.
2026-04-19 00:27:29  DEBUG     +919260160854    SUCCESS   Thanks for participating! 1 image submitted successfully.
Follow us on Instagram to increase your chances of winning.
2026-04-19 00:27:39  DEBUG     +916989823397    SUCCESS   Thanks for participating! 1 image submitted successfully.
Follow us on Instagram to increase your chances of winning.
2026-04-19 00:27:50  DEBUG     +917715013484    SUCCESS   Thanks for participating! 1 image submitted successfully.
Follow us on Instagram to increase your chances of winning.
2026-04-19 00:27:50  DEBUG     Batch 125/1000 — 10 pair(s)
2026-04-19 00:28:00  DEBUG     +918655639739    SUCCESS   Thanks for participating! 1 image submitted successfully.
Follow us on Instagram to increase your chances of winning.
2026-04-19 00:28:09  DEBUG     +917344779592    SUCCESS   Thanks for participating! 1 image submitted successfully.
Follow us on Instagram to increase your chances of winning.
2026-04-19 00:28:17  DEBUG     +918161184298    SUCCESS   Thanks for participating! 1 image submitted successfully.
Follow us on Instagram to increase your chances of winning.
2026-04-19 00:28:25  DEBUG     +917077830682    SUCCESS   Thanks for participating! 1 image submitted successfully.
Follow us on Instagram to increase your chances of winning.
2026-04-19 00:28:33  DEBUG     +916889273916    SUCCESS   Thanks for participating! 1 image submitted successfully.
Follow us on Instagram to increase your chances of winning.
2026-04-19 00:28:41  DEBUG     +916880382404    SUCCESS   Thanks for participating! 1 image submitted successfully.
Follow us on Instagram to increase your chances of winning.
2026-04-19 00:28:50  DEBUG     +918388585114    SUCCESS   Thanks for participating! 1 image submitted successfully.
Follow us on Instagram to increase your chances of winning.
2026-04-19 00:29:02  DEBUG     +918761832567    SUCCESS   Thanks for participating! 1 image submitted successfully.
Follow us on Instagram to increase your chances of winning.
2026-04-19 00:29:13  DEBUG     +916439281073    SUCCESS   Thanks for participating! 1 image submitted successfully.
Follow us on Instagram to increase your chances of winning.
2026-04-19 00:29:24  DEBUG     +916211119053    SUCCESS   Thanks for participating! 1 image submitted successfully.
Follow us on Instagram to increase your chances of winning.
2026-04-19 00:29:24  DEBUG     Batch 126/1000 — 10 pair(s)
2026-04-19 00:29:35  DEBUG     +919905132418    SUCCESS   Thanks for participating! 1 image submitted successfully.
Follow us on Instagram to increase your chances of winning.
2026-04-19 00:29:44  DEBUG     +919419595931    SUCCESS   Thanks for participating! 1 image submitted successfully.
Follow us on Instagram to increase your chances of winning.
2026-04-19 00:29:55  DEBUG     +919631265371    SUCCESS   Thanks for participating! 1 image submitted successfully.
Follow us on Instagram to increase your chances of winning.
2026-04-19 00:30:05  DEBUG     +916122290622    SUCCESS   Thanks for participating! 1 image submitted successfully.
Follow us on Instagram to increase your chances of winning.
2026-04-19 00:30:14  DEBUG     +919500284246    SUCCESS   Thanks for participating! 1 image submitted successfully.
Follow us on Instagram to increase your chances of winning.
2026-04-19 00:30:22  DEBUG     +916412941790    SUCCESS   Thanks for participating! 1 image submitted successfully.
Follow us on Instagram to increase your chances of winning.
2026-04-19 00:30:29  DEBUG     +918315955235    SUCCESS   Thanks for participating! 1 image submitted successfully.
Follow us on Instagram to increase your chances of winning.
2026-04-19 00:30:37  DEBUG     +917436528164    SUCCESS   Thanks for participating! 1 image submitted successfully.
Follow us on Instagram to increase your chances of winning.
2026-04-19 00:30:45  DEBUG     +916475087617    SUCCESS   Thanks for participating! 1 image submitted successfully.
Follow us on Instagram to increase your chances of winning.
2026-04-19 00:30:53  DEBUG     +919010934791    SUCCESS   Thanks for participating! 1 image submitted successfully.
Follow us on Instagram to increase your chances of winning.
2026-04-19 00:30:53  DEBUG     Batch 127/1000 — 10 pair(s)
2026-04-19 00:31:02  DEBUG     +916358459736    SUCCESS   Thanks for participating! 1 image submitted successfully.
Follow us on Instagram to increase your chances of winning.
2026-04-19 00:31:10  DEBUG     +919525757873    SUCCESS   Thanks for participating! 1 image submitted successfully.
Follow us on Instagram to increase your chances of winning.
2026-04-19 00:31:21  DEBUG     +918783790081    SUCCESS   Thanks for participating! 1 image submitted successfully.
Follow us on Instagram to increase your chances of winning.
2026-04-19 00:31:29  DEBUG     +916987442847    SUCCESS   Thanks for participating! 1 image submitted successfully.
Follow us on Instagram to increase your chances of winning.
2026-04-19 00:31:37  DEBUG     +918143955322    SUCCESS   Thanks for participating! 1 image submitted successfully.
Follow us on Instagram to increase your chances of winning.
2026-04-19 00:31:45  DEBUG     +916856766287    SUCCESS   Thanks for participating! 1 image submitted successfully.
Follow us on Instagram to increase your chances of winning.
2026-04-19 00:31:54  DEBUG     +919084767026    SUCCESS   Thanks for participating! 1 image submitted successfully.
Follow us on Instagram to increase your chances of winning.
2026-04-19 00:32:05  DEBUG     +916329000167    SUCCESS   Thanks for participating! 1 image submitted successfully.
Follow us on Instagram to increase your chances of winning.
2026-04-19 00:32:13  DEBUG     +919188497530    SUCCESS   Thanks for participating! 1 image submitted successfully.
Follow us on Instagram to increase your chances of winning.
2026-04-19 00:32:22  DEBUG     +916765550314    SUCCESS   Thanks for participating! 1 image submitted successfully.
Follow us on Instagram to increase your chances of winning.
2026-04-19 00:32:22  DEBUG     Batch 128/1000 — 10 pair(s)
2026-04-19 00:32:32  DEBUG     +919516747277    SUCCESS   Thanks for participating! 1 image submitted successfully.
Follow us on Instagram to increase your chances of winning.
2026-04-19 00:32:44  DEBUG     +918332047485    SUCCESS   Thanks for participating! 1 image submitted successfully.
Follow us on Instagram to increase your chances of winning.
2026-04-19 00:32:55  DEBUG     +919143423042    SUCCESS   Thanks for participating! 1 image submitted successfully.
Follow us on Instagram to increase your chances of winning.
2026-04-19 00:33:08  DEBUG     +917731956909    SUCCESS   Thanks for participating! 1 image submitted successfully.
Follow us on Instagram to increase your chances of winning.
2026-04-19 00:33:17  DEBUG     +917082313384    SUCCESS   Thanks for participating! 1 image submitted successfully.
Follow us on Instagram to increase your chances of winning.
2026-04-19 00:33:25  DEBUG     +917855817169    SUCCESS   Thanks for participating! 1 image submitted successfully.
Follow us on Instagram to increase your chances of winning.
2026-04-19 00:33:36  DEBUG     +918857510028    SUCCESS   Thanks for participating! 1 image submitted successfully.
Follow us on Instagram to increase your chances of winning.
2026-04-19 00:33:48  DEBUG     +916894379263    SUCCESS   Thanks for participating! 1 image submitted successfully.
Follow us on Instagram to increase your chances of winning.
2026-04-19 00:33:55  DEBUG     +917379047471    SUCCESS   Thanks for participating! 1 image submitted successfully.
Follow us on Instagram to increase your chances of winning.
2026-04-19 00:34:03  DEBUG     +916874356123    SUCCESS   Thanks for participating! 1 image submitted successfully.
Follow us on Instagram to increase your chances of winning.
2026-04-19 00:34:03  DEBUG     Batch 129/1000 — 10 pair(s)
2026-04-19 00:34:11  DEBUG     +918727620383    SUCCESS   Thanks for participating! 1 image submitted successfully.
Follow us on Instagram to increase your chances of winning.
2026-04-19 00:34:20  DEBUG     +916049338767    SUCCESS   Thanks for participating! 1 image submitted successfully.
Follow us on Instagram to increase your chances of winning.
2026-04-19 00:34:30  DEBUG     +919111126966    SUCCESS   Thanks for participating! 1 image submitted successfully.
Follow us on Instagram to increase your chances of winning.
2026-04-19 00:34:42  DEBUG     +919278560440    SUCCESS   Thanks for participating! 1 image submitted successfully.
Follow us on Instagram to increase your chances of winning.
2026-04-19 00:34:53  DEBUG     +918156496573    SUCCESS   Thanks for participating! 1 image submitted successfully.
Follow us on Instagram to increase your chances of winning.
2026-04-19 00:35:03  DEBUG     +917793396365    SUCCESS   Thanks for participating! 1 image submitted successfully.
Follow us on Instagram to increase your chances of winning.
2026-04-19 00:35:11  DEBUG     +916671765182    SUCCESS   Thanks for participating! 1 image submitted successfully.
Follow us on Instagram to increase your chances of winning.
2026-04-19 00:35:19  DEBUG     +918764391780    SUCCESS   Thanks for participating! 1 image submitted successfully.
Follow us on Instagram to increase your chances of winning.
2026-04-19 00:35:30  DEBUG     +918002887526    SUCCESS   Thanks for participating! 1 image submitted successfully.
Follow us on Instagram to increase your chances of winning.
2026-04-19 00:35:38  DEBUG     +918056467536    SUCCESS   Thanks for participating! 1 image submitted successfully.
Follow us on Instagram to increase your chances of winning.
2026-04-19 00:35:38  DEBUG     Batch 130/1000 — 10 pair(s)
2026-04-19 00:35:47  DEBUG     +918202090124    SUCCESS   Thanks for participating! 1 image submitted successfully.
Follow us on Instagram to increase your chances of winning.
2026-04-19 00:35:55  DEBUG     +918964553024    SUCCESS   Thanks for participating! 1 image submitted successfully.
Follow us on Instagram to increase your chances of winning.
2026-04-19 00:36:04  DEBUG     +918776253507    SUCCESS   Thanks for participating! 1 image submitted successfully.
Follow us on Instagram to increase your chances of winning.
2026-04-19 00:36:15  DEBUG     +916015225590    SUCCESS   Thanks for participating! 1 image submitted successfully.
Follow us on Instagram to increase your chances of winning.
2026-04-19 00:36:24  DEBUG     +916845497254    SUCCESS   Thanks for participating! 1 image submitted successfully.
Follow us on Instagram to increase your chances of winning.
2026-04-19 00:36:34  DEBUG     +919540746820    SUCCESS   Thanks for participating! 1 image submitted successfully.
Follow us on Instagram to increase your chances of winning.
2026-04-19 00:36:43  DEBUG     +917250447889    SUCCESS   Thanks for participating! 1 image submitted successfully.
Follow us on Instagram to increase your chances of winning.
2026-04-19 00:36:52  DEBUG     +917583563092    SUCCESS   Thanks for participating! 1 image submitted successfully.
Follow us on Instagram to increase your chances of winning.
2026-04-19 00:37:00  DEBUG     +917112951558    SUCCESS   Thanks for participating! 1 image submitted successfully.
Follow us on Instagram to increase your chances of winning.
2026-04-19 00:37:10  DEBUG     +917863699653    SUCCESS   Thanks for participating! 1 image submitted successfully.
Follow us on Instagram to increase your chances of winning.
2026-04-19 00:37:10  DEBUG     Batch 131/1000 — 10 pair(s)
2026-04-19 00:37:21  DEBUG     +917821207890    SUCCESS   Thanks for participating! 1 image submitted successfully.
Follow us on Instagram to increase your chances of winning.
2026-04-19 00:37:35  DEBUG     +916212449223    SUCCESS   Thanks for participating! 1 image submitted successfully.
Follow us on Instagram to increase your chances of winning.
2026-04-19 00:37:43  DEBUG     +918288633633    SUCCESS   Thanks for participating! 1 image submitted successfully.
Follow us on Instagram to increase your chances of winning.
2026-04-19 00:37:51  DEBUG     +917330587252    SUCCESS   Thanks for participating! 1 image submitted successfully.
Follow us on Instagram to increase your chances of winning.
2026-04-19 00:37:59  DEBUG     +918034743472    SUCCESS   Thanks for participating! 1 image submitted successfully.
Follow us on Instagram to increase your chances of winning.
2026-04-19 00:38:08  DEBUG     +916361326547    SUCCESS   Thanks for participating! 1 image submitted successfully.
Follow us on Instagram to increase your chances of winning.
2026-04-19 00:38:15  DEBUG     +918597599068    SUCCESS   Thanks for participating! 1 image submitted successfully.
Follow us on Instagram to increase your chances of winning.
2026-04-19 00:38:23  DEBUG     +917312724551    SUCCESS   Thanks for participating! 1 image submitted successfully.
Follow us on Instagram to increase your chances of winning.
2026-04-19 00:38:32  DEBUG     +917337498717    SUCCESS   Thanks for participating! 1 image submitted successfully.
Follow us on Instagram to increase your chances of winning.
2026-04-19 00:38:40  DEBUG     +917659869176    SUCCESS   Thanks for participating! 1 image submitted successfully.
Follow us on Instagram to increase your chances of winning.
2026-04-19 00:38:40  DEBUG     Batch 132/1000 — 10 pair(s)
2026-04-19 00:38:51  DEBUG     +916055151780    SUCCESS   Thanks for participating! 1 image submitted successfully.
Follow us on Instagram to increase your chances of winning.
2026-04-19 00:39:00  DEBUG     +919847308800    SUCCESS   Thanks for participating! 1 image submitted successfully.
Follow us on Instagram to increase your chances of winning.
2026-04-19 00:39:07  DEBUG     +917363279971    SUCCESS   Thanks for participating! 1 image submitted successfully.
Follow us on Instagram to increase your chances of winning.
2026-04-19 00:39:16  DEBUG     +918063469915    SUCCESS   Thanks for participating! 1 image submitted successfully.
Follow us on Instagram to increase your chances of winning.
2026-04-19 00:39:23  DEBUG     +919790007787    SUCCESS   Thanks for participating! 1 image submitted successfully.
Follow us on Instagram to increase your chances of winning.
2026-04-19 00:39:31  DEBUG     +917820263189    SUCCESS   Thanks for participating! 1 image submitted successfully.
Follow us on Instagram to increase your chances of winning.
2026-04-19 00:39:40  DEBUG     +917611563132    SUCCESS   Thanks for participating! 1 image submitted successfully.
Follow us on Instagram to increase your chances of winning.
2026-04-19 00:39:49  DEBUG     +917136433689    SUCCESS   Thanks for participating! 1 image submitted successfully.
Follow us on Instagram to increase your chances of winning.
2026-04-19 00:39:59  DEBUG     +919729642773    SUCCESS   Thanks for participating! 1 image submitted successfully.
Follow us on Instagram to increase your chances of winning.
2026-04-19 00:40:08  DEBUG     +919666845497    SUCCESS   Thanks for participating! 1 image submitted successfully.
Follow us on Instagram to increase your chances of winning.
2026-04-19 00:40:08  DEBUG     Batch 133/1000 — 10 pair(s)
2026-04-19 00:40:17  DEBUG     +919819676771    SUCCESS   Thanks for participating! 1 image submitted successfully.
Follow us on Instagram to increase your chances of winning.
2026-04-19 00:40:26  DEBUG     +919022760156    SUCCESS   Thanks for participating! 1 image submitted successfully.
Follow us on Instagram to increase your chances of winning.
2026-04-19 00:40:40  DEBUG     +917343103803    SUCCESS   Thanks for participating! 1 image submitted successfully.
Follow us on Instagram to increase your chances of winning.
2026-04-19 00:40:48  DEBUG     +919232697145    SUCCESS   Thanks for participating! 1 image submitted successfully.
Follow us on Instagram to increase your chances of winning.
2026-04-19 00:40:56  DEBUG     +919633212969    SUCCESS   Thanks for participating! 1 image submitted successfully.
Follow us on Instagram to increase your chances of winning.
2026-04-19 00:41:07  DEBUG     +919976172416    SUCCESS   Thanks for participating! 1 image submitted successfully.
Follow us on Instagram to increase your chances of winning.
2026-04-19 00:41:15  DEBUG     +918965677393    SUCCESS   Thanks for participating! 1 image submitted successfully.
Follow us on Instagram to increase your chances of winning.
2026-04-19 00:41:23  DEBUG     +917369406302    SUCCESS   Thanks for participating! 1 image submitted successfully.
Follow us on Instagram to increase your chances of winning.
2026-04-19 00:41:32  DEBUG     +916769190138    SUCCESS   Thanks for participating! 1 image submitted successfully.
Follow us on Instagram to increase your chances of winning.
2026-04-19 00:41:43  DEBUG     +917228419997    SUCCESS   Thanks for participating! 1 image submitted successfully.
Follow us on Instagram to increase your chances of winning.
2026-04-19 00:41:43  DEBUG     Batch 134/1000 — 10 pair(s)
2026-04-19 00:41:51  DEBUG     +918629065540    SUCCESS   Thanks for participating! 1 image submitted successfully.
Follow us on Instagram to increase your chances of winning.
2026-04-19 00:41:59  DEBUG     +918182264163    SUCCESS   Thanks for participating! 1 image submitted successfully.
Follow us on Instagram to increase your chances of winning.
2026-04-19 00:42:07  DEBUG     +918170810355    SUCCESS   Thanks for participating! 1 image submitted successfully.
Follow us on Instagram to increase your chances of winning.
2026-04-19 00:42:15  DEBUG     +919513745063    SUCCESS   Thanks for participating! 1 image submitted successfully.
Follow us on Instagram to increase your chances of winning.
2026-04-19 00:42:24  DEBUG     +919480345814    SUCCESS   Thanks for participating! 1 image submitted successfully.
Follow us on Instagram to increase your chances of winning.
2026-04-19 00:42:35  DEBUG     +919911005145    SUCCESS   Thanks for participating! 1 image submitted successfully.
Follow us on Instagram to increase your chances of winning.
2026-04-19 00:42:44  DEBUG     +917934311799    SUCCESS   Thanks for participating! 1 image submitted successfully.
Follow us on Instagram to increase your chances of winning.
2026-04-19 00:42:54  DEBUG     +916885515294    SUCCESS   Thanks for participating! 1 image submitted successfully.
Follow us on Instagram to increase your chances of winning.
2026-04-19 00:43:01  DEBUG     +919819165213    SUCCESS   Thanks for participating! 1 image submitted successfully.
Follow us on Instagram to increase your chances of winning.
2026-04-19 00:43:09  DEBUG     +917748739007    SUCCESS   Thanks for participating! 1 image submitted successfully.
Follow us on Instagram to increase your chances of winning.
2026-04-19 00:43:09  DEBUG     Batch 135/1000 — 10 pair(s)
2026-04-19 00:43:23  DEBUG     +916099256727    SUCCESS   Thanks for participating! 1 image submitted successfully.
Follow us on Instagram to increase your chances of winning.
2026-04-19 00:43:32  DEBUG     +917032443698    SUCCESS   Thanks for participating! 1 image submitted successfully.
Follow us on Instagram to increase your chances of winning.
2026-04-19 00:43:44  DEBUG     +919184871453    SUCCESS   Thanks for participating! 1 image submitted successfully.
Follow us on Instagram to increase your chances of winning.
2026-04-19 00:43:56  DEBUG     +917087111947    SUCCESS   Thanks for participating! 1 image submitted successfully.
Follow us on Instagram to increase your chances of winning.
2026-04-19 00:44:13  DEBUG     +917673588209    SUCCESS   Thanks for participating! 1 image submitted successfully.
Follow us on Instagram to increase your chances of winning.
2026-04-19 00:44:25  DEBUG     +916795100510    SUCCESS   Thanks for participating! 1 image submitted successfully.
Follow us on Instagram to increase your chances of winning.
2026-04-19 00:44:38  DEBUG     +919753659892    SUCCESS   Thanks for participating! 1 image submitted successfully.
Follow us on Instagram to increase your chances of winning.
2026-04-19 00:44:49  DEBUG     +918346273810    SUCCESS   Thanks for participating! 1 image submitted successfully.
Follow us on Instagram to increase your chances of winning.
2026-04-19 00:44:57  DEBUG     +918302325922    SUCCESS   Thanks for participating! 1 image submitted successfully.
Follow us on Instagram to increase your chances of winning.
2026-04-19 00:45:05  DEBUG     +916385399119    SUCCESS   Thanks for participating! 1 image submitted successfully.
Follow us on Instagram to increase your chances of winning.
2026-04-19 00:45:05  DEBUG     Batch 136/1000 — 10 pair(s)
2026-04-19 00:45:13  DEBUG     +919241619045    SUCCESS   Thanks for participating! 1 image submitted successfully.
Follow us on Instagram to increase your chances of winning.
2026-04-19 00:45:21  DEBUG     +917115075016    SUCCESS   Thanks for participating! 1 image submitted successfully.
Follow us on Instagram to increase your chances of winning.
2026-04-19 00:45:29  DEBUG     +918925534493    SUCCESS   Thanks for participating! 1 image submitted successfully.
Follow us on Instagram to increase your chances of winning.
2026-04-19 00:45:37  DEBUG     +916626841516    SUCCESS   Thanks for participating! 1 image submitted successfully.
Follow us on Instagram to increase your chances of winning.
2026-04-19 00:45:45  DEBUG     +917327175062    SUCCESS   Thanks for participating! 1 image submitted successfully.
Follow us on Instagram to increase your chances of winning.
2026-04-19 00:45:53  DEBUG     +916946763261    SUCCESS   Thanks for participating! 1 image submitted successfully.
Follow us on Instagram to increase your chances of winning.
2026-04-19 00:46:01  DEBUG     +918993139130    SUCCESS   Thanks for participating! 1 image submitted successfully.
Follow us on Instagram to increase your chances of winning.
2026-04-19 00:46:09  DEBUG     +916665780337    SUCCESS   Thanks for participating! 1 image submitted successfully.
Follow us on Instagram to increase your chances of winning.
2026-04-19 00:46:17  DEBUG     +919242656588    SUCCESS   Thanks for participating! 1 image submitted successfully.
Follow us on Instagram to increase your chances of winning.
2026-04-19 00:46:25  DEBUG     +916194458634    SUCCESS   Thanks for participating! 1 image submitted successfully.
Follow us on Instagram to increase your chances of winning.
2026-04-19 00:46:25  DEBUG     Batch 137/1000 — 10 pair(s)
2026-04-19 00:46:41  DEBUG     +919710709637    SUCCESS   Thanks for participating! 1 image submitted successfully.
Follow us on Instagram to increase your chances of winning.
2026-04-19 00:46:52  DEBUG     +918313172756    SUCCESS   Thanks for participating! 1 image submitted successfully.
Follow us on Instagram to increase your chances of winning.
2026-04-19 00:47:00  DEBUG     +917940989773    SUCCESS   Thanks for participating! 1 image submitted successfully.
Follow us on Instagram to increase your chances of winning.
2026-04-19 00:47:08  DEBUG     +918954631928    SUCCESS   Thanks for participating! 1 image submitted successfully.
Follow us on Instagram to increase your chances of winning.
2026-04-19 00:47:16  DEBUG     +918833600263    SUCCESS   Thanks for participating! 1 image submitted successfully.
Follow us on Instagram to increase your chances of winning.
2026-04-19 00:47:24  DEBUG     +918822654305    SUCCESS   Thanks for participating! 1 image submitted successfully.
Follow us on Instagram to increase your chances of winning.
2026-04-19 00:47:34  DEBUG     +919381975235    SUCCESS   Thanks for participating! 1 image submitted successfully.
Follow us on Instagram to increase your chances of winning.
2026-04-19 00:47:43  DEBUG     +917757975665    SUCCESS   Thanks for participating! 1 image submitted successfully.
Follow us on Instagram to increase your chances of winning.
2026-04-19 00:47:52  DEBUG     +919963139266    SUCCESS   Thanks for participating! 1 image submitted successfully.
Follow us on Instagram to increase your chances of winning.
2026-04-19 00:48:01  DEBUG     +917768662866    SUCCESS   Thanks for participating! 1 image submitted successfully.
Follow us on Instagram to increase your chances of winning.
2026-04-19 00:48:01  DEBUG     Batch 138/1000 — 10 pair(s)
2026-04-19 00:48:14  DEBUG     +916361672129    SUCCESS   Thanks for participating! 1 image submitted successfully.
Follow us on Instagram to increase your chances of winning.
2026-04-19 00:48:22  DEBUG     +916925056660    SUCCESS   Thanks for participating! 1 image submitted successfully.
Follow us on Instagram to increase your chances of winning.
2026-04-19 00:48:32  DEBUG     +916534401614    SUCCESS   Thanks for participating! 1 image submitted successfully.
Follow us on Instagram to increase your chances of winning.
2026-04-19 00:48:40  DEBUG     +919979979004    SUCCESS   Thanks for participating! 1 image submitted successfully.
Follow us on Instagram to increase your chances of winning.
2026-04-19 00:48:48  DEBUG     +918897662190    SUCCESS   Thanks for participating! 1 image submitted successfully.
Follow us on Instagram to increase your chances of winning.
2026-04-19 00:48:55  DEBUG     +916740117877    SUCCESS   Thanks for participating! 1 image submitted successfully.
Follow us on Instagram to increase your chances of winning.
2026-04-19 00:49:03  DEBUG     +916437789616    SUCCESS   Thanks for participating! 1 image submitted successfully.
Follow us on Instagram to increase your chances of winning.
2026-04-19 00:49:12  DEBUG     +918567864357    SUCCESS   Thanks for participating! 1 image submitted successfully.
Follow us on Instagram to increase your chances of winning.
2026-04-19 00:49:20  DEBUG     +919417692888    SUCCESS   Thanks for participating! 1 image submitted successfully.
Follow us on Instagram to increase your chances of winning.
2026-04-19 00:49:28  DEBUG     +919485723654    SUCCESS   Thanks for participating! 1 image submitted successfully.
Follow us on Instagram to increase your chances of winning.
2026-04-19 00:49:28  DEBUG     Batch 139/1000 — 10 pair(s)
2026-04-19 00:49:39  DEBUG     +918717822383    SUCCESS   Thanks for participating! 1 image submitted successfully.
Follow us on Instagram to increase your chances of winning.
2026-04-19 00:49:47  DEBUG     +918984298042    SUCCESS   Thanks for participating! 1 image submitted successfully.
Follow us on Instagram to increase your chances of winning.
2026-04-19 00:49:55  DEBUG     +917992471453    SUCCESS   Thanks for participating! 1 image submitted successfully.
Follow us on Instagram to increase your chances of winning.
2026-04-19 00:50:03  DEBUG     +917940451199    SUCCESS   Thanks for participating! 1 image submitted successfully.
Follow us on Instagram to increase your chances of winning.
2026-04-19 00:50:11  DEBUG     +918769481805    SUCCESS   Thanks for participating! 1 image submitted successfully.
Follow us on Instagram to increase your chances of winning.
2026-04-19 00:50:19  DEBUG     +918480652905    SUCCESS   Thanks for participating! 1 image submitted successfully.
Follow us on Instagram to increase your chances of winning.
2026-04-19 00:50:27  DEBUG     +916272830756    SUCCESS   Thanks for participating! 1 image submitted successfully.
Follow us on Instagram to increase your chances of winning.
2026-04-19 00:50:35  DEBUG     +917445917449    SUCCESS   Thanks for participating! 1 image submitted successfully.
Follow us on Instagram to increase your chances of winning.
2026-04-19 00:50:44  DEBUG     +918714944924    SUCCESS   Thanks for participating! 1 image submitted successfully.
Follow us on Instagram to increase your chances of winning.
2026-04-19 00:50:55  DEBUG     +917437208838    SUCCESS   Thanks for participating! 1 image submitted successfully.
Follow us on Instagram to increase your chances of winning.
2026-04-19 00:50:55  DEBUG     Batch 140/1000 — 10 pair(s)
2026-04-19 00:51:04  DEBUG     +917167887998    SUCCESS   Thanks for participating! 1 image submitted successfully.
Follow us on Instagram to increase your chances of winning.
2026-04-19 00:51:16  DEBUG     +916077985759    SUCCESS   Thanks for participating! 1 image submitted successfully.
Follow us on Instagram to increase your chances of winning.
2026-04-19 00:51:27  DEBUG     +919332270744    SUCCESS   Thanks for participating! 1 image submitted successfully.
Follow us on Instagram to increase your chances of winning.
2026-04-19 00:51:40  DEBUG     +919798056614    SUCCESS   Thanks for participating! 1 image submitted successfully.
Follow us on Instagram to increase your chances of winning.
2026-04-19 00:51:52  DEBUG     +916090566339    SUCCESS   Thanks for participating! 1 image submitted successfully.
Follow us on Instagram to increase your chances of winning.
2026-04-19 00:52:04  DEBUG     +916711686825    SUCCESS   Thanks for participating! 1 image submitted successfully.
Follow us on Instagram to increase your chances of winning.
2026-04-19 00:52:13  DEBUG     +919573589027    SUCCESS   Thanks for participating! 1 image submitted successfully.
Follow us on Instagram to increase your chances of winning.
2026-04-19 00:52:21  DEBUG     +919070485774    SUCCESS   Thanks for participating! 1 image submitted successfully.
Follow us on Instagram to increase your chances of winning.
2026-04-19 00:52:30  DEBUG     +919210447335    SUCCESS   Thanks for participating! 1 image submitted successfully.
Follow us on Instagram to increase your chances of winning.
2026-04-19 00:52:40  DEBUG     +917283772954    SUCCESS   Thanks for participating! 1 image submitted successfully.
Follow us on Instagram to increase your chances of winning.
2026-04-19 00:52:40  DEBUG     Batch 141/1000 — 10 pair(s)
2026-04-19 00:52:51  DEBUG     +916014975599    SUCCESS   Thanks for participating! 1 image submitted successfully.
Follow us on Instagram to increase your chances of winning.
2026-04-19 00:52:59  DEBUG     +919112633499    SUCCESS   Thanks for participating! 1 image submitted successfully.
Follow us on Instagram to increase your chances of winning.
2026-04-19 00:53:13  DEBUG     +918085267289    SUCCESS   Thanks for participating! 1 image submitted successfully.
Follow us on Instagram to increase your chances of winning.
2026-04-19 00:53:21  DEBUG     +919169643308    SUCCESS   Thanks for participating! 1 image submitted successfully.
Follow us on Instagram to increase your chances of winning.
2026-04-19 00:53:29  DEBUG     +918732443129    SUCCESS   Thanks for participating! 1 image submitted successfully.
Follow us on Instagram to increase your chances of winning.
2026-04-19 00:53:37  DEBUG     +917018475585    SUCCESS   Thanks for participating! 1 image submitted successfully.
Follow us on Instagram to increase your chances of winning.
2026-04-19 00:53:45  DEBUG     +918729892188    SUCCESS   Thanks for participating! 1 image submitted successfully.
Follow us on Instagram to increase your chances of winning.
2026-04-19 00:53:53  DEBUG     +919901366926    SUCCESS   Thanks for participating! 1 image submitted successfully.
Follow us on Instagram to increase your chances of winning.
2026-04-19 00:54:04  DEBUG     +917542996918    SUCCESS   Thanks for participating! 1 image submitted successfully.
Follow us on Instagram to increase your chances of winning.
2026-04-19 00:54:14  DEBUG     +919572545554    SUCCESS   Thanks for participating! 1 image submitted successfully.
Follow us on Instagram to increase your chances of winning.
2026-04-19 00:54:14  DEBUG     Batch 142/1000 — 10 pair(s)
2026-04-19 00:54:25  DEBUG     +916796018494    SUCCESS   Thanks for participating! 1 image submitted successfully.
Follow us on Instagram to increase your chances of winning.
2026-04-19 00:54:33  DEBUG     +917874555923    SUCCESS   Thanks for participating! 1 image submitted successfully.
Follow us on Instagram to increase your chances of winning.
2026-04-19 00:54:42  DEBUG     +916529729794    SUCCESS   Thanks for participating! 1 image submitted successfully.
Follow us on Instagram to increase your chances of winning.
2026-04-19 00:54:52  DEBUG     +918668810397    SUCCESS   Thanks for participating! 1 image submitted successfully.
Follow us on Instagram to increase your chances of winning.
2026-04-19 00:55:06  DEBUG     +919010068437    SUCCESS   Thanks for participating! 1 image submitted successfully.
Follow us on Instagram to increase your chances of winning.
2026-04-19 00:55:18  DEBUG     +919482010501    SUCCESS   Thanks for participating! 1 image submitted successfully.
Follow us on Instagram to increase your chances of winning.
2026-04-19 00:55:29  DEBUG     +917033140241    SUCCESS   Thanks for participating! 1 image submitted successfully.
Follow us on Instagram to increase your chances of winning.
2026-04-19 00:55:40  DEBUG     +916594575665    SUCCESS   Thanks for participating! 1 image submitted successfully.
Follow us on Instagram to increase your chances of winning.
2026-04-19 00:55:50  DEBUG     +917600326826    SUCCESS   Thanks for participating! 1 image submitted successfully.
Follow us on Instagram to increase your chances of winning.
2026-04-19 00:56:01  DEBUG     +917265822515    SUCCESS   Thanks for participating! 1 image submitted successfully.
Follow us on Instagram to increase your chances of winning.
2026-04-19 00:56:01  DEBUG     Batch 143/1000 — 10 pair(s)
2026-04-19 00:56:09  DEBUG     +916753086380    SUCCESS   Thanks for participating! 1 image submitted successfully.
Follow us on Instagram to increase your chances of winning.
2026-04-19 00:56:16  DEBUG     +918544986278    SUCCESS   Thanks for participating! 1 image submitted successfully.
Follow us on Instagram to increase your chances of winning.
2026-04-19 00:56:28  DEBUG     +918217397468    SUCCESS   Thanks for participating! 1 image submitted successfully.
Follow us on Instagram to increase your chances of winning.
2026-04-19 00:56:36  DEBUG     +918450020828    SUCCESS   Thanks for participating! 1 image submitted successfully.
Follow us on Instagram to increase your chances of winning.
2026-04-19 00:56:43  DEBUG     +916806876772    SUCCESS   Thanks for participating! 1 image submitted successfully.
Follow us on Instagram to increase your chances of winning.
2026-04-19 00:56:52  DEBUG     +918970620961    SUCCESS   Thanks for participating! 1 image submitted successfully.
Follow us on Instagram to increase your chances of winning.
2026-04-19 00:57:03  DEBUG     +919531969929    SUCCESS   Thanks for participating! 1 image submitted successfully.
Follow us on Instagram to increase your chances of winning.
2026-04-19 00:57:13  DEBUG     +918873407380    SUCCESS   Thanks for participating! 1 image submitted successfully.
Follow us on Instagram to increase your chances of winning.
2026-04-19 00:57:22  DEBUG     +918491375697    SUCCESS   Thanks for participating! 1 image submitted successfully.
Follow us on Instagram to increase your chances of winning.
2026-04-19 00:57:33  DEBUG     +919463837123    SUCCESS   Thanks for participating! 1 image submitted successfully.
Follow us on Instagram to increase your chances of winning.
2026-04-19 00:57:33  DEBUG     Batch 144/1000 — 10 pair(s)
2026-04-19 00:57:41  DEBUG     +919499259986    SUCCESS   Thanks for participating! 1 image submitted successfully.
Follow us on Instagram to increase your chances of winning.
2026-04-19 00:57:49  DEBUG     +919845554739    SUCCESS   Thanks for participating! 1 image submitted successfully.
Follow us on Instagram to increase your chances of winning.
2026-04-19 00:57:57  DEBUG     +918954405856    SUCCESS   Thanks for participating! 1 image submitted successfully.
Follow us on Instagram to increase your chances of winning.
2026-04-19 00:58:05  DEBUG     +918692467179    SUCCESS   Thanks for participating! 1 image submitted successfully.
Follow us on Instagram to increase your chances of winning.
2026-04-19 00:58:13  DEBUG     +919047195310    SUCCESS   Thanks for participating! 1 image submitted successfully.
Follow us on Instagram to increase your chances of winning.
2026-04-19 00:58:23  DEBUG     +916623607126    SUCCESS   Thanks for participating! 1 image submitted successfully.
Follow us on Instagram to increase your chances of winning.
2026-04-19 00:58:32  DEBUG     +919814839124    SUCCESS   Thanks for participating! 1 image submitted successfully.
Follow us on Instagram to increase your chances of winning.
2026-04-19 00:58:42  DEBUG     +919653873241    SUCCESS   Thanks for participating! 1 image submitted successfully.
Follow us on Instagram to increase your chances of winning.
2026-04-19 00:58:54  DEBUG     +916371483010    SUCCESS   Thanks for participating! 1 image submitted successfully.
Follow us on Instagram to increase your chances of winning.
2026-04-19 00:59:02  DEBUG     +917449738470    SUCCESS   Thanks for participating! 1 image submitted successfully.
Follow us on Instagram to increase your chances of winning.
2026-04-19 00:59:02  DEBUG     Batch 145/1000 — 10 pair(s)
2026-04-19 00:59:10  DEBUG     +918889930052    SUCCESS   Thanks for participating! 1 image submitted successfully.
Follow us on Instagram to increase your chances of winning.
2026-04-19 00:59:18  DEBUG     +916559356042    SUCCESS   Thanks for participating! 1 image submitted successfully.
Follow us on Instagram to increase your chances of winning.
2026-04-19 00:59:29  DEBUG     +917940728836    SUCCESS   Thanks for participating! 1 image submitted successfully.
Follow us on Instagram to increase your chances of winning.
2026-04-19 00:59:37  DEBUG     +917814302356    SUCCESS   Thanks for participating! 1 image submitted successfully.
Follow us on Instagram to increase your chances of winning.
2026-04-19 00:59:45  DEBUG     +918101084556    SUCCESS   Thanks for participating! 1 image submitted successfully.
Follow us on Instagram to increase your chances of winning.
2026-04-19 00:59:54  DEBUG     +919377036113    SUCCESS   Thanks for participating! 1 image submitted successfully.
Follow us on Instagram to increase your chances of winning.
2026-04-19 01:00:05  DEBUG     +919146847848    SUCCESS   Thanks for participating! 1 image submitted successfully.
Follow us on Instagram to increase your chances of winning.
2026-04-19 01:00:13  DEBUG     +916145257661    SUCCESS   Thanks for participating! 1 image submitted successfully.
Follow us on Instagram to increase your chances of winning.
2026-04-19 01:00:21  DEBUG     +919439125853    SUCCESS   Thanks for participating! 1 image submitted successfully.
Follow us on Instagram to increase your chances of winning.
2026-04-19 01:00:30  DEBUG     +918891842493    SUCCESS   Thanks for participating! 1 image submitted successfully.
Follow us on Instagram to increase your chances of winning.
2026-04-19 01:00:30  DEBUG     Batch 146/1000 — 10 pair(s)
2026-04-19 01:00:42  DEBUG     +916975249949    SUCCESS   Thanks for participating! 1 image submitted successfully.
Follow us on Instagram to increase your chances of winning.
2026-04-19 01:00:51  DEBUG     +919753173909    SUCCESS   Thanks for participating! 1 image submitted successfully.
Follow us on Instagram to increase your chances of winning.
2026-04-19 01:01:03  DEBUG     +918082072778    SUCCESS   Thanks for participating! 1 image submitted successfully.
Follow us on Instagram to increase your chances of winning.
2026-04-19 01:01:12  DEBUG     +919852422702    SUCCESS   Thanks for participating! 1 image submitted successfully.
Follow us on Instagram to increase your chances of winning.
2026-04-19 01:01:20  DEBUG     +919072291101    SUCCESS   Thanks for participating! 1 image submitted successfully.
Follow us on Instagram to increase your chances of winning.
2026-04-19 01:01:28  DEBUG     +918319601038    SUCCESS   Thanks for participating! 1 image submitted successfully.
Follow us on Instagram to increase your chances of winning.
2026-04-19 01:01:39  DEBUG     +917463633641    SUCCESS   Thanks for participating! 1 image submitted successfully.
Follow us on Instagram to increase your chances of winning.
2026-04-19 01:01:47  DEBUG     +918584659501    SUCCESS   Thanks for participating! 1 image submitted successfully.
Follow us on Instagram to increase your chances of winning.
2026-04-19 01:01:55  DEBUG     +919421238888    SUCCESS   Thanks for participating! 1 image submitted successfully.
Follow us on Instagram to increase your chances of winning.
2026-04-19 01:02:04  DEBUG     +919957777971    SUCCESS   Thanks for participating! 1 image submitted successfully.
Follow us on Instagram to increase your chances of winning.
2026-04-19 01:02:04  DEBUG     Batch 147/1000 — 10 pair(s)
2026-04-19 01:02:15  DEBUG     +919176460935    SUCCESS   Thanks for participating! 1 image submitted successfully.
Follow us on Instagram to increase your chances of winning.
2026-04-19 01:02:23  DEBUG     +918681188528    SUCCESS   Thanks for participating! 1 image submitted successfully.
Follow us on Instagram to increase your chances of winning.
2026-04-19 01:02:31  DEBUG     +917844612008    SUCCESS   Thanks for participating! 1 image submitted successfully.
Follow us on Instagram to increase your chances of winning.
2026-04-19 01:02:39  DEBUG     +916937258718    SUCCESS   Thanks for participating! 1 image submitted successfully.
Follow us on Instagram to increase your chances of winning.
2026-04-19 01:02:53  DEBUG     +919185860499    SUCCESS   Thanks for participating! 1 image submitted successfully.
Follow us on Instagram to increase your chances of winning.
2026-04-19 01:03:02  DEBUG     +917592414403    SUCCESS   Thanks for participating! 1 image submitted successfully.
Follow us on Instagram to increase your chances of winning.
2026-04-19 01:03:19  DEBUG     +916321032771    SUCCESS   Thanks for participating! 1 image submitted successfully.
Follow us on Instagram to increase your chances of winning.
2026-04-19 01:03:29  DEBUG     +917264087189    SUCCESS   Thanks for participating! 1 image submitted successfully.
Follow us on Instagram to increase your chances of winning.
2026-04-19 01:03:40  DEBUG     +916394268930    SUCCESS   Thanks for participating! 1 image submitted successfully.
Follow us on Instagram to increase your chances of winning.
2026-04-19 01:03:48  DEBUG     +918973121662    SUCCESS   Thanks for participating! 1 image submitted successfully.
Follow us on Instagram to increase your chances of winning.
2026-04-19 01:03:48  DEBUG     Batch 148/1000 — 10 pair(s)
2026-04-19 01:03:56  DEBUG     +916951324966    SUCCESS   Thanks for participating! 1 image submitted successfully.
Follow us on Instagram to increase your chances of winning.
2026-04-19 01:04:05  DEBUG     +919541331599    SUCCESS   Thanks for participating! 1 image submitted successfully.
Follow us on Instagram to increase your chances of winning.
2026-04-19 01:04:15  DEBUG     +918098001257    SUCCESS   Thanks for participating! 1 image submitted successfully.
Follow us on Instagram to increase your chances of winning.
2026-04-19 01:04:25  DEBUG     +917007685583    SUCCESS   Thanks for participating! 1 image submitted successfully.
Follow us on Instagram to increase your chances of winning.
2026-04-19 01:04:35  DEBUG     +919910754926    SUCCESS   Thanks for participating! 1 image submitted successfully.
Follow us on Instagram to increase your chances of winning.
2026-04-19 01:04:45  DEBUG     +919740655322    SUCCESS   Thanks for participating! 1 image submitted successfully.
Follow us on Instagram to increase your chances of winning.
2026-04-19 01:04:53  DEBUG     +917548659308    SUCCESS   Thanks for participating! 1 image submitted successfully.
Follow us on Instagram to increase your chances of winning.
2026-04-19 01:05:02  DEBUG     +916146091811    SUCCESS   Thanks for participating! 1 image submitted successfully.
Follow us on Instagram to increase your chances of winning.
2026-04-19 01:05:10  DEBUG     +919891879615    SUCCESS   Thanks for participating! 1 image submitted successfully.
Follow us on Instagram to increase your chances of winning.
2026-04-19 01:05:19  DEBUG     +918161263664    SUCCESS   Thanks for participating! 1 image submitted successfully.
Follow us on Instagram to increase your chances of winning.
2026-04-19 01:05:19  DEBUG     Batch 149/1000 — 10 pair(s)
2026-04-19 01:05:27  DEBUG     +919337550473    SUCCESS   Thanks for participating! 1 image submitted successfully.
Follow us on Instagram to increase your chances of winning.
2026-04-19 01:05:35  DEBUG     +918566038071    SUCCESS   Thanks for participating! 1 image submitted successfully.
Follow us on Instagram to increase your chances of winning.
2026-04-19 01:05:43  DEBUG     +917829957940    SUCCESS   Thanks for participating! 1 image submitted successfully.
Follow us on Instagram to increase your chances of winning.
2026-04-19 01:05:51  DEBUG     +919859779721    SUCCESS   Thanks for participating! 1 image submitted successfully.
Follow us on Instagram to increase your chances of winning.
2026-04-19 01:05:59  DEBUG     +919316090374    SUCCESS   Thanks for participating! 1 image submitted successfully.
Follow us on Instagram to increase your chances of winning.
2026-04-19 01:06:07  DEBUG     +918176399280    SUCCESS   Thanks for participating! 1 image submitted successfully.
Follow us on Instagram to increase your chances of winning.
2026-04-19 01:06:16  DEBUG     +918220957580    SUCCESS   Thanks for participating! 1 image submitted successfully.
Follow us on Instagram to increase your chances of winning.
2026-04-19 01:06:27  DEBUG     +916462206267    SUCCESS   Thanks for participating! 1 image submitted successfully.
Follow us on Instagram to increase your chances of winning.
2026-04-19 01:06:36  DEBUG     +919871033257    SUCCESS   Thanks for participating! 1 image submitted successfully.
Follow us on Instagram to increase your chances of winning.
2026-04-19 01:06:44  DEBUG     +916215135343    SUCCESS   Thanks for participating! 1 image submitted successfully.
Follow us on Instagram to increase your chances of winning.
2026-04-19 01:06:44  DEBUG     Batch 150/1000 — 10 pair(s)
2026-04-19 01:06:56  DEBUG     +916208554959    SUCCESS   Thanks for participating! 1 image submitted successfully.
Follow us on Instagram to increase your chances of winning.
2026-04-19 01:07:04  DEBUG     +916880546274    SUCCESS   Thanks for participating! 1 image submitted successfully.
Follow us on Instagram to increase your chances of winning.
2026-04-19 01:07:15  DEBUG     +919549809175    SUCCESS   Thanks for participating! 1 image submitted successfully.
Follow us on Instagram to increase your chances of winning.
2026-04-19 01:07:23  DEBUG     +917043708669    SUCCESS   Thanks for participating! 1 image submitted successfully.
Follow us on Instagram to increase your chances of winning.
2026-04-19 01:07:31  DEBUG     +918128436868    SUCCESS   Thanks for participating! 1 image submitted successfully.
Follow us on Instagram to increase your chances of winning.
2026-04-19 01:07:39  DEBUG     +917518939537    SUCCESS   Thanks for participating! 1 image submitted successfully.
Follow us on Instagram to increase your chances of winning.
2026-04-19 01:07:47  DEBUG     +919457482451    SUCCESS   Thanks for participating! 1 image submitted successfully.
Follow us on Instagram to increase your chances of winning.
2026-04-19 01:07:55  DEBUG     +916397598201    SUCCESS   Thanks for participating! 1 image submitted successfully.
Follow us on Instagram to increase your chances of winning.
2026-04-19 01:08:04  DEBUG     +918962156500    SUCCESS   Thanks for participating! 1 image submitted successfully.
Follow us on Instagram to increase your chances of winning.
2026-04-19 01:08:14  DEBUG     +919163600652    SUCCESS   Thanks for participating! 1 image submitted successfully.
Follow us on Instagram to increase your chances of winning.
2026-04-19 01:08:14  DEBUG     Batch 151/1000 — 10 pair(s)
2026-04-19 01:08:30  DEBUG     +919874243422    SUCCESS   Thanks for participating! 1 image submitted successfully.
Follow us on Instagram to increase your chances of winning.
2026-04-19 01:08:41  DEBUG     +916064535703    SUCCESS   Thanks for participating! 1 image submitted successfully.
Follow us on Instagram to increase your chances of winning.
2026-04-19 01:08:49  DEBUG     +917958237635    SUCCESS   Thanks for participating! 1 image submitted successfully.
Follow us on Instagram to increase your chances of winning.
2026-04-19 01:08:57  DEBUG     +919115723629    SUCCESS   Thanks for participating! 1 image submitted successfully.
Follow us on Instagram to increase your chances of winning.
2026-04-19 01:09:05  DEBUG     +919523560434    SUCCESS   Thanks for participating! 1 image submitted successfully.
Follow us on Instagram to increase your chances of winning.
2026-04-19 01:09:13  DEBUG     +917059527334    SUCCESS   Thanks for participating! 1 image submitted successfully.
Follow us on Instagram to increase your chances of winning.
2026-04-19 01:09:21  DEBUG     +917452973130    SUCCESS   Thanks for participating! 1 image submitted successfully.
Follow us on Instagram to increase your chances of winning.
2026-04-19 01:09:29  DEBUG     +916410390013    SUCCESS   Thanks for participating! 1 image submitted successfully.
Follow us on Instagram to increase your chances of winning.
2026-04-19 01:09:37  DEBUG     +918510535359    SUCCESS   Thanks for participating! 1 image submitted successfully.
Follow us on Instagram to increase your chances of winning.
2026-04-19 01:09:46  DEBUG     +917923122405    SUCCESS   Thanks for participating! 1 image submitted successfully.
Follow us on Instagram to increase your chances of winning.
2026-04-19 01:09:46  DEBUG     Batch 152/1000 — 10 pair(s)
2026-04-19 01:09:54  DEBUG     +918584077100    SUCCESS   Thanks for participating! 1 image submitted successfully.
Follow us on Instagram to increase your chances of winning.
2026-04-19 01:10:03  DEBUG     +916561691228    SUCCESS   Thanks for participating! 1 image submitted successfully.
Follow us on Instagram to increase your chances of winning.
2026-04-19 01:10:12  DEBUG     +917578300527    SUCCESS   Thanks for participating! 1 image submitted successfully.
Follow us on Instagram to increase your chances of winning.
2026-04-19 01:10:21  DEBUG     +918738847900    SUCCESS   Thanks for participating! 1 image submitted successfully.
Follow us on Instagram to increase your chances of winning.
2026-04-19 01:10:31  DEBUG     +917633768263    SUCCESS   Thanks for participating! 1 image submitted successfully.
Follow us on Instagram to increase your chances of winning.
2026-04-19 01:10:43  DEBUG     +919877977479    SUCCESS   Thanks for participating! 1 image submitted successfully.
Follow us on Instagram to increase your chances of winning.
2026-04-19 01:10:52  DEBUG     +919402514646    SUCCESS   Thanks for participating! 1 image submitted successfully.
Follow us on Instagram to increase your chances of winning.
2026-04-19 01:11:04  DEBUG     +918175926484    SUCCESS   Thanks for participating! 1 image submitted successfully.
Follow us on Instagram to increase your chances of winning.
2026-04-19 01:11:12  DEBUG     +917523515874    SUCCESS   Thanks for participating! 1 image submitted successfully.
Follow us on Instagram to increase your chances of winning.
2026-04-19 01:11:20  DEBUG     +916925063595    SUCCESS   Thanks for participating! 1 image submitted successfully.
Follow us on Instagram to increase your chances of winning.
2026-04-19 01:11:20  DEBUG     Batch 153/1000 — 10 pair(s)
2026-04-19 01:11:27  DEBUG     +917038470877    SUCCESS   Thanks for participating! 1 image submitted successfully.
Follow us on Instagram to increase your chances of winning.
2026-04-19 01:11:36  DEBUG     +916935519562    SUCCESS   Thanks for participating! 1 image submitted successfully.
Follow us on Instagram to increase your chances of winning.
2026-04-19 01:11:43  DEBUG     +917808522218    SUCCESS   Thanks for participating! 1 image submitted successfully.
Follow us on Instagram to increase your chances of winning.
2026-04-19 01:11:51  DEBUG     +916547796575    SUCCESS   Thanks for participating! 1 image submitted successfully.
Follow us on Instagram to increase your chances of winning.
2026-04-19 01:12:00  DEBUG     +916592024169    SUCCESS   Thanks for participating! 1 image submitted successfully.
Follow us on Instagram to increase your chances of winning.
2026-04-19 01:12:08  DEBUG     +917299467897    SUCCESS   Thanks for participating! 1 image submitted successfully.
Follow us on Instagram to increase your chances of winning.
2026-04-19 01:12:15  DEBUG     +917354586741    SUCCESS   Thanks for participating! 1 image submitted successfully.
Follow us on Instagram to increase your chances of winning.
2026-04-19 01:12:23  DEBUG     +919627597968    SUCCESS   Thanks for participating! 1 image submitted successfully.
Follow us on Instagram to increase your chances of winning.
2026-04-19 01:12:32  DEBUG     +918221440248    SUCCESS   Thanks for participating! 1 image submitted successfully.
Follow us on Instagram to increase your chances of winning.
2026-04-19 01:12:43  DEBUG     +917310781896    SUCCESS   Thanks for participating! 1 image submitted successfully.
Follow us on Instagram to increase your chances of winning.
2026-04-19 01:12:43  DEBUG     Batch 154/1000 — 10 pair(s)
2026-04-19 01:12:51  DEBUG     +916499615123    SUCCESS   Thanks for participating! 1 image submitted successfully.
Follow us on Instagram to increase your chances of winning.
2026-04-19 01:12:58  DEBUG     +919448306999    SUCCESS   Thanks for participating! 1 image submitted successfully.
Follow us on Instagram to increase your chances of winning.
2026-04-19 01:13:10  DEBUG     +917540322570    SUCCESS   Thanks for participating! 1 image submitted successfully.
Follow us on Instagram to increase your chances of winning.
2026-04-19 01:13:20  DEBUG     +918349162776    SUCCESS   Thanks for participating! 1 image submitted successfully.
Follow us on Instagram to increase your chances of winning.
2026-04-19 01:13:31  DEBUG     +916325593198    SUCCESS   Thanks for participating! 1 image submitted successfully.
Follow us on Instagram to increase your chances of winning.
2026-04-19 01:13:39  DEBUG     +918864494988    SUCCESS   Thanks for participating! 1 image submitted successfully.
Follow us on Instagram to increase your chances of winning.
2026-04-19 01:13:50  DEBUG     +917368642361    SUCCESS   Thanks for participating! 1 image submitted successfully.
Follow us on Instagram to increase your chances of winning.
2026-04-19 01:14:00  DEBUG     +918279055099    SUCCESS   Thanks for participating! 1 image submitted successfully.
Follow us on Instagram to increase your chances of winning.
2026-04-19 01:14:12  DEBUG     +917916146304    SUCCESS   Thanks for participating! 1 image submitted successfully.
Follow us on Instagram to increase your chances of winning.
2026-04-19 01:14:21  DEBUG     +917847549078    SUCCESS   Thanks for participating! 1 image submitted successfully.
Follow us on Instagram to increase your chances of winning.
2026-04-19 01:14:21  DEBUG     Batch 155/1000 — 10 pair(s)
2026-04-19 01:14:29  DEBUG     +916076741246    SUCCESS   Thanks for participating! 1 image submitted successfully.
Follow us on Instagram to increase your chances of winning.
2026-04-19 01:14:38  DEBUG     +917881569355    SUCCESS   Thanks for participating! 1 image submitted successfully.
Follow us on Instagram to increase your chances of winning.
2026-04-19 01:14:50  DEBUG     +918359198989    SUCCESS   Thanks for participating! 1 image submitted successfully.
Follow us on Instagram to increase your chances of winning.
2026-04-19 01:15:01  DEBUG     +919130598399    SUCCESS   Thanks for participating! 1 image submitted successfully.
Follow us on Instagram to increase your chances of winning.
2026-04-19 01:15:09  DEBUG     +918843685442    SUCCESS   Thanks for participating! 1 image submitted successfully.
Follow us on Instagram to increase your chances of winning.
2026-04-19 01:15:17  DEBUG     +917219487889    SUCCESS   Thanks for participating! 1 image submitted successfully.
Follow us on Instagram to increase your chances of winning.
2026-04-19 01:15:25  DEBUG     +917939905067    SUCCESS   Thanks for participating! 1 image submitted successfully.
Follow us on Instagram to increase your chances of winning.
2026-04-19 01:15:33  DEBUG     +916203609684    SUCCESS   Thanks for participating! 1 image submitted successfully.
Follow us on Instagram to increase your chances of winning.
2026-04-19 01:15:41  DEBUG     +916033815564    SUCCESS   Thanks for participating! 1 image submitted successfully.
Follow us on Instagram to increase your chances of winning.
2026-04-19 01:15:49  DEBUG     +919280632646    SUCCESS   Thanks for participating! 1 image submitted successfully.
Follow us on Instagram to increase your chances of winning.
2026-04-19 01:15:49  DEBUG     Batch 156/1000 — 10 pair(s)
2026-04-19 01:16:00  DEBUG     +918917678263    SUCCESS   Thanks for participating! 1 image submitted successfully.
Follow us on Instagram to increase your chances of winning.
2026-04-19 01:16:07  DEBUG     +919646776092    SUCCESS   Thanks for participating! 1 image submitted successfully.
Follow us on Instagram to increase your chances of winning.
2026-04-19 01:16:15  DEBUG     +918838035282    SUCCESS   Thanks for participating! 1 image submitted successfully.
Follow us on Instagram to increase your chances of winning.
2026-04-19 01:16:23  DEBUG     +919935026110    SUCCESS   Thanks for participating! 1 image submitted successfully.
Follow us on Instagram to increase your chances of winning.
2026-04-19 01:16:32  DEBUG     +917078536871    SUCCESS   Thanks for participating! 1 image submitted successfully.
Follow us on Instagram to increase your chances of winning.
2026-04-19 01:16:43  DEBUG     +916969119276    SUCCESS   Thanks for participating! 1 image submitted successfully.
Follow us on Instagram to increase your chances of winning.
2026-04-19 01:16:52  DEBUG     +917020030288    SUCCESS   Thanks for participating! 1 image submitted successfully.
Follow us on Instagram to increase your chances of winning.
2026-04-19 01:17:02  DEBUG     +917276834511    SUCCESS   Thanks for participating! 1 image submitted successfully.
Follow us on Instagram to increase your chances of winning.
2026-04-19 01:17:11  DEBUG     +919907160911    SUCCESS   Thanks for participating! 1 image submitted successfully.
Follow us on Instagram to increase your chances of winning.
2026-04-19 01:17:19  DEBUG     +916989533670    SUCCESS   Thanks for participating! 1 image submitted successfully.
Follow us on Instagram to increase your chances of winning.
2026-04-19 01:17:19  DEBUG     Batch 157/1000 — 10 pair(s)
2026-04-19 01:17:27  DEBUG     +918589194915    SUCCESS   Thanks for participating! 1 image submitted successfully.
Follow us on Instagram to increase your chances of winning.
2026-04-19 01:17:34  DEBUG     +916104133310    SUCCESS   Thanks for participating! 1 image submitted successfully.
Follow us on Instagram to increase your chances of winning.
2026-04-19 01:17:45  DEBUG     +919102125247    SUCCESS   Thanks for participating! 1 image submitted successfully.
Follow us on Instagram to increase your chances of winning.
2026-04-19 01:17:53  DEBUG     +919688783464    SUCCESS   Thanks for participating! 1 image submitted successfully.
Follow us on Instagram to increase your chances of winning.
2026-04-19 01:18:01  DEBUG     +917245734780    SUCCESS   Thanks for participating! 1 image submitted successfully.
Follow us on Instagram to increase your chances of winning.
2026-04-19 01:18:11  DEBUG     +917759664589    SUCCESS   Thanks for participating! 1 image submitted successfully.
Follow us on Instagram to increase your chances of winning.
2026-04-19 01:18:20  DEBUG     +916217108922    SUCCESS   Thanks for participating! 1 image submitted successfully.
Follow us on Instagram to increase your chances of winning.
2026-04-19 01:18:42  DEBUG     +916743224899    FAILED    Page load timed out
2026-04-19 01:18:45  DEBUG     +916646128000    FAILED    Navigation error: Page.goto: net::ERR_INTERNET_DISCONNECTED at https://greendotball.com/?utm_source=ViralFission&utm_medium=VF95
Call log:
navigating to "https://greendotball.com/?utm_source=ViralFission&utm_medium=VF95", waiting until "domcontentloaded"

2026-04-19 01:18:47  DEBUG     +918457230464    FAILED    Navigation error: Page.goto: net::ERR_INTERNET_DISCONNECTED at https://greendotball.com/?utm_source=ViralFission&utm_medium=VF95
Call log:
navigating to "https://greendotball.com/?utm_source=ViralFission&utm_medium=VF95", waiting until "domcontentloaded"

2026-04-19 01:18:47  DEBUG     Batch 158/1000 — 10 pair(s)
2026-04-19 01:18:50  DEBUG     +918075179041    FAILED    Navigation error: Page.goto: net::ERR_INTERNET_DISCONNECTED at https://greendotball.com/?utm_source=ViralFission&utm_medium=VF95
Call log:
navigating to "https://greendotball.com/?utm_source=ViralFission&utm_medium=VF95", waiting until "domcontentloaded"

2026-04-19 01:18:53  DEBUG     +917376489203    FAILED    Navigation error: Page.goto: net::ERR_INTERNET_DISCONNECTED at https://greendotball.com/?utm_source=ViralFission&utm_medium=VF95
Call log:
navigating to "https://greendotball.com/?utm_source=ViralFission&utm_medium=VF95", waiting until "domcontentloaded"

2026-04-19 01:18:55  DEBUG     +919387654928    FAILED    Navigation error: Page.goto: net::ERR_INTERNET_DISCONNECTED at https://greendotball.com/?utm_source=ViralFission&utm_medium=VF95
Call log:
navigating to "https://greendotball.com/?utm_source=ViralFission&utm_medium=VF95", waiting until "domcontentloaded"

2026-04-19 01:18:58  DEBUG     +919807062976    FAILED    Navigation error: Page.goto: net::ERR_INTERNET_DISCONNECTED at https://greendotball.com/?utm_source=ViralFission&utm_medium=VF95
Call log:
navigating to "https://greendotball.com/?utm_source=ViralFission&utm_medium=VF95", waiting until "domcontentloaded"

2026-04-19 01:19:00  DEBUG     +919617608844    FAILED    Navigation error: Page.goto: net::ERR_INTERNET_DISCONNECTED at https://greendotball.com/?utm_source=ViralFission&utm_medium=VF95
Call log:
navigating to "https://greendotball.com/?utm_source=ViralFission&utm_medium=VF95", waiting until "domcontentloaded"

2026-04-19 01:19:03  DEBUG     +917145119827    FAILED    Navigation error: Page.goto: net::ERR_INTERNET_DISCONNECTED at https://greendotball.com/?utm_source=ViralFission&utm_medium=VF95
Call log:
navigating to "https://greendotball.com/?utm_source=ViralFission&utm_medium=VF95", waiting until "domcontentloaded"

2026-04-19 01:19:05  DEBUG     +917355474314    FAILED    Navigation error: Page.goto: net::ERR_INTERNET_DISCONNECTED at https://greendotball.com/?utm_source=ViralFission&utm_medium=VF95
Call log:
navigating to "https://greendotball.com/?utm_source=ViralFission&utm_medium=VF95", waiting until "domcontentloaded"

2026-04-19 01:19:08  DEBUG     +919382360317    FAILED    Navigation error: Page.goto: net::ERR_INTERNET_DISCONNECTED at https://greendotball.com/?utm_source=ViralFission&utm_medium=VF95
Call log:
navigating to "https://greendotball.com/?utm_source=ViralFission&utm_medium=VF95", waiting until "domcontentloaded"

2026-04-19 01:19:10  DEBUG     +916296552122    FAILED    Navigation error: Page.goto: net::ERR_INTERNET_DISCONNECTED at https://greendotball.com/?utm_source=ViralFission&utm_medium=VF95
Call log:
navigating to "https://greendotball.com/?utm_source=ViralFission&utm_medium=VF95", waiting until "domcontentloaded"

2026-04-19 01:19:13  DEBUG     +919144551098    FAILED    Navigation error: Page.goto: net::ERR_INTERNET_DISCONNECTED at https://greendotball.com/?utm_source=ViralFission&utm_medium=VF95
Call log:
navigating to "https://greendotball.com/?utm_source=ViralFission&utm_medium=VF95", waiting until "domcontentloaded"

2026-04-19 01:19:13  DEBUG     Batch 159/1000 — 10 pair(s)
2026-04-19 01:19:15  DEBUG     +918529841644    FAILED    Navigation error: Page.goto: net::ERR_INTERNET_DISCONNECTED at https://greendotball.com/?utm_source=ViralFission&utm_medium=VF95
Call log:
navigating to "https://greendotball.com/?utm_source=ViralFission&utm_medium=VF95", waiting until "domcontentloaded"

2026-04-19 01:19:18  DEBUG     +919578400369    FAILED    Navigation error: Page.goto: net::ERR_INTERNET_DISCONNECTED at https://greendotball.com/?utm_source=ViralFission&utm_medium=VF95
Call log:
navigating to "https://greendotball.com/?utm_source=ViralFission&utm_medium=VF95", waiting until "domcontentloaded"

2026-04-19 01:19:21  DEBUG     +916699763829    FAILED    Navigation error: Page.goto: net::ERR_INTERNET_DISCONNECTED at https://greendotball.com/?utm_source=ViralFission&utm_medium=VF95
Call log:
navigating to "https://greendotball.com/?utm_source=ViralFission&utm_medium=VF95", waiting until "domcontentloaded"

2026-04-19 01:19:23  DEBUG     +916564907600    FAILED    Navigation error: Page.goto: net::ERR_INTERNET_DISCONNECTED at https://greendotball.com/?utm_source=ViralFission&utm_medium=VF95
Call log:
navigating to "https://greendotball.com/?utm_source=ViralFission&utm_medium=VF95", waiting until "domcontentloaded"

2026-04-19 01:19:26  DEBUG     +919122333324    FAILED    Navigation error: Page.goto: net::ERR_INTERNET_DISCONNECTED at https://greendotball.com/?utm_source=ViralFission&utm_medium=VF95
Call log:
navigating to "https://greendotball.com/?utm_source=ViralFission&utm_medium=VF95", waiting until "domcontentloaded"

2026-04-19 01:19:28  DEBUG     +916288387281    FAILED    Navigation error: Page.goto: net::ERR_INTERNET_DISCONNECTED at https://greendotball.com/?utm_source=ViralFission&utm_medium=VF95
Call log:
navigating to "https://greendotball.com/?utm_source=ViralFission&utm_medium=VF95", waiting until "domcontentloaded"

2026-04-19 01:19:31  DEBUG     +917813613899    FAILED    Navigation error: Page.goto: net::ERR_INTERNET_DISCONNECTED at https://greendotball.com/?utm_source=ViralFission&utm_medium=VF95
Call log:
navigating to "https://greendotball.com/?utm_source=ViralFission&utm_medium=VF95", waiting until "domcontentloaded"

2026-04-19 01:19:33  DEBUG     +918724457650    FAILED    Navigation error: Page.goto: net::ERR_INTERNET_DISCONNECTED at https://greendotball.com/?utm_source=ViralFission&utm_medium=VF95
Call log:
navigating to "https://greendotball.com/?utm_source=ViralFission&utm_medium=VF95", waiting until "domcontentloaded"

2026-04-19 01:19:35  DEBUG     +918692323605    FAILED    Navigation error: Page.goto: net::ERR_INTERNET_DISCONNECTED at https://greendotball.com/?utm_source=ViralFission&utm_medium=VF95
Call log:
navigating to "https://greendotball.com/?utm_source=ViralFission&utm_medium=VF95", waiting until "domcontentloaded"

2026-04-19 01:19:38  DEBUG     +918598172672    FAILED    Navigation error: Page.goto: net::ERR_INTERNET_DISCONNECTED at https://greendotball.com/?utm_source=ViralFission&utm_medium=VF95
Call log:
navigating to "https://greendotball.com/?utm_source=ViralFission&utm_medium=VF95", waiting until "domcontentloaded"

2026-04-19 01:19:38  DEBUG     Batch 160/1000 — 10 pair(s)
2026-04-19 01:19:40  DEBUG     +918273874858    FAILED    Navigation error: Page.goto: net::ERR_INTERNET_DISCONNECTED at https://greendotball.com/?utm_source=ViralFission&utm_medium=VF95
Call log:
navigating to "https://greendotball.com/?utm_source=ViralFission&utm_medium=VF95", waiting until "domcontentloaded"

2026-04-19 01:19:43  DEBUG     +918438714747    FAILED    Navigation error: Page.goto: net::ERR_INTERNET_DISCONNECTED at https://greendotball.com/?utm_source=ViralFission&utm_medium=VF95
Call log:
navigating to "https://greendotball.com/?utm_source=ViralFission&utm_medium=VF95", waiting until "domcontentloaded"

2026-04-19 01:19:45  DEBUG     +916199162177    FAILED    Navigation error: Page.goto: net::ERR_INTERNET_DISCONNECTED at https://greendotball.com/?utm_source=ViralFission&utm_medium=VF95
Call log:
navigating to "https://greendotball.com/?utm_source=ViralFission&utm_medium=VF95", waiting until "domcontentloaded"

2026-04-19 01:19:48  DEBUG     +916722052510    FAILED    Navigation error: Page.goto: net::ERR_INTERNET_DISCONNECTED at https://greendotball.com/?utm_source=ViralFission&utm_medium=VF95
Call log:
navigating to "https://greendotball.com/?utm_source=ViralFission&utm_medium=VF95", waiting until "domcontentloaded"

2026-04-19 01:19:50  DEBUG     +917842115445    FAILED    Navigation error: Page.goto: net::ERR_INTERNET_DISCONNECTED at https://greendotball.com/?utm_source=ViralFission&utm_medium=VF95
Call log:
navigating to "https://greendotball.com/?utm_source=ViralFission&utm_medium=VF95", waiting until "domcontentloaded"

2026-04-19 01:19:53  DEBUG     +918910588724    FAILED    Navigation error: Page.goto: net::ERR_INTERNET_DISCONNECTED at https://greendotball.com/?utm_source=ViralFission&utm_medium=VF95
Call log:
navigating to "https://greendotball.com/?utm_source=ViralFission&utm_medium=VF95", waiting until "domcontentloaded"

2026-04-19 01:19:55  DEBUG     +916912185387    FAILED    Navigation error: Page.goto: net::ERR_INTERNET_DISCONNECTED at https://greendotball.com/?utm_source=ViralFission&utm_medium=VF95
Call log:
navigating to "https://greendotball.com/?utm_source=ViralFission&utm_medium=VF95", waiting until "domcontentloaded"

2026-04-19 01:19:57  DEBUG     +919776985390    FAILED    Navigation error: Page.goto: net::ERR_INTERNET_DISCONNECTED at https://greendotball.com/?utm_source=ViralFission&utm_medium=VF95
Call log:
navigating to "https://greendotball.com/?utm_source=ViralFission&utm_medium=VF95", waiting until "domcontentloaded"

2026-04-19 01:20:00  DEBUG     +919778457425    FAILED    Navigation error: Page.goto: net::ERR_INTERNET_DISCONNECTED at https://greendotball.com/?utm_source=ViralFission&utm_medium=VF95
Call log:
navigating to "https://greendotball.com/?utm_source=ViralFission&utm_medium=VF95", waiting until "domcontentloaded"

2026-04-19 01:20:02  DEBUG     +916635529320    FAILED    Navigation error: Page.goto: net::ERR_INTERNET_DISCONNECTED at https://greendotball.com/?utm_source=ViralFission&utm_medium=VF95
Call log:
navigating to "https://greendotball.com/?utm_source=ViralFission&utm_medium=VF95", waiting until "domcontentloaded"

2026-04-19 01:20:02  DEBUG     Batch 161/1000 — 10 pair(s)
2026-04-19 01:20:05  DEBUG     +917916697632    FAILED    Navigation error: Page.goto: net::ERR_INTERNET_DISCONNECTED at https://greendotball.com/?utm_source=ViralFission&utm_medium=VF95
Call log:
navigating to "https://greendotball.com/?utm_source=ViralFission&utm_medium=VF95", waiting until "domcontentloaded"

2026-04-19 01:20:07  DEBUG     +918935978983    FAILED    Navigation error: Page.goto: net::ERR_INTERNET_DISCONNECTED at https://greendotball.com/?utm_source=ViralFission&utm_medium=VF95
Call log:
navigating to "https://greendotball.com/?utm_source=ViralFission&utm_medium=VF95", waiting until "domcontentloaded"

2026-04-19 01:20:10  DEBUG     +917865233251    FAILED    Navigation error: Page.goto: net::ERR_INTERNET_DISCONNECTED at https://greendotball.com/?utm_source=ViralFission&utm_medium=VF95
Call log:
navigating to "https://greendotball.com/?utm_source=ViralFission&utm_medium=VF95", waiting until "domcontentloaded"

2026-04-19 01:20:12  DEBUG     +918067277785    FAILED    Navigation error: Page.goto: net::ERR_INTERNET_DISCONNECTED at https://greendotball.com/?utm_source=ViralFission&utm_medium=VF95
Call log:
navigating to "https://greendotball.com/?utm_source=ViralFission&utm_medium=VF95", waiting until "domcontentloaded"

2026-04-19 01:20:15  DEBUG     +916205022244    FAILED    Navigation error: Page.goto: net::ERR_INTERNET_DISCONNECTED at https://greendotball.com/?utm_source=ViralFission&utm_medium=VF95
Call log:
navigating to "https://greendotball.com/?utm_source=ViralFission&utm_medium=VF95", waiting until "domcontentloaded"

2026-04-19 01:20:17  DEBUG     +916127210026    FAILED    Navigation error: Page.goto: net::ERR_INTERNET_DISCONNECTED at https://greendotball.com/?utm_source=ViralFission&utm_medium=VF95
Call log:
navigating to "https://greendotball.com/?utm_source=ViralFission&utm_medium=VF95", waiting until "domcontentloaded"

2026-04-19 01:20:20  DEBUG     +918141488673    FAILED    Navigation error: Page.goto: net::ERR_INTERNET_DISCONNECTED at https://greendotball.com/?utm_source=ViralFission&utm_medium=VF95
Call log:
navigating to "https://greendotball.com/?utm_source=ViralFission&utm_medium=VF95", waiting until "domcontentloaded"

2026-04-19 01:20:22  DEBUG     +918838771105    FAILED    Navigation error: Page.goto: net::ERR_INTERNET_DISCONNECTED at https://greendotball.com/?utm_source=ViralFission&utm_medium=VF95
Call log:
navigating to "https://greendotball.com/?utm_source=ViralFission&utm_medium=VF95", waiting until "domcontentloaded"

2026-04-19 01:20:25  DEBUG     +918872908030    FAILED    Navigation error: Page.goto: net::ERR_INTERNET_DISCONNECTED at https://greendotball.com/?utm_source=ViralFission&utm_medium=VF95
Call log:
navigating to "https://greendotball.com/?utm_source=ViralFission&utm_medium=VF95", waiting until "domcontentloaded"

2026-04-19 01:20:27  DEBUG     +919913099521    FAILED    Navigation error: Page.goto: net::ERR_INTERNET_DISCONNECTED at https://greendotball.com/?utm_source=ViralFission&utm_medium=VF95
Call log:
navigating to "https://greendotball.com/?utm_source=ViralFission&utm_medium=VF95", waiting until "domcontentloaded"

2026-04-19 01:20:27  DEBUG     Batch 162/1000 — 10 pair(s)
2026-04-19 01:20:30  DEBUG     +919857909824    FAILED    Navigation error: Page.goto: net::ERR_INTERNET_DISCONNECTED at https://greendotball.com/?utm_source=ViralFission&utm_medium=VF95
Call log:
navigating to "https://greendotball.com/?utm_source=ViralFission&utm_medium=VF95", waiting until "domcontentloaded"

2026-04-19 01:20:32  DEBUG     +919038888350    FAILED    Navigation error: Page.goto: net::ERR_INTERNET_DISCONNECTED at https://greendotball.com/?utm_source=ViralFission&utm_medium=VF95
Call log:
navigating to "https://greendotball.com/?utm_source=ViralFission&utm_medium=VF95", waiting until "domcontentloaded"

2026-04-19 01:20:35  DEBUG     +919898977575    FAILED    Navigation error: Page.goto: net::ERR_INTERNET_DISCONNECTED at https://greendotball.com/?utm_source=ViralFission&utm_medium=VF95
Call log:
navigating to "https://greendotball.com/?utm_source=ViralFission&utm_medium=VF95", waiting until "domcontentloaded"

2026-04-19 01:20:37  DEBUG     +917010332269    FAILED    Navigation error: Page.goto: net::ERR_INTERNET_DISCONNECTED at https://greendotball.com/?utm_source=ViralFission&utm_medium=VF95
Call log:
navigating to "https://greendotball.com/?utm_source=ViralFission&utm_medium=VF95", waiting until "domcontentloaded"

2026-04-19 01:20:39  DEBUG     +918574537917    FAILED    Navigation error: Page.goto: net::ERR_INTERNET_DISCONNECTED at https://greendotball.com/?utm_source=ViralFission&utm_medium=VF95
Call log:
navigating to "https://greendotball.com/?utm_source=ViralFission&utm_medium=VF95", waiting until "domcontentloaded"

2026-04-19 01:20:42  DEBUG     +917407105524    FAILED    Navigation error: Page.goto: net::ERR_INTERNET_DISCONNECTED at https://greendotball.com/?utm_source=ViralFission&utm_medium=VF95
Call log:
navigating to "https://greendotball.com/?utm_source=ViralFission&utm_medium=VF95", waiting until "domcontentloaded"

2026-04-19 01:20:44  DEBUG     +918584750495    FAILED    Navigation error: Page.goto: net::ERR_INTERNET_DISCONNECTED at https://greendotball.com/?utm_source=ViralFission&utm_medium=VF95
Call log:
navigating to "https://greendotball.com/?utm_source=ViralFission&utm_medium=VF95", waiting until "domcontentloaded"

2026-04-19 01:20:47  DEBUG     +919003762410    FAILED    Navigation error: Page.goto: net::ERR_INTERNET_DISCONNECTED at https://greendotball.com/?utm_source=ViralFission&utm_medium=VF95
Call log:
navigating to "https://greendotball.com/?utm_source=ViralFission&utm_medium=VF95", waiting until "domcontentloaded"

2026-04-19 01:20:49  DEBUG     +919026289709    FAILED    Navigation error: Page.goto: net::ERR_INTERNET_DISCONNECTED at https://greendotball.com/?utm_source=ViralFission&utm_medium=VF95
Call log:
navigating to "https://greendotball.com/?utm_source=ViralFission&utm_medium=VF95", waiting until "domcontentloaded"

2026-04-19 01:20:52  DEBUG     +916361501541    FAILED    Navigation error: Page.goto: net::ERR_INTERNET_DISCONNECTED at https://greendotball.com/?utm_source=ViralFission&utm_medium=VF95
Call log:
navigating to "https://greendotball.com/?utm_source=ViralFission&utm_medium=VF95", waiting until "domcontentloaded"

2026-04-19 01:20:52  DEBUG     Batch 163/1000 — 10 pair(s)
2026-04-19 01:20:54  DEBUG     +916013557383    FAILED    Navigation error: Page.goto: net::ERR_INTERNET_DISCONNECTED at https://greendotball.com/?utm_source=ViralFission&utm_medium=VF95
Call log:
navigating to "https://greendotball.com/?utm_source=ViralFission&utm_medium=VF95", waiting until "domcontentloaded"

2026-04-19 01:20:57  DEBUG     +919047647031    FAILED    Navigation error: Page.goto: net::ERR_INTERNET_DISCONNECTED at https://greendotball.com/?utm_source=ViralFission&utm_medium=VF95
Call log:
navigating to "https://greendotball.com/?utm_source=ViralFission&utm_medium=VF95", waiting until "domcontentloaded"

2026-04-19 01:20:59  DEBUG     +919595492028    FAILED    Navigation error: Page.goto: net::ERR_INTERNET_DISCONNECTED at https://greendotball.com/?utm_source=ViralFission&utm_medium=VF95
Call log:
navigating to "https://greendotball.com/?utm_source=ViralFission&utm_medium=VF95", waiting until "domcontentloaded"

2026-04-19 01:21:02  DEBUG     +918604189399    FAILED    Navigation error: Page.goto: net::ERR_INTERNET_DISCONNECTED at https://greendotball.com/?utm_source=ViralFission&utm_medium=VF95
Call log:
navigating to "https://greendotball.com/?utm_source=ViralFission&utm_medium=VF95", waiting until "domcontentloaded"

2026-04-19 01:21:04  DEBUG     +917836902832    FAILED    Navigation error: Page.goto: net::ERR_INTERNET_DISCONNECTED at https://greendotball.com/?utm_source=ViralFission&utm_medium=VF95
Call log:
navigating to "https://greendotball.com/?utm_source=ViralFission&utm_medium=VF95", waiting until "domcontentloaded"

2026-04-19 01:21:07  DEBUG     +919912894071    FAILED    Navigation error: Page.goto: net::ERR_INTERNET_DISCONNECTED at https://greendotball.com/?utm_source=ViralFission&utm_medium=VF95
Call log:
navigating to "https://greendotball.com/?utm_source=ViralFission&utm_medium=VF95", waiting until "domcontentloaded"

2026-04-19 01:21:09  DEBUG     +917149021163    FAILED    Navigation error: Page.goto: net::ERR_INTERNET_DISCONNECTED at https://greendotball.com/?utm_source=ViralFission&utm_medium=VF95
Call log:
navigating to "https://greendotball.com/?utm_source=ViralFission&utm_medium=VF95", waiting until "domcontentloaded"

2026-04-19 01:21:12  DEBUG     +919146606660    FAILED    Navigation error: Page.goto: net::ERR_INTERNET_DISCONNECTED at https://greendotball.com/?utm_source=ViralFission&utm_medium=VF95
Call log:
navigating to "https://greendotball.com/?utm_source=ViralFission&utm_medium=VF95", waiting until "domcontentloaded"

2026-04-19 01:21:14  DEBUG     +917847204742    FAILED    Navigation error: Page.goto: net::ERR_INTERNET_DISCONNECTED at https://greendotball.com/?utm_source=ViralFission&utm_medium=VF95
Call log:
navigating to "https://greendotball.com/?utm_source=ViralFission&utm_medium=VF95", waiting until "domcontentloaded"

2026-04-19 01:21:17  DEBUG     +919291974289    FAILED    Navigation error: Page.goto: net::ERR_NETWORK_CHANGED at https://greendotball.com/?utm_source=ViralFission&utm_medium=VF95
Call log:
navigating to "https://greendotball.com/?utm_source=ViralFission&utm_medium=VF95", waiting until "domcontentloaded"

2026-04-19 01:21:17  DEBUG     Batch 164/1000 — 10 pair(s)
2026-04-19 01:21:25  DEBUG     +918531490636    SUCCESS   Thanks for participating! 1 image submitted successfully.
Follow us on Instagram to increase your chances of winning.
2026-04-19 01:21:33  DEBUG     +917889894313    SUCCESS   Thanks for participating! 1 image submitted successfully.
Follow us on Instagram to increase your chances of winning.
2026-04-19 01:21:41  DEBUG     +918195246478    SUCCESS   Thanks for participating! 1 image submitted successfully.
Follow us on Instagram to increase your chances of winning.
2026-04-19 01:21:49  DEBUG     +917485443064    SUCCESS   Thanks for participating! 1 image submitted successfully.
Follow us on Instagram to increase your chances of winning.
2026-04-19 01:21:57  DEBUG     +918496089201    SUCCESS   Thanks for participating! 1 image submitted successfully.
Follow us on Instagram to increase your chances of winning.
2026-04-19 01:22:08  DEBUG     +916841171296    SUCCESS   Thanks for participating! 1 image submitted successfully.
Follow us on Instagram to increase your chances of winning.
2026-04-19 01:22:16  DEBUG     +917413919178    SUCCESS   Thanks for participating! 1 image submitted successfully.
Follow us on Instagram to increase your chances of winning.
2026-04-19 01:22:27  DEBUG     +917738642650    SUCCESS   Thanks for participating! 1 image submitted successfully.
Follow us on Instagram to increase your chances of winning.
2026-04-19 01:22:35  DEBUG     +916032261898    SUCCESS   Thanks for participating! 1 image submitted successfully.
Follow us on Instagram to increase your chances of winning.
2026-04-19 01:22:43  DEBUG     +918391861361    SUCCESS   Thanks for participating! 1 image submitted successfully.
Follow us on Instagram to increase your chances of winning.
2026-04-19 01:22:43  DEBUG     Batch 165/1000 — 10 pair(s)
2026-04-19 01:22:51  DEBUG     +919204054768    SUCCESS   Thanks for participating! 1 image submitted successfully.
Follow us on Instagram to increase your chances of winning.
2026-04-19 01:22:59  DEBUG     +916657795015    SUCCESS   Thanks for participating! 1 image submitted successfully.
Follow us on Instagram to increase your chances of winning.
2026-04-19 01:23:07  DEBUG     +919653450746    SUCCESS   Thanks for participating! 1 image submitted successfully.
Follow us on Instagram to increase your chances of winning.
2026-04-19 01:23:18  DEBUG     +919229142986    SUCCESS   Thanks for participating! 1 image submitted successfully.
Follow us on Instagram to increase your chances of winning.
2026-04-19 01:23:25  DEBUG     +916714851267    SUCCESS   Thanks for participating! 1 image submitted successfully.
Follow us on Instagram to increase your chances of winning.
2026-04-19 01:23:33  DEBUG     +919827382742    SUCCESS   Thanks for participating! 1 image submitted successfully.
Follow us on Instagram to increase your chances of winning.
2026-04-19 01:23:41  DEBUG     +919687124943    SUCCESS   Thanks for participating! 1 image submitted successfully.
Follow us on Instagram to increase your chances of winning.
2026-04-19 01:23:49  DEBUG     +919428099324    SUCCESS   Thanks for participating! 1 image submitted successfully.
Follow us on Instagram to increase your chances of winning.
2026-04-19 01:23:58  DEBUG     +916529277760    SUCCESS   Thanks for participating! 1 image submitted successfully.
Follow us on Instagram to increase your chances of winning.
2026-04-19 01:24:07  DEBUG     +916688828128    SUCCESS   Thanks for participating! 1 image submitted successfully.
Follow us on Instagram to increase your chances of winning.
2026-04-19 01:24:07  DEBUG     Batch 166/1000 — 10 pair(s)
2026-04-19 01:24:17  DEBUG     +919261314230    SUCCESS   Thanks for participating! 1 image submitted successfully.
Follow us on Instagram to increase your chances of winning.
2026-04-19 01:24:26  DEBUG     +916270382202    SUCCESS   Thanks for participating! 1 image submitted successfully.
Follow us on Instagram to increase your chances of winning.
2026-04-19 01:24:39  DEBUG     +919933203306    SUCCESS   Thanks for participating! 1 image submitted successfully.
Follow us on Instagram to increase your chances of winning.
2026-04-19 01:24:52  DEBUG     +919083032050    SUCCESS   Thanks for participating! 1 image submitted successfully.
Follow us on Instagram to increase your chances of winning.
2026-04-19 01:25:02  DEBUG     +917300488947    SUCCESS   Thanks for participating! 1 image submitted successfully.
Follow us on Instagram to increase your chances of winning.
2026-04-19 01:25:12  DEBUG     +917162990754    SUCCESS   Thanks for participating! 1 image submitted successfully.
Follow us on Instagram to increase your chances of winning.
2026-04-19 01:25:19  DEBUG     +919558305342    SUCCESS   Thanks for participating! 1 image submitted successfully.
Follow us on Instagram to increase your chances of winning.
2026-04-19 01:25:27  DEBUG     +916208302058    SUCCESS   Thanks for participating! 1 image submitted successfully.
Follow us on Instagram to increase your chances of winning.
2026-04-19 01:25:36  DEBUG     +916627140749    SUCCESS   Thanks for participating! 1 image submitted successfully.
Follow us on Instagram to increase your chances of winning.
2026-04-19 01:25:46  DEBUG     +918560311080    SUCCESS   Thanks for participating! 1 image submitted successfully.
Follow us on Instagram to increase your chances of winning.
2026-04-19 01:25:46  DEBUG     Batch 167/1000 — 10 pair(s)
2026-04-19 01:25:55  DEBUG     +919220251210    SUCCESS   Thanks for participating! 1 image submitted successfully.
Follow us on Instagram to increase your chances of winning.
2026-04-19 01:26:06  DEBUG     +916207399380    SUCCESS   Thanks for participating! 1 image submitted successfully.
Follow us on Instagram to increase your chances of winning.
2026-04-19 01:26:18  DEBUG     +916918904808    SUCCESS   Thanks for participating! 1 image submitted successfully.
Follow us on Instagram to increase your chances of winning.
2026-04-19 01:26:27  DEBUG     +917121867290    SUCCESS   Thanks for participating! 1 image submitted successfully.
Follow us on Instagram to increase your chances of winning.
2026-04-19 01:26:40  DEBUG     +919829499458    SUCCESS   Thanks for participating! 1 image submitted successfully.
Follow us on Instagram to increase your chances of winning.
2026-04-19 01:26:49  DEBUG     +919242594152    SUCCESS   Thanks for participating! 1 image submitted successfully.
Follow us on Instagram to increase your chances of winning.
2026-04-19 01:27:00  DEBUG     +918015767011    SUCCESS   Thanks for participating! 1 image submitted successfully.
Follow us on Instagram to increase your chances of winning.
2026-04-19 01:27:11  DEBUG     +918575705194    SUCCESS   Thanks for participating! 1 image submitted successfully.
Follow us on Instagram to increase your chances of winning.
2026-04-19 01:27:19  DEBUG     +919300232511    SUCCESS   Thanks for participating! 1 image submitted successfully.
Follow us on Instagram to increase your chances of winning.
2026-04-19 01:27:27  DEBUG     +916489998671    SUCCESS   Thanks for participating! 1 image submitted successfully.
Follow us on Instagram to increase your chances of winning.
2026-04-19 01:27:27  DEBUG     Batch 168/1000 — 10 pair(s)
2026-04-19 01:27:35  DEBUG     +916263280555    SUCCESS   Thanks for participating! 1 image submitted successfully.
Follow us on Instagram to increase your chances of winning.
2026-04-19 01:27:43  DEBUG     +918442950841    SUCCESS   Thanks for participating! 1 image submitted successfully.
Follow us on Instagram to increase your chances of winning.
2026-04-19 01:27:51  DEBUG     +918277880870    SUCCESS   Thanks for participating! 1 image submitted successfully.
Follow us on Instagram to increase your chances of winning.
2026-04-19 01:27:59  DEBUG     +918721010418    SUCCESS   Thanks for participating! 1 image submitted successfully.
Follow us on Instagram to increase your chances of winning.
2026-04-19 01:28:07  DEBUG     +917226834807    SUCCESS   Thanks for participating! 1 image submitted successfully.
Follow us on Instagram to increase your chances of winning.
2026-04-19 01:28:16  DEBUG     +917601093932    SUCCESS   Thanks for participating! 1 image submitted successfully.
Follow us on Instagram to increase your chances of winning.
2026-04-19 01:28:27  DEBUG     +918713680938    SUCCESS   Thanks for participating! 1 image submitted successfully.
Follow us on Instagram to increase your chances of winning.
2026-04-19 01:28:36  DEBUG     +917193096159    SUCCESS   Thanks for participating! 1 image submitted successfully.
Follow us on Instagram to increase your chances of winning.
2026-04-19 01:28:43  DEBUG     +918089560120    SUCCESS   Thanks for participating! 1 image submitted successfully.
Follow us on Instagram to increase your chances of winning.
2026-04-19 01:28:52  DEBUG     +919862767060    SUCCESS   Thanks for participating! 1 image submitted successfully.
Follow us on Instagram to increase your chances of winning.
2026-04-19 01:28:52  DEBUG     Batch 169/1000 — 10 pair(s)
2026-04-19 01:29:02  DEBUG     +919575311639    SUCCESS   Thanks for participating! 1 image submitted successfully.
Follow us on Instagram to increase your chances of winning.
2026-04-19 01:29:12  DEBUG     +917525430326    SUCCESS   Thanks for participating! 1 image submitted successfully.
Follow us on Instagram to increase your chances of winning.
2026-04-19 01:29:20  DEBUG     +917356980985    SUCCESS   Thanks for participating! 1 image submitted successfully.
Follow us on Instagram to increase your chances of winning.
2026-04-19 01:29:31  DEBUG     +919247782814    SUCCESS   Thanks for participating! 1 image submitted successfully.
Follow us on Instagram to increase your chances of winning.
2026-04-19 01:29:39  DEBUG     +919318595853    SUCCESS   Thanks for participating! 1 image submitted successfully.
Follow us on Instagram to increase your chances of winning.
2026-04-19 01:29:48  DEBUG     +918604653396    SUCCESS   Thanks for participating! 1 image submitted successfully.
Follow us on Instagram to increase your chances of winning.
2026-04-19 01:29:57  DEBUG     +917186169563    SUCCESS   Thanks for participating! 1 image submitted successfully.
Follow us on Instagram to increase your chances of winning.
2026-04-19 01:30:14  DEBUG     +919814115905    SUCCESS   Thanks for participating! 1 image submitted successfully.
Follow us on Instagram to increase your chances of winning.
2026-04-19 01:30:22  DEBUG     +918741776771    SUCCESS   Thanks for participating! 1 image submitted successfully.
Follow us on Instagram to increase your chances of winning.
2026-04-19 01:30:35  DEBUG     +916392623651    SUCCESS   Thanks for participating! 1 image submitted successfully.
Follow us on Instagram to increase your chances of winning.
2026-04-19 01:30:35  DEBUG     Batch 170/1000 — 10 pair(s)
2026-04-19 01:30:44  DEBUG     +919813847230    SUCCESS   Thanks for participating! 1 image submitted successfully.
Follow us on Instagram to increase your chances of winning.
2026-04-19 01:30:52  DEBUG     +917590208077    SUCCESS   Thanks for participating! 1 image submitted successfully.
Follow us on Instagram to increase your chances of winning.
2026-04-19 01:31:00  DEBUG     +919987497569    SUCCESS   Thanks for participating! 1 image submitted successfully.
Follow us on Instagram to increase your chances of winning.
2026-04-19 01:31:09  DEBUG     +916284512751    SUCCESS   Thanks for participating! 1 image submitted successfully.
Follow us on Instagram to increase your chances of winning.
2026-04-19 01:31:17  DEBUG     +918893664788    SUCCESS   Thanks for participating! 1 image submitted successfully.
Follow us on Instagram to increase your chances of winning.
2026-04-19 01:31:25  DEBUG     +919267145091    SUCCESS   Thanks for participating! 1 image submitted successfully.
Follow us on Instagram to increase your chances of winning.
2026-04-19 01:31:33  DEBUG     +916146429768    SUCCESS   Thanks for participating! 1 image submitted successfully.
Follow us on Instagram to increase your chances of winning.
2026-04-19 01:31:41  DEBUG     +919803009888    SUCCESS   Thanks for participating! 1 image submitted successfully.
Follow us on Instagram to increase your chances of winning.
2026-04-19 01:31:50  DEBUG     +917853906100    SUCCESS   Thanks for participating! 1 image submitted successfully.
Follow us on Instagram to increase your chances of winning.
2026-04-19 01:31:59  DEBUG     +918086758069    SUCCESS   Thanks for participating! 1 image submitted successfully.
Follow us on Instagram to increase your chances of winning.
2026-04-19 01:31:59  DEBUG     Batch 171/1000 — 10 pair(s)
2026-04-19 01:32:07  DEBUG     +916637873387    SUCCESS   Thanks for participating! 1 image submitted successfully.
Follow us on Instagram to increase your chances of winning.
2026-04-19 01:32:16  DEBUG     +916170979497    SUCCESS   Thanks for participating! 1 image submitted successfully.
Follow us on Instagram to increase your chances of winning.
2026-04-19 01:32:27  DEBUG     +916182947805    SUCCESS   Thanks for participating! 1 image submitted successfully.
Follow us on Instagram to increase your chances of winning.
2026-04-19 01:32:37  DEBUG     +916661812424    SUCCESS   Thanks for participating! 1 image submitted successfully.
Follow us on Instagram to increase your chances of winning.
2026-04-19 01:32:46  DEBUG     +919242665190    SUCCESS   Thanks for participating! 1 image submitted successfully.
Follow us on Instagram to increase your chances of winning.
2026-04-19 01:32:57  DEBUG     +917847104831    SUCCESS   Thanks for participating! 1 image submitted successfully.
Follow us on Instagram to increase your chances of winning.
2026-04-19 01:33:06  DEBUG     +917259017731    SUCCESS   Thanks for participating! 1 image submitted successfully.
Follow us on Instagram to increase your chances of winning.
2026-04-19 01:33:16  DEBUG     +916410716668    SUCCESS   Thanks for participating! 1 image submitted successfully.
Follow us on Instagram to increase your chances of winning.
2026-04-19 01:33:25  DEBUG     +919886432592    SUCCESS   Thanks for participating! 1 image submitted successfully.
Follow us on Instagram to increase your chances of winning.
2026-04-19 01:33:35  DEBUG     +917517018488    SUCCESS   Thanks for participating! 1 image submitted successfully.
Follow us on Instagram to increase your chances of winning.
2026-04-19 01:33:35  DEBUG     Batch 172/1000 — 10 pair(s)
2026-04-19 01:33:44  DEBUG     +918681942207    SUCCESS   Thanks for participating! 1 image submitted successfully.
Follow us on Instagram to increase your chances of winning.
2026-04-19 01:33:54  DEBUG     +917666770623    SUCCESS   Thanks for participating! 1 image submitted successfully.
Follow us on Instagram to increase your chances of winning.
2026-04-19 01:34:06  DEBUG     +918629119216    SUCCESS   Thanks for participating! 1 image submitted successfully.
Follow us on Instagram to increase your chances of winning.
2026-04-19 01:34:16  DEBUG     +917092800233    SUCCESS   Thanks for participating! 1 image submitted successfully.
Follow us on Instagram to increase your chances of winning.
2026-04-19 01:34:25  DEBUG     +919278630055    SUCCESS   Thanks for participating! 1 image submitted successfully.
Follow us on Instagram to increase your chances of winning.
2026-04-19 01:34:33  DEBUG     +919695650780    SUCCESS   Thanks for participating! 1 image submitted successfully.
Follow us on Instagram to increase your chances of winning.
2026-04-19 01:34:42  DEBUG     +919147172642    SUCCESS   Thanks for participating! 1 image submitted successfully.
Follow us on Instagram to increase your chances of winning.
2026-04-19 01:34:58  DEBUG     +917067306088    SUCCESS   Thanks for participating! 1 image submitted successfully.
Follow us on Instagram to increase your chances of winning.
2026-04-19 01:35:08  DEBUG     +919073971228    SUCCESS   Thanks for participating! 1 image submitted successfully.
Follow us on Instagram to increase your chances of winning.
2026-04-19 01:35:16  DEBUG     +916397562020    SUCCESS   Thanks for participating! 1 image submitted successfully.
Follow us on Instagram to increase your chances of winning.
2026-04-19 01:35:16  DEBUG     Batch 173/1000 — 10 pair(s)
2026-04-19 01:35:27  DEBUG     +917409917777    SUCCESS   Thanks for participating! 1 image submitted successfully.
Follow us on Instagram to increase your chances of winning.
2026-04-19 01:35:36  DEBUG     +917834660703    SUCCESS   Thanks for participating! 1 image submitted successfully.
Follow us on Instagram to increase your chances of winning.
2026-04-19 01:35:47  DEBUG     +916073372481    SUCCESS   Thanks for participating! 1 image submitted successfully.
Follow us on Instagram to increase your chances of winning.
2026-04-19 01:35:56  DEBUG     +918049623216    SUCCESS   Thanks for participating! 1 image submitted successfully.
Follow us on Instagram to increase your chances of winning.
2026-04-19 01:36:08  DEBUG     +917599215569    SUCCESS   Thanks for participating! 1 image submitted successfully.
Follow us on Instagram to increase your chances of winning.
2026-04-19 01:36:19  DEBUG     +916115784543    SUCCESS   Thanks for participating! 1 image submitted successfully.
Follow us on Instagram to increase your chances of winning.
2026-04-19 01:36:31  DEBUG     +919423830169    SUCCESS   Thanks for participating! 1 image submitted successfully.
Follow us on Instagram to increase your chances of winning.
2026-04-19 01:36:39  DEBUG     +916117033610    SUCCESS   Thanks for participating! 1 image submitted successfully.
Follow us on Instagram to increase your chances of winning.
2026-04-19 01:36:51  DEBUG     +919310856470    SUCCESS   Thanks for participating! 1 image submitted successfully.
Follow us on Instagram to increase your chances of winning.
2026-04-19 01:37:00  DEBUG     +918478144774    SUCCESS   Thanks for participating! 1 image submitted successfully.
Follow us on Instagram to increase your chances of winning.
2026-04-19 01:37:00  DEBUG     Batch 174/1000 — 10 pair(s)
2026-04-19 01:37:09  DEBUG     +918117033827    SUCCESS   Thanks for participating! 1 image submitted successfully.
Follow us on Instagram to increase your chances of winning.
2026-04-19 01:37:21  DEBUG     +916676708759    SUCCESS   Thanks for participating! 1 image submitted successfully.
Follow us on Instagram to increase your chances of winning.
2026-04-19 01:37:32  DEBUG     +918042491039    SUCCESS   Thanks for participating! 1 image submitted successfully.
Follow us on Instagram to increase your chances of winning.
2026-04-19 01:37:41  DEBUG     +919080047696    SUCCESS   Thanks for participating! 1 image submitted successfully.
Follow us on Instagram to increase your chances of winning.
2026-04-19 01:37:51  DEBUG     +916873378929    SUCCESS   Thanks for participating! 1 image submitted successfully.
Follow us on Instagram to increase your chances of winning.
2026-04-19 01:38:00  DEBUG     +916712703677    SUCCESS   Thanks for participating! 1 image submitted successfully.
Follow us on Instagram to increase your chances of winning.
2026-04-19 01:38:09  DEBUG     +917605584847    SUCCESS   Thanks for participating! 1 image submitted successfully.
Follow us on Instagram to increase your chances of winning.
2026-04-19 01:38:18  DEBUG     +918640743365    SUCCESS   Thanks for participating! 1 image submitted successfully.
Follow us on Instagram to increase your chances of winning.
2026-04-19 01:38:28  DEBUG     +917980837477    SUCCESS   Thanks for participating! 1 image submitted successfully.
Follow us on Instagram to increase your chances of winning.
2026-04-19 01:38:37  DEBUG     +917984514573    SUCCESS   Thanks for participating! 1 image submitted successfully.
Follow us on Instagram to increase your chances of winning.
2026-04-19 01:38:37  DEBUG     Batch 175/1000 — 10 pair(s)
2026-04-19 01:38:47  DEBUG     +919447373173    SUCCESS   Thanks for participating! 1 image submitted successfully.
Follow us on Instagram to increase your chances of winning.
2026-04-19 01:38:55  DEBUG     +917191463134    SUCCESS   Thanks for participating! 1 image submitted successfully.
Follow us on Instagram to increase your chances of winning.
2026-04-19 01:39:03  DEBUG     +917401414822    SUCCESS   Thanks for participating! 1 image submitted successfully.
Follow us on Instagram to increase your chances of winning.
2026-04-19 01:39:12  DEBUG     +918434559617    SUCCESS   Thanks for participating! 1 image submitted successfully.
Follow us on Instagram to increase your chances of winning.
2026-04-19 01:39:20  DEBUG     +916187708456    SUCCESS   Thanks for participating! 1 image submitted successfully.
Follow us on Instagram to increase your chances of winning.
2026-04-19 01:39:32  DEBUG     +917715729136    SUCCESS   Thanks for participating! 1 image submitted successfully.
Follow us on Instagram to increase your chances of winning.
2026-04-19 01:39:42  DEBUG     +916555019537    SUCCESS   Thanks for participating! 1 image submitted successfully.
Follow us on Instagram to increase your chances of winning.
2026-04-19 01:39:56  DEBUG     +918504863788    SUCCESS   Thanks for participating! 1 image submitted successfully.
Follow us on Instagram to increase your chances of winning.
2026-04-19 01:40:09  DEBUG     +918007811384    SUCCESS   Thanks for participating! 1 image submitted successfully.
Follow us on Instagram to increase your chances of winning.
2026-04-19 01:40:19  DEBUG     +917928639038    SUCCESS   Thanks for participating! 1 image submitted successfully.
Follow us on Instagram to increase your chances of winning.
2026-04-19 01:40:19  DEBUG     Batch 176/1000 — 10 pair(s)
2026-04-19 01:40:28  DEBUG     +918991381482    SUCCESS   Thanks for participating! 1 image submitted successfully.
Follow us on Instagram to increase your chances of winning.
2026-04-19 01:40:37  DEBUG     +916882971485    SUCCESS   Thanks for participating! 1 image submitted successfully.
Follow us on Instagram to increase your chances of winning.
2026-04-19 01:40:46  DEBUG     +917587079403    SUCCESS   Thanks for participating! 1 image submitted successfully.
Follow us on Instagram to increase your chances of winning.
2026-04-19 01:40:56  DEBUG     +917640434492    SUCCESS   Thanks for participating! 1 image submitted successfully.
Follow us on Instagram to increase your chances of winning.
2026-04-19 01:41:06  DEBUG     +919537467218    SUCCESS   Thanks for participating! 1 image submitted successfully.
Follow us on Instagram to increase your chances of winning.
2026-04-19 01:41:16  DEBUG     +918266854256    SUCCESS   Thanks for participating! 1 image submitted successfully.
Follow us on Instagram to increase your chances of winning.
2026-04-19 01:41:26  DEBUG     +919933518135    SUCCESS   Thanks for participating! 1 image submitted successfully.
Follow us on Instagram to increase your chances of winning.
2026-04-19 01:41:36  DEBUG     +919835921037    SUCCESS   Thanks for participating! 1 image submitted successfully.
Follow us on Instagram to increase your chances of winning.
2026-04-19 01:41:47  DEBUG     +919595187687    SUCCESS   Thanks for participating! 1 image submitted successfully.
Follow us on Instagram to increase your chances of winning.
2026-04-19 01:41:56  DEBUG     +917159135968    SUCCESS   Thanks for participating! 1 image submitted successfully.
Follow us on Instagram to increase your chances of winning.
2026-04-19 01:41:56  DEBUG     Batch 177/1000 — 10 pair(s)
2026-04-19 01:42:07  DEBUG     +919922576284    SUCCESS   Thanks for participating! 1 image submitted successfully.
Follow us on Instagram to increase your chances of winning.
2026-04-19 01:42:18  DEBUG     +919026969482    SUCCESS   Thanks for participating! 1 image submitted successfully.
Follow us on Instagram to increase your chances of winning.
2026-04-19 01:42:31  DEBUG     +916322317608    SUCCESS   Thanks for participating! 1 image submitted successfully.
Follow us on Instagram to increase your chances of winning.
2026-04-19 01:42:41  DEBUG     +917106664652    SUCCESS   Thanks for participating! 1 image submitted successfully.
Follow us on Instagram to increase your chances of winning.
2026-04-19 01:42:53  DEBUG     +916558727035    SUCCESS   Thanks for participating! 1 image submitted successfully.
Follow us on Instagram to increase your chances of winning.
2026-04-19 01:43:03  DEBUG     +919146131815    SUCCESS   Thanks for participating! 1 image submitted successfully.
Follow us on Instagram to increase your chances of winning.
2026-04-19 01:43:15  DEBUG     +918749911014    SUCCESS   Thanks for participating! 1 image submitted successfully.
Follow us on Instagram to increase your chances of winning.
2026-04-19 01:43:25  DEBUG     +916420474634    SUCCESS   Thanks for participating! 1 image submitted successfully.
Follow us on Instagram to increase your chances of winning.
2026-04-19 01:43:34  DEBUG     +917959056689    SUCCESS   Thanks for participating! 1 image submitted successfully.
Follow us on Instagram to increase your chances of winning.
2026-04-19 01:43:43  DEBUG     +917076609007    SUCCESS   Thanks for participating! 1 image submitted successfully.
Follow us on Instagram to increase your chances of winning.
2026-04-19 01:43:43  DEBUG     Batch 178/1000 — 10 pair(s)
2026-04-19 01:43:52  DEBUG     +916079837141    SUCCESS   Thanks for participating! 1 image submitted successfully.
Follow us on Instagram to increase your chances of winning.
2026-04-19 01:44:04  DEBUG     +918122869010    SUCCESS   Thanks for participating! 1 image submitted successfully.
Follow us on Instagram to increase your chances of winning.
2026-04-19 01:44:16  DEBUG     +919605806056    SUCCESS   Thanks for participating! 1 image submitted successfully.
Follow us on Instagram to increase your chances of winning.
2026-04-19 01:44:26  DEBUG     +917424227876    SUCCESS   Thanks for participating! 1 image submitted successfully.
Follow us on Instagram to increase your chances of winning.
2026-04-19 01:44:33  DEBUG     +917043729222    SUCCESS   Thanks for participating! 1 image submitted successfully.
Follow us on Instagram to increase your chances of winning.
2026-04-19 01:44:40  DEBUG     +917068873705    SUCCESS   Thanks for participating! 1 image submitted successfully.
Follow us on Instagram to increase your chances of winning.
2026-04-19 01:44:50  DEBUG     +917634556961    SUCCESS   Thanks for participating! 1 image submitted successfully.
Follow us on Instagram to increase your chances of winning.
2026-04-19 01:44:57  DEBUG     +917925778991    SUCCESS   Thanks for participating! 1 image submitted successfully.
Follow us on Instagram to increase your chances of winning.
2026-04-19 01:45:04  DEBUG     +916454148626    SUCCESS   Thanks for participating! 1 image submitted successfully.
Follow us on Instagram to increase your chances of winning.
2026-04-19 01:45:14  DEBUG     +918521274423    SUCCESS   Thanks for participating! 1 image submitted successfully.
Follow us on Instagram to increase your chances of winning.
2026-04-19 01:45:14  DEBUG     Batch 179/1000 — 10 pair(s)
2026-04-19 01:45:22  DEBUG     +919912968592    SUCCESS   Thanks for participating! 1 image submitted successfully.
Follow us on Instagram to increase your chances of winning.
2026-04-19 01:45:30  DEBUG     +918128296714    SUCCESS   Thanks for participating! 1 image submitted successfully.
Follow us on Instagram to increase your chances of winning.
2026-04-19 01:45:42  DEBUG     +919472590216    SUCCESS   Thanks for participating! 1 image submitted successfully.
Follow us on Instagram to increase your chances of winning.
2026-04-19 01:45:54  DEBUG     +916790287014    SUCCESS   Thanks for participating! 1 image submitted successfully.
Follow us on Instagram to increase your chances of winning.
2026-04-19 01:46:02  DEBUG     +916182001267    SUCCESS   Thanks for participating! 1 image submitted successfully.
Follow us on Instagram to increase your chances of winning.
2026-04-19 01:46:09  DEBUG     +918474374940    SUCCESS   Thanks for participating! 1 image submitted successfully.
Follow us on Instagram to increase your chances of winning.
2026-04-19 01:46:16  DEBUG     +918482531709    SUCCESS   Thanks for participating! 1 image submitted successfully.
Follow us on Instagram to increase your chances of winning.
2026-04-19 01:46:26  DEBUG     +917702033827    SUCCESS   Thanks for participating! 1 image submitted successfully.
Follow us on Instagram to increase your chances of winning.
2026-04-19 01:46:35  DEBUG     +919103574267    SUCCESS   Thanks for participating! 1 image submitted successfully.
Follow us on Instagram to increase your chances of winning.
2026-04-19 01:46:42  DEBUG     +919114630337    SUCCESS   Thanks for participating! 1 image submitted successfully.
Follow us on Instagram to increase your chances of winning.
2026-04-19 01:46:42  DEBUG     Batch 180/1000 — 10 pair(s)
2026-04-19 01:46:48  DEBUG     +918388016297    SUCCESS   Thanks for participating! 1 image submitted successfully.
Follow us on Instagram to increase your chances of winning.
2026-04-19 01:46:58  DEBUG     +916346558650    SUCCESS   Thanks for participating! 1 image submitted successfully.
Follow us on Instagram to increase your chances of winning.
2026-04-19 01:47:09  DEBUG     +918391336284    SUCCESS   Thanks for participating! 1 image submitted successfully.
Follow us on Instagram to increase your chances of winning.
2026-04-19 01:47:16  DEBUG     +917530539176    SUCCESS   Thanks for participating! 1 image submitted successfully.
Follow us on Instagram to increase your chances of winning.
2026-04-19 01:47:27  DEBUG     +917173366738    SUCCESS   Thanks for participating! 1 image submitted successfully.
Follow us on Instagram to increase your chances of winning.
2026-04-19 01:47:37  DEBUG     +917362946718    SUCCESS   Thanks for participating! 1 image submitted successfully.
Follow us on Instagram to increase your chances of winning.
2026-04-19 01:47:46  DEBUG     +918199590868    SUCCESS   Thanks for participating! 1 image submitted successfully.
Follow us on Instagram to increase your chances of winning.
2026-04-19 01:47:55  DEBUG     +919556401155    SUCCESS   Thanks for participating! 1 image submitted successfully.
Follow us on Instagram to increase your chances of winning.
2026-04-19 01:48:04  DEBUG     +916380340537    SUCCESS   Thanks for participating! 1 image submitted successfully.
Follow us on Instagram to increase your chances of winning.
2026-04-19 01:48:16  DEBUG     +918426587829    SUCCESS   Thanks for participating! 1 image submitted successfully.
Follow us on Instagram to increase your chances of winning.
2026-04-19 01:48:16  DEBUG     Batch 181/1000 — 10 pair(s)
2026-04-19 01:48:25  DEBUG     +917017934959    SUCCESS   Thanks for participating! 1 image submitted successfully.
Follow us on Instagram to increase your chances of winning.
2026-04-19 01:48:34  DEBUG     +917773761076    SUCCESS   Thanks for participating! 1 image submitted successfully.
Follow us on Instagram to increase your chances of winning.
2026-04-19 01:48:45  DEBUG     +918266361097    SUCCESS   Thanks for participating! 1 image submitted successfully.
Follow us on Instagram to increase your chances of winning.
2026-04-19 01:48:53  DEBUG     +917205089650    SUCCESS   Thanks for participating! 1 image submitted successfully.
Follow us on Instagram to increase your chances of winning.
2026-04-19 01:49:01  DEBUG     +919324135346    SUCCESS   Thanks for participating! 1 image submitted successfully.
Follow us on Instagram to increase your chances of winning.
2026-04-19 01:49:08  DEBUG     +918745101838    SUCCESS   Thanks for participating! 1 image submitted successfully.
Follow us on Instagram to increase your chances of winning.
2026-04-19 01:49:16  DEBUG     +918866246202    SUCCESS   Thanks for participating! 1 image submitted successfully.
Follow us on Instagram to increase your chances of winning.
2026-04-19 01:49:26  DEBUG     +917638501496    SUCCESS   Thanks for participating! 1 image submitted successfully.
Follow us on Instagram to increase your chances of winning.
2026-04-19 01:49:36  DEBUG     +917357060456    SUCCESS   Thanks for participating! 1 image submitted successfully.
Follow us on Instagram to increase your chances of winning.
2026-04-19 01:49:47  DEBUG     +919085091864    SUCCESS   Thanks for participating! 1 image submitted successfully.
Follow us on Instagram to increase your chances of winning.
2026-04-19 01:49:47  DEBUG     Batch 182/1000 — 10 pair(s)
2026-04-19 01:49:55  DEBUG     +916289712334    SUCCESS   Thanks for participating! 1 image submitted successfully.
Follow us on Instagram to increase your chances of winning.
2026-04-19 01:50:03  DEBUG     +917140193865    SUCCESS   Thanks for participating! 1 image submitted successfully.
Follow us on Instagram to increase your chances of winning.
2026-04-19 01:50:11  DEBUG     +917274719787    SUCCESS   Thanks for participating! 1 image submitted successfully.
Follow us on Instagram to increase your chances of winning.
2026-04-19 01:50:21  DEBUG     +918690687860    SUCCESS   Thanks for participating! 1 image submitted successfully.
Follow us on Instagram to increase your chances of winning.
2026-04-19 01:50:31  DEBUG     +916022585730    SUCCESS   Thanks for participating! 1 image submitted successfully.
Follow us on Instagram to increase your chances of winning.
2026-04-19 01:50:39  DEBUG     +916890536381    SUCCESS   Thanks for participating! 1 image submitted successfully.
Follow us on Instagram to increase your chances of winning.
2026-04-19 01:50:47  DEBUG     +918281523885    SUCCESS   Thanks for participating! 1 image submitted successfully.
Follow us on Instagram to increase your chances of winning.
2026-04-19 01:50:54  DEBUG     +919051082475    SUCCESS   Thanks for participating! 1 image submitted successfully.
Follow us on Instagram to increase your chances of winning.
2026-04-19 01:51:05  DEBUG     +917402745796    SUCCESS   Thanks for participating! 1 image submitted successfully.
Follow us on Instagram to increase your chances of winning.
2026-04-19 01:51:13  DEBUG     +917850480191    SUCCESS   Thanks for participating! 1 image submitted successfully.
Follow us on Instagram to increase your chances of winning.
2026-04-19 01:51:13  DEBUG     Batch 183/1000 — 10 pair(s)
2026-04-19 01:51:20  DEBUG     +917643692910    SUCCESS   Thanks for participating! 1 image submitted successfully.
Follow us on Instagram to increase your chances of winning.
2026-04-19 01:51:27  DEBUG     +919809849707    SUCCESS   Thanks for participating! 1 image submitted successfully.
Follow us on Instagram to increase your chances of winning.
2026-04-19 01:51:35  DEBUG     +918690698209    SUCCESS   Thanks for participating! 1 image submitted successfully.
Follow us on Instagram to increase your chances of winning.
2026-04-19 01:51:44  DEBUG     +918344497130    SUCCESS   Thanks for participating! 1 image submitted successfully.
Follow us on Instagram to increase your chances of winning.
2026-04-19 01:51:52  DEBUG     +917166684226    SUCCESS   Thanks for participating! 1 image submitted successfully.
Follow us on Instagram to increase your chances of winning.
2026-04-19 01:51:59  DEBUG     +919583196788    SUCCESS   Thanks for participating! 1 image submitted successfully.
Follow us on Instagram to increase your chances of winning.
2026-04-19 01:52:07  DEBUG     +917075683811    SUCCESS   Thanks for participating! 1 image submitted successfully.
Follow us on Instagram to increase your chances of winning.
2026-04-19 01:52:15  DEBUG     +917676364627    SUCCESS   Thanks for participating! 1 image submitted successfully.
Follow us on Instagram to increase your chances of winning.
2026-04-19 01:52:22  DEBUG     +917174693281    SUCCESS   Thanks for participating! 1 image submitted successfully.
Follow us on Instagram to increase your chances of winning.
2026-04-19 01:52:32  DEBUG     +918635343411    SUCCESS   Thanks for participating! 1 image submitted successfully.
Follow us on Instagram to increase your chances of winning.
2026-04-19 01:52:32  DEBUG     Batch 184/1000 — 10 pair(s)
2026-04-19 01:52:39  DEBUG     +918844942570    SUCCESS   Thanks for participating! 1 image submitted successfully.
Follow us on Instagram to increase your chances of winning.
2026-04-19 01:52:47  DEBUG     +917774429734    SUCCESS   Thanks for participating! 1 image submitted successfully.
Follow us on Instagram to increase your chances of winning.
2026-04-19 01:52:55  DEBUG     +916805244904    SUCCESS   Thanks for participating! 1 image submitted successfully.
Follow us on Instagram to increase your chances of winning.
2026-04-19 01:53:03  DEBUG     +916577989746    SUCCESS   Thanks for participating! 1 image submitted successfully.
Follow us on Instagram to increase your chances of winning.
2026-04-19 01:53:11  DEBUG     +916708651499    SUCCESS   Thanks for participating! 1 image submitted successfully.
Follow us on Instagram to increase your chances of winning.
2026-04-19 01:53:20  DEBUG     +918954633749    SUCCESS   Thanks for participating! 1 image submitted successfully.
Follow us on Instagram to increase your chances of winning.
2026-04-19 01:53:34  DEBUG     +916287365140    SUCCESS   Thanks for participating! 1 image submitted successfully.
Follow us on Instagram to increase your chances of winning.
2026-04-19 01:53:43  DEBUG     +917841590190    SUCCESS   Thanks for participating! 1 image submitted successfully.
Follow us on Instagram to increase your chances of winning.
2026-04-19 01:53:53  DEBUG     +919266666180    SUCCESS   Thanks for participating! 1 image submitted successfully.
Follow us on Instagram to increase your chances of winning.
2026-04-19 01:54:01  DEBUG     +916151890577    SUCCESS   Thanks for participating! 1 image submitted successfully.
Follow us on Instagram to increase your chances of winning.
2026-04-19 01:54:01  DEBUG     Batch 185/1000 — 10 pair(s)
2026-04-19 01:54:08  DEBUG     +918039764470    SUCCESS   Thanks for participating! 1 image submitted successfully.
Follow us on Instagram to increase your chances of winning.
2026-04-19 01:54:16  DEBUG     +918720625754    SUCCESS   Thanks for participating! 1 image submitted successfully.
Follow us on Instagram to increase your chances of winning.
2026-04-19 01:54:27  DEBUG     +918055563151    SUCCESS   Thanks for participating! 1 image submitted successfully.
Follow us on Instagram to increase your chances of winning.
2026-04-19 01:54:35  DEBUG     +916831488271    SUCCESS   Thanks for participating! 1 image submitted successfully.
Follow us on Instagram to increase your chances of winning.
2026-04-19 01:54:43  DEBUG     +918133941602    SUCCESS   Thanks for participating! 1 image submitted successfully.
Follow us on Instagram to increase your chances of winning.
2026-04-19 01:54:50  DEBUG     +917182118495    SUCCESS   Thanks for participating! 1 image submitted successfully.
Follow us on Instagram to increase your chances of winning.
2026-04-19 01:54:58  DEBUG     +917169291488    SUCCESS   Thanks for participating! 1 image submitted successfully.
Follow us on Instagram to increase your chances of winning.
2026-04-19 01:55:09  DEBUG     +919417238699    SUCCESS   Thanks for participating! 1 image submitted successfully.
Follow us on Instagram to increase your chances of winning.
2026-04-19 01:55:16  DEBUG     +918004731332    SUCCESS   Thanks for participating! 1 image submitted successfully.
Follow us on Instagram to increase your chances of winning.
2026-04-19 01:55:24  DEBUG     +918993570563    SUCCESS   Thanks for participating! 1 image submitted successfully.
Follow us on Instagram to increase your chances of winning.
2026-04-19 01:55:24  DEBUG     Batch 186/1000 — 10 pair(s)
2026-04-19 01:55:31  DEBUG     +917559729058    SUCCESS   Thanks for participating! 1 image submitted successfully.
Follow us on Instagram to increase your chances of winning.
2026-04-19 01:55:39  DEBUG     +919855815472    SUCCESS   Thanks for participating! 1 image submitted successfully.
Follow us on Instagram to increase your chances of winning.
2026-04-19 01:55:46  DEBUG     +919440328741    SUCCESS   Thanks for participating! 1 image submitted successfully.
Follow us on Instagram to increase your chances of winning.
2026-04-19 01:55:54  DEBUG     +916431720000    SUCCESS   Thanks for participating! 1 image submitted successfully.
Follow us on Instagram to increase your chances of winning.
2026-04-19 01:56:01  DEBUG     +919666368405    SUCCESS   Thanks for participating! 1 image submitted successfully.
Follow us on Instagram to increase your chances of winning.
2026-04-19 01:56:08  DEBUG     +918486093365    SUCCESS   Thanks for participating! 1 image submitted successfully.
Follow us on Instagram to increase your chances of winning.
2026-04-19 01:56:19  DEBUG     +918604825552    SUCCESS   Thanks for participating! 1 image submitted successfully.
Follow us on Instagram to increase your chances of winning.
2026-04-19 01:56:26  DEBUG     +917399294441    SUCCESS   Thanks for participating! 1 image submitted successfully.
Follow us on Instagram to increase your chances of winning.
2026-04-19 01:56:36  DEBUG     +918408163224    SUCCESS   Thanks for participating! 1 image submitted successfully.
Follow us on Instagram to increase your chances of winning.
2026-04-19 01:56:46  DEBUG     +919776459321    SUCCESS   Thanks for participating! 1 image submitted successfully.
Follow us on Instagram to increase your chances of winning.
2026-04-19 01:56:46  DEBUG     Batch 187/1000 — 10 pair(s)
2026-04-19 01:56:53  DEBUG     +917167279204    SUCCESS   Thanks for participating! 1 image submitted successfully.
Follow us on Instagram to increase your chances of winning.
2026-04-19 01:57:03  DEBUG     +919322969106    SUCCESS   Thanks for participating! 1 image submitted successfully.
Follow us on Instagram to increase your chances of winning.
2026-04-19 01:57:12  DEBUG     +916185208260    SUCCESS   Thanks for participating! 1 image submitted successfully.
Follow us on Instagram to increase your chances of winning.
2026-04-19 01:57:24  DEBUG     +917911553341    SUCCESS   Thanks for participating! 1 image submitted successfully.
Follow us on Instagram to increase your chances of winning.
2026-04-19 01:57:39  DEBUG     +916909339883    SUCCESS   Thanks for participating! 1 image submitted successfully.
Follow us on Instagram to increase your chances of winning.
2026-04-19 01:57:47  DEBUG     +917018132221    SUCCESS   Thanks for participating! 1 image submitted successfully.
Follow us on Instagram to increase your chances of winning.
2026-04-19 01:57:56  DEBUG     +919334685345    SUCCESS   Thanks for participating! 1 image submitted successfully.
Follow us on Instagram to increase your chances of winning.
2026-04-19 01:58:03  DEBUG     +917113839644    SUCCESS   Thanks for participating! 1 image submitted successfully.
Follow us on Instagram to increase your chances of winning.
2026-04-19 01:58:12  DEBUG     +919709680839    SUCCESS   Thanks for participating! 1 image submitted successfully.
Follow us on Instagram to increase your chances of winning.
2026-04-19 01:58:24  DEBUG     +917499987782    SUCCESS   Thanks for participating! 1 image submitted successfully.
Follow us on Instagram to increase your chances of winning.
2026-04-19 01:58:24  DEBUG     Batch 188/1000 — 10 pair(s)
2026-04-19 01:58:36  DEBUG     +919807011984    SUCCESS   Thanks for participating! 1 image submitted successfully.
Follow us on Instagram to increase your chances of winning.
2026-04-19 01:58:47  DEBUG     +918345478636    SUCCESS   Thanks for participating! 1 image submitted successfully.
Follow us on Instagram to increase your chances of winning.
2026-04-19 01:58:57  DEBUG     +916605830835    SUCCESS   Thanks for participating! 1 image submitted successfully.
Follow us on Instagram to increase your chances of winning.
2026-04-19 01:59:04  DEBUG     +916636129702    SUCCESS   Thanks for participating! 1 image submitted successfully.
Follow us on Instagram to increase your chances of winning.
2026-04-19 01:59:12  DEBUG     +916323533044    SUCCESS   Thanks for participating! 1 image submitted successfully.
Follow us on Instagram to increase your chances of winning.
2026-04-19 01:59:19  DEBUG     +917498965339    SUCCESS   Thanks for participating! 1 image submitted successfully.
Follow us on Instagram to increase your chances of winning.
2026-04-19 01:59:27  DEBUG     +918916799009    SUCCESS   Thanks for participating! 1 image submitted successfully.
Follow us on Instagram to increase your chances of winning.
2026-04-19 01:59:35  DEBUG     +917256445803    SUCCESS   Thanks for participating! 1 image submitted successfully.
Follow us on Instagram to increase your chances of winning.
2026-04-19 01:59:45  DEBUG     +916185666006    SUCCESS   Thanks for participating! 1 image submitted successfully.
Follow us on Instagram to increase your chances of winning.
2026-04-19 01:59:53  DEBUG     +917445688524    SUCCESS   Thanks for participating! 1 image submitted successfully.
Follow us on Instagram to increase your chances of winning.
2026-04-19 01:59:53  DEBUG     Batch 189/1000 — 10 pair(s)
2026-04-19 02:00:00  DEBUG     +916245825266    SUCCESS   Thanks for participating! 1 image submitted successfully.
Follow us on Instagram to increase your chances of winning.
2026-04-19 02:00:07  DEBUG     +916878076739    SUCCESS   Thanks for participating! 1 image submitted successfully.
Follow us on Instagram to increase your chances of winning.
2026-04-19 02:00:15  DEBUG     +916909165080    SUCCESS   Thanks for participating! 1 image submitted successfully.
Follow us on Instagram to increase your chances of winning.
2026-04-19 02:00:22  DEBUG     +917713644921    SUCCESS   Thanks for participating! 1 image submitted successfully.
Follow us on Instagram to increase your chances of winning.
2026-04-19 02:00:32  DEBUG     +919569498265    SUCCESS   Thanks for participating! 1 image submitted successfully.
Follow us on Instagram to increase your chances of winning.
2026-04-19 02:00:41  DEBUG     +919432360767    SUCCESS   Thanks for participating! 1 image submitted successfully.
Follow us on Instagram to increase your chances of winning.
2026-04-19 02:00:48  DEBUG     +916033834737    SUCCESS   Thanks for participating! 1 image submitted successfully.
Follow us on Instagram to increase your chances of winning.
2026-04-19 02:00:56  DEBUG     +918702688520    SUCCESS   Thanks for participating! 1 image submitted successfully.
Follow us on Instagram to increase your chances of winning.
2026-04-19 02:01:03  DEBUG     +919484603001    SUCCESS   Thanks for participating! 1 image submitted successfully.
Follow us on Instagram to increase your chances of winning.
2026-04-19 02:01:10  DEBUG     +918327051368    SUCCESS   Thanks for participating! 1 image submitted successfully.
Follow us on Instagram to increase your chances of winning.
2026-04-19 02:01:10  DEBUG     Batch 190/1000 — 10 pair(s)
2026-04-19 02:01:18  DEBUG     +917129153015    SUCCESS   Thanks for participating! 1 image submitted successfully.
Follow us on Instagram to increase your chances of winning.
2026-04-19 02:01:26  DEBUG     +919742031931    SUCCESS   Thanks for participating! 1 image submitted successfully.
Follow us on Instagram to increase your chances of winning.
2026-04-19 02:01:34  DEBUG     +919313342914    SUCCESS   Thanks for participating! 1 image submitted successfully.
Follow us on Instagram to increase your chances of winning.
2026-04-19 02:01:41  DEBUG     +917194536935    SUCCESS   Thanks for participating! 1 image submitted successfully.
Follow us on Instagram to increase your chances of winning.
2026-04-19 02:01:51  DEBUG     +919004236517    SUCCESS   Thanks for participating! 1 image submitted successfully.
Follow us on Instagram to increase your chances of winning.
2026-04-20 22:27:20  INFO      Run started — count=250  batch_size=5  dry_run=False  resume=True
2026-04-20 22:27:20  INFO      --resume: no exhausted numbers found, nothing to skip
2026-04-20 22:27:20  INFO      Generating phone numbers…
2026-04-20 22:27:20  INFO      Generated 250 phone number(s) (0 skipped via --resume)
2026-04-20 22:27:20  INFO      Generating 250 image(s)…
2026-04-20 22:27:34  INFO      Images written to: /home/amaan/green-automation/images
2026-04-20 22:27:34  INFO      Starting live registrations in batches of 5…
2026-04-20 22:27:34  DEBUG     Batch 1/50 — 5 pair(s)
2026-04-20 22:27:45  DEBUG     +918886591335    SUCCESS   Thanks for participating! 1 image submitted successfully.
Follow us on Instagram to increase your chances of winning.
2026-04-20 22:27:53  DEBUG     +916598044785    SUCCESS   Thanks for participating! 1 image submitted successfully.
Follow us on Instagram to increase your chances of winning.
2026-04-20 22:28:01  DEBUG     +919197881554    SUCCESS   Thanks for participating! 1 image submitted successfully.
Follow us on Instagram to increase your chances of winning.
2026-04-20 22:28:11  DEBUG     +917782550316    SUCCESS   Thanks for participating! 1 image submitted successfully.
Follow us on Instagram to increase your chances of winning.
2026-04-20 22:28:20  DEBUG     +919617456676    SUCCESS   Thanks for participating! 1 image submitted successfully.
Follow us on Instagram to increase your chances of winning.
2026-04-20 22:28:20  DEBUG     Batch 2/50 — 5 pair(s)
2026-04-20 22:28:28  DEBUG     +918234332512    SUCCESS   Thanks for participating! 1 image submitted successfully.
Follow us on Instagram to increase your chances of winning.
2026-04-20 22:28:39  DEBUG     +918440415410    SUCCESS   Thanks for participating! 1 image submitted successfully.
Follow us on Instagram to increase your chances of winning.
2026-04-20 22:28:52  DEBUG     +916691928353    SUCCESS   Thanks for participating! 1 image submitted successfully.
Follow us on Instagram to increase your chances of winning.
2026-04-20 22:29:00  DEBUG     +917450603298    SUCCESS   Thanks for participating! 1 image submitted successfully.
Follow us on Instagram to increase your chances of winning.
2026-04-20 22:29:08  DEBUG     +916401665461    SUCCESS   Thanks for participating! 1 image submitted successfully.
Follow us on Instagram to increase your chances of winning.
2026-04-20 22:29:08  DEBUG     Batch 3/50 — 5 pair(s)
2026-04-20 22:29:16  DEBUG     +919755611435    SUCCESS   Thanks for participating! 1 image submitted successfully.
Follow us on Instagram to increase your chances of winning.
2026-04-20 22:29:25  DEBUG     +917214353793    SUCCESS   Thanks for participating! 1 image submitted successfully.
Follow us on Instagram to increase your chances of winning.
2026-04-20 22:29:37  DEBUG     +917372391815    SUCCESS   Thanks for participating! 1 image submitted successfully.
Follow us on Instagram to increase your chances of winning.
2026-04-20 22:29:46  DEBUG     +919119675874    SUCCESS   Thanks for participating! 1 image submitted successfully.
Follow us on Instagram to increase your chances of winning.
2026-04-20 22:29:57  DEBUG     +919400528846    SUCCESS   Thanks for participating! 1 image submitted successfully.
Follow us on Instagram to increase your chances of winning.
2026-04-20 22:29:57  DEBUG     Batch 4/50 — 5 pair(s)
2026-04-20 22:30:07  DEBUG     +918040480030    SUCCESS   Thanks for participating! 1 image submitted successfully.
Follow us on Instagram to increase your chances of winning.
2026-04-20 22:30:18  DEBUG     +917529688248    SUCCESS   Thanks for participating! 1 image submitted successfully.
Follow us on Instagram to increase your chances of winning.
2026-04-20 22:30:25  DEBUG     +919029386721    SUCCESS   Thanks for participating! 1 image submitted successfully.
Follow us on Instagram to increase your chances of winning.
2026-04-20 22:30:34  DEBUG     +919614140706    SUCCESS   Thanks for participating! 1 image submitted successfully.
Follow us on Instagram to increase your chances of winning.
2026-04-20 22:30:42  DEBUG     +919357150989    SUCCESS   Thanks for participating! 1 image submitted successfully.
Follow us on Instagram to increase your chances of winning.
2026-04-20 22:30:42  DEBUG     Batch 5/50 — 5 pair(s)
2026-04-20 22:30:55  DEBUG     +918378195951    SUCCESS   Thanks for participating! 1 image submitted successfully.
Follow us on Instagram to increase your chances of winning.
2026-04-20 22:31:04  DEBUG     +918398961855    SUCCESS   Thanks for participating! 1 image submitted successfully.
Follow us on Instagram to increase your chances of winning.
2026-04-20 22:31:16  DEBUG     +919536240665    SUCCESS   Thanks for participating! 1 image submitted successfully.
Follow us on Instagram to increase your chances of winning.
2026-04-20 22:31:29  DEBUG     +919575912241    SUCCESS   Thanks for participating! 1 image submitted successfully.
Follow us on Instagram to increase your chances of winning.
2026-04-20 22:31:37  DEBUG     +916989797179    SUCCESS   Thanks for participating! 1 image submitted successfully.
Follow us on Instagram to increase your chances of winning.
2026-04-20 22:31:37  DEBUG     Batch 6/50 — 5 pair(s)
2026-04-20 22:31:46  DEBUG     +919885073403    SUCCESS   Thanks for participating! 1 image submitted successfully.
Follow us on Instagram to increase your chances of winning.
2026-04-20 22:31:54  DEBUG     +916774344630    SUCCESS   Thanks for participating! 1 image submitted successfully.
Follow us on Instagram to increase your chances of winning.
2026-04-20 22:32:06  DEBUG     +918193218736    SUCCESS   Thanks for participating! 1 image submitted successfully.
Follow us on Instagram to increase your chances of winning.
2026-04-20 22:32:20  DEBUG     +916708132373    SUCCESS   Thanks for participating! 1 image submitted successfully.
Follow us on Instagram to increase your chances of winning.
2026-04-20 22:32:31  DEBUG     +916803692761    SUCCESS   Thanks for participating! 1 image submitted successfully.
Follow us on Instagram to increase your chances of winning.
2026-04-20 22:32:31  DEBUG     Batch 7/50 — 5 pair(s)
2026-04-20 22:32:40  DEBUG     +916788640264    SUCCESS   Thanks for participating! 1 image submitted successfully.
Follow us on Instagram to increase your chances of winning.
2026-04-20 22:32:48  DEBUG     +919464922827    SUCCESS   Thanks for participating! 1 image submitted successfully.
Follow us on Instagram to increase your chances of winning.
2026-04-20 22:32:59  DEBUG     +916237661968    SUCCESS   Thanks for participating! 1 image submitted successfully.
Follow us on Instagram to increase your chances of winning.
2026-04-20 22:33:11  DEBUG     +917814848940    SUCCESS   Thanks for participating! 1 image submitted successfully.
Follow us on Instagram to increase your chances of winning.
2026-04-20 22:33:22  DEBUG     +918985052476    SUCCESS   Thanks for participating! 1 image submitted successfully.
Follow us on Instagram to increase your chances of winning.
2026-04-20 22:33:22  DEBUG     Batch 8/50 — 5 pair(s)
2026-04-20 22:33:32  DEBUG     +919136420436    SUCCESS   Thanks for participating! 1 image submitted successfully.
Follow us on Instagram to increase your chances of winning.
2026-04-20 22:33:41  DEBUG     +916044211974    SUCCESS   Thanks for participating! 1 image submitted successfully.
Follow us on Instagram to increase your chances of winning.
2026-04-20 22:33:49  DEBUG     +918779330855    SUCCESS   Thanks for participating! 1 image submitted successfully.
Follow us on Instagram to increase your chances of winning.
2026-04-20 22:33:58  DEBUG     +918653299457    SUCCESS   Thanks for participating! 1 image submitted successfully.
Follow us on Instagram to increase your chances of winning.
2026-04-20 22:34:06  DEBUG     +916388540765    SUCCESS   Thanks for participating! 1 image submitted successfully.
Follow us on Instagram to increase your chances of winning.
2026-04-20 22:34:06  DEBUG     Batch 9/50 — 5 pair(s)
2026-04-20 22:34:17  DEBUG     +916777299511    SUCCESS   Thanks for participating! 1 image submitted successfully.
Follow us on Instagram to increase your chances of winning.
2026-04-20 22:34:26  DEBUG     +917245623961    SUCCESS   Thanks for participating! 1 image submitted successfully.
Follow us on Instagram to increase your chances of winning.
2026-04-20 22:34:37  DEBUG     +919875464348    SUCCESS   Thanks for participating! 1 image submitted successfully.
Follow us on Instagram to increase your chances of winning.
2026-04-20 22:34:46  DEBUG     +918737222971    SUCCESS   Thanks for participating! 1 image submitted successfully.
Follow us on Instagram to increase your chances of winning.
2026-04-20 22:34:55  DEBUG     +918633084374    SUCCESS   Thanks for participating! 1 image submitted successfully.
Follow us on Instagram to increase your chances of winning.
2026-04-20 22:34:55  DEBUG     Batch 10/50 — 5 pair(s)
2026-04-20 22:35:03  DEBUG     +917206243539    SUCCESS   Thanks for participating! 1 image submitted successfully.
Follow us on Instagram to increase your chances of winning.
2026-04-20 22:35:16  DEBUG     +918262492122    SUCCESS   Thanks for participating! 1 image submitted successfully.
Follow us on Instagram to increase your chances of winning.
2026-04-20 22:35:26  DEBUG     +918125454416    SUCCESS   Thanks for participating! 1 image submitted successfully.
Follow us on Instagram to increase your chances of winning.
2026-04-20 22:35:37  DEBUG     +919180322822    SUCCESS   Thanks for participating! 1 image submitted successfully.
Follow us on Instagram to increase your chances of winning.
2026-04-20 22:35:50  DEBUG     +917831068495    SUCCESS   Thanks for participating! 1 image submitted successfully.
Follow us on Instagram to increase your chances of winning.
2026-04-20 22:35:50  DEBUG     Batch 11/50 — 5 pair(s)
2026-04-20 22:35:58  DEBUG     +917731249638    SUCCESS   Thanks for participating! 1 image submitted successfully.
Follow us on Instagram to increase your chances of winning.
2026-04-20 22:36:11  DEBUG     +916590227449    SUCCESS   Thanks for participating! 1 image submitted successfully.
Follow us on Instagram to increase your chances of winning.
2026-04-20 22:36:29  DEBUG     +916305132854    SUCCESS   Thanks for participating! 1 image submitted successfully.
Follow us on Instagram to increase your chances of winning.
2026-04-20 22:36:37  DEBUG     +916624089937    SUCCESS   Thanks for participating! 1 image submitted successfully.
Follow us on Instagram to increase your chances of winning.
2026-04-20 22:36:48  DEBUG     +918555706923    SUCCESS   Thanks for participating! 1 image submitted successfully.
Follow us on Instagram to increase your chances of winning.
2026-04-20 22:36:48  DEBUG     Batch 12/50 — 5 pair(s)
2026-04-20 22:36:57  DEBUG     +917849161277    SUCCESS   Thanks for participating! 1 image submitted successfully.
Follow us on Instagram to increase your chances of winning.
2026-04-20 22:37:06  DEBUG     +917946257752    SUCCESS   Thanks for participating! 1 image submitted successfully.
Follow us on Instagram to increase your chances of winning.
2026-04-20 22:37:14  DEBUG     +916063350163    SUCCESS   Thanks for participating! 1 image submitted successfully.
Follow us on Instagram to increase your chances of winning.
2026-04-20 22:37:22  DEBUG     +918278474225    SUCCESS   Thanks for participating! 1 image submitted successfully.
Follow us on Instagram to increase your chances of winning.
2026-04-20 22:37:33  DEBUG     +918464779987    SUCCESS   Thanks for participating! 1 image submitted successfully.
Follow us on Instagram to increase your chances of winning.
2026-04-20 22:37:33  DEBUG     Batch 13/50 — 5 pair(s)
2026-04-20 22:37:41  DEBUG     +916171449468    SUCCESS   Thanks for participating! 1 image submitted successfully.
Follow us on Instagram to increase your chances of winning.
2026-04-20 22:37:54  DEBUG     +916495479604    SUCCESS   Thanks for participating! 1 image submitted successfully.
Follow us on Instagram to increase your chances of winning.
2026-04-20 22:38:02  DEBUG     +919819734331    SUCCESS   Thanks for participating! 1 image submitted successfully.
Follow us on Instagram to increase your chances of winning.
2026-04-20 22:38:13  DEBUG     +919490153475    SUCCESS   Thanks for participating! 1 image submitted successfully.
Follow us on Instagram to increase your chances of winning.
2026-04-20 22:38:23  DEBUG     +919546858582    SUCCESS   Thanks for participating! 1 image submitted successfully.
Follow us on Instagram to increase your chances of winning.
2026-04-20 22:38:23  DEBUG     Batch 14/50 — 5 pair(s)
2026-04-20 22:38:32  DEBUG     +916736628132    SUCCESS   Thanks for participating! 1 image submitted successfully.
Follow us on Instagram to increase your chances of winning.
2026-04-20 22:38:39  DEBUG     +918904866050    SUCCESS   Thanks for participating! 1 image submitted successfully.
Follow us on Instagram to increase your chances of winning.
2026-04-20 22:38:48  DEBUG     +919951218973    SUCCESS   Thanks for participating! 1 image submitted successfully.
Follow us on Instagram to increase your chances of winning.
2026-04-20 22:38:59  DEBUG     +917430731167    SUCCESS   Thanks for participating! 1 image submitted successfully.
Follow us on Instagram to increase your chances of winning.
2026-04-20 22:39:07  DEBUG     +916823629505    SUCCESS   Thanks for participating! 1 image submitted successfully.
Follow us on Instagram to increase your chances of winning.
2026-04-20 22:39:07  DEBUG     Batch 15/50 — 5 pair(s)
2026-04-20 22:39:18  DEBUG     +918882085530    SUCCESS   Thanks for participating! 1 image submitted successfully.
Follow us on Instagram to increase your chances of winning.
2026-04-20 22:39:28  DEBUG     +918956951238    SUCCESS   Thanks for participating! 1 image submitted successfully.
Follow us on Instagram to increase your chances of winning.
2026-04-20 22:39:36  DEBUG     +917742494852    SUCCESS   Thanks for participating! 1 image submitted successfully.
Follow us on Instagram to increase your chances of winning.
2026-04-20 22:39:43  DEBUG     +917874511379    SUCCESS   Thanks for participating! 1 image submitted successfully.
Follow us on Instagram to increase your chances of winning.
2026-04-20 22:39:51  DEBUG     +919936198430    SUCCESS   Thanks for participating! 1 image submitted successfully.
Follow us on Instagram to increase your chances of winning.
2026-04-20 22:39:51  DEBUG     Batch 16/50 — 5 pair(s)
2026-04-20 22:39:59  DEBUG     +918327427790    SUCCESS   Thanks for participating! 1 image submitted successfully.
Follow us on Instagram to increase your chances of winning.
2026-04-20 22:40:08  DEBUG     +916924585192    SUCCESS   Thanks for participating! 1 image submitted successfully.
Follow us on Instagram to increase your chances of winning.
2026-04-20 22:40:16  DEBUG     +918739785390    SUCCESS   Thanks for participating! 1 image submitted successfully.
Follow us on Instagram to increase your chances of winning.
2026-04-20 22:40:25  DEBUG     +918241083553    SUCCESS   Thanks for participating! 1 image submitted successfully.
Follow us on Instagram to increase your chances of winning.
2026-04-20 22:40:33  DEBUG     +917461171449    SUCCESS   Thanks for participating! 1 image submitted successfully.
Follow us on Instagram to increase your chances of winning.
2026-04-20 22:40:33  DEBUG     Batch 17/50 — 5 pair(s)
2026-04-20 22:40:42  DEBUG     +917654483134    SUCCESS   Thanks for participating! 1 image submitted successfully.
Follow us on Instagram to increase your chances of winning.
2026-04-20 22:40:50  DEBUG     +918923851160    SUCCESS   Thanks for participating! 1 image submitted successfully.
Follow us on Instagram to increase your chances of winning.
2026-04-20 22:40:59  DEBUG     +917187907380    SUCCESS   Thanks for participating! 1 image submitted successfully.
Follow us on Instagram to increase your chances of winning.
2026-04-20 22:41:08  DEBUG     +918760346806    SUCCESS   Thanks for participating! 1 image submitted successfully.
Follow us on Instagram to increase your chances of winning.
2026-04-20 22:41:19  DEBUG     +916051651772    SUCCESS   Thanks for participating! 1 image submitted successfully.
Follow us on Instagram to increase your chances of winning.
2026-04-20 22:41:19  DEBUG     Batch 18/50 — 5 pair(s)
2026-04-20 22:41:28  DEBUG     +916864935579    SUCCESS   Thanks for participating! 1 image submitted successfully.
Follow us on Instagram to increase your chances of winning.
2026-04-20 22:41:39  DEBUG     +917546751657    SUCCESS   Thanks for participating! 1 image submitted successfully.
Follow us on Instagram to increase your chances of winning.
2026-04-20 22:41:48  DEBUG     +918126743372    SUCCESS   Thanks for participating! 1 image submitted successfully.
Follow us on Instagram to increase your chances of winning.
2026-04-20 22:41:56  DEBUG     +918266468021    SUCCESS   Thanks for participating! 1 image submitted successfully.
Follow us on Instagram to increase your chances of winning.
2026-04-20 22:42:07  DEBUG     +917791908909    SUCCESS   Thanks for participating! 1 image submitted successfully.
Follow us on Instagram to increase your chances of winning.
2026-04-20 22:42:07  DEBUG     Batch 19/50 — 5 pair(s)
2026-04-20 22:42:16  DEBUG     +916872574780    SUCCESS   Thanks for participating! 1 image submitted successfully.
Follow us on Instagram to increase your chances of winning.
2026-04-20 22:42:24  DEBUG     +918833645986    SUCCESS   Thanks for participating! 1 image submitted successfully.
Follow us on Instagram to increase your chances of winning.
2026-04-20 22:42:32  DEBUG     +919760010989    SUCCESS   Thanks for participating! 1 image submitted successfully.
Follow us on Instagram to increase your chances of winning.
2026-04-20 22:42:40  DEBUG     +919996578932    SUCCESS   Thanks for participating! 1 image submitted successfully.
Follow us on Instagram to increase your chances of winning.
2026-04-20 22:42:50  DEBUG     +919390120528    SUCCESS   Thanks for participating! 1 image submitted successfully.
Follow us on Instagram to increase your chances of winning.
2026-04-20 22:42:50  DEBUG     Batch 20/50 — 5 pair(s)
2026-04-20 22:42:57  DEBUG     +918888545506    SUCCESS   Thanks for participating! 1 image submitted successfully.
Follow us on Instagram to increase your chances of winning.
2026-04-20 22:43:06  DEBUG     +919251280413    SUCCESS   Thanks for participating! 1 image submitted successfully.
Follow us on Instagram to increase your chances of winning.
2026-04-20 22:43:14  DEBUG     +918799257590    SUCCESS   Thanks for participating! 1 image submitted successfully.
Follow us on Instagram to increase your chances of winning.
2026-04-20 22:43:22  DEBUG     +919579872102    SUCCESS   Thanks for participating! 1 image submitted successfully.
Follow us on Instagram to increase your chances of winning.
2026-04-20 22:43:32  DEBUG     +917831663167    SUCCESS   Thanks for participating! 1 image submitted successfully.
Follow us on Instagram to increase your chances of winning.
2026-04-20 22:43:32  DEBUG     Batch 21/50 — 5 pair(s)
2026-04-20 22:43:40  DEBUG     +916376117857    SUCCESS   Thanks for participating! 1 image submitted successfully.
Follow us on Instagram to increase your chances of winning.
2026-04-20 22:43:51  DEBUG     +919685185735    SUCCESS   Thanks for participating! 1 image submitted successfully.
Follow us on Instagram to increase your chances of winning.
2026-04-20 22:43:59  DEBUG     +917636835208    SUCCESS   Thanks for participating! 1 image submitted successfully.
Follow us on Instagram to increase your chances of winning.
2026-04-20 22:44:13  DEBUG     +918575400580    SUCCESS   Thanks for participating! 1 image submitted successfully.
Follow us on Instagram to increase your chances of winning.
2026-04-20 22:44:21  DEBUG     +918883152031    SUCCESS   Thanks for participating! 1 image submitted successfully.
Follow us on Instagram to increase your chances of winning.
2026-04-20 22:44:21  DEBUG     Batch 22/50 — 5 pair(s)
2026-04-20 22:44:29  DEBUG     +917791427586    SUCCESS   Thanks for participating! 1 image submitted successfully.
Follow us on Instagram to increase your chances of winning.
2026-04-20 22:44:48  DEBUG     +917788094712    SUCCESS   Thanks for participating! 1 image submitted successfully.
Follow us on Instagram to increase your chances of winning.
2026-04-20 22:44:59  DEBUG     +918199208536    SUCCESS   Thanks for participating! 1 image submitted successfully.
Follow us on Instagram to increase your chances of winning.
2026-04-20 22:45:14  DEBUG     +919140748247    SUCCESS   Thanks for participating! 1 image submitted successfully.
Follow us on Instagram to increase your chances of winning.
2026-04-20 22:45:22  DEBUG     +919484619246    SUCCESS   Thanks for participating! 1 image submitted successfully.
Follow us on Instagram to increase your chances of winning.
2026-04-20 22:45:22  DEBUG     Batch 23/50 — 5 pair(s)
2026-04-20 22:45:31  DEBUG     +919545043169    SUCCESS   Thanks for participating! 1 image submitted successfully.
Follow us on Instagram to increase your chances of winning.
2026-04-20 22:45:38  DEBUG     +918714625130    SUCCESS   Thanks for participating! 1 image submitted successfully.
Follow us on Instagram to increase your chances of winning.
2026-04-20 22:45:46  DEBUG     +917548774257    SUCCESS   Thanks for participating! 1 image submitted successfully.
Follow us on Instagram to increase your chances of winning.
2026-04-20 22:45:57  DEBUG     +916052352900    SUCCESS   Thanks for participating! 1 image submitted successfully.
Follow us on Instagram to increase your chances of winning.
2026-04-20 22:46:08  DEBUG     +919245978342    SUCCESS   Thanks for participating! 1 image submitted successfully.
Follow us on Instagram to increase your chances of winning.
2026-04-20 22:46:08  DEBUG     Batch 24/50 — 5 pair(s)
2026-04-20 22:46:16  DEBUG     +918627747972    SUCCESS   Thanks for participating! 1 image submitted successfully.
Follow us on Instagram to increase your chances of winning.
2026-04-20 22:46:25  DEBUG     +919493862950    SUCCESS   Thanks for participating! 1 image submitted successfully.
Follow us on Instagram to increase your chances of winning.
2026-04-20 22:46:42  DEBUG     +918020614092    SUCCESS   Thanks for participating! 1 image submitted successfully.
Follow us on Instagram to increase your chances of winning.
2026-04-20 22:46:54  DEBUG     +916137980304    SUCCESS   Thanks for participating! 1 image submitted successfully.
Follow us on Instagram to increase your chances of winning.
2026-04-20 22:47:06  DEBUG     +916312723069    SUCCESS   Thanks for participating! 1 image submitted successfully.
Follow us on Instagram to increase your chances of winning.
2026-04-20 22:47:06  DEBUG     Batch 25/50 — 5 pair(s)
2026-04-20 22:47:15  DEBUG     +919683793027    SUCCESS   Thanks for participating! 1 image submitted successfully.
Follow us on Instagram to increase your chances of winning.
2026-04-20 22:47:28  DEBUG     +919801398072    SUCCESS   Thanks for participating! 1 image submitted successfully.
Follow us on Instagram to increase your chances of winning.
2026-04-20 22:47:39  DEBUG     +917166191345    SUCCESS   Thanks for participating! 1 image submitted successfully.
Follow us on Instagram to increase your chances of winning.
2026-04-20 22:47:47  DEBUG     +919974538791    SUCCESS   Thanks for participating! 1 image submitted successfully.
Follow us on Instagram to increase your chances of winning.
2026-04-20 22:47:55  DEBUG     +919285771871    SUCCESS   Thanks for participating! 1 image submitted successfully.
Follow us on Instagram to increase your chances of winning.
2026-04-20 22:47:55  DEBUG     Batch 26/50 — 5 pair(s)
2026-04-20 22:48:07  DEBUG     +916880338936    SUCCESS   Thanks for participating! 1 image submitted successfully.
Follow us on Instagram to increase your chances of winning.
2026-04-20 22:48:18  DEBUG     +918436357334    SUCCESS   Thanks for participating! 1 image submitted successfully.
Follow us on Instagram to increase your chances of winning.
2026-04-20 22:48:30  DEBUG     +917731364558    SUCCESS   Thanks for participating! 1 image submitted successfully.
Follow us on Instagram to increase your chances of winning.
2026-04-20 22:48:38  DEBUG     +916475245602    SUCCESS   Thanks for participating! 1 image submitted successfully.
Follow us on Instagram to increase your chances of winning.
2026-04-20 22:48:47  DEBUG     +917474373177    SUCCESS   Thanks for participating! 1 image submitted successfully.
Follow us on Instagram to increase your chances of winning.
2026-04-20 22:48:47  DEBUG     Batch 27/50 — 5 pair(s)
2026-04-20 22:48:55  DEBUG     +919113175624    SUCCESS   Thanks for participating! 1 image submitted successfully.
Follow us on Instagram to increase your chances of winning.
2026-04-20 22:49:05  DEBUG     +919186551144    SUCCESS   Thanks for participating! 1 image submitted successfully.
Follow us on Instagram to increase your chances of winning.
2026-04-20 22:49:13  DEBUG     +918006159986    SUCCESS   Thanks for participating! 1 image submitted successfully.
Follow us on Instagram to increase your chances of winning.
2026-04-20 22:49:30  DEBUG     +917326129928    SUCCESS   Thanks for participating! 1 image submitted successfully.
Follow us on Instagram to increase your chances of winning.
2026-04-20 22:49:38  DEBUG     +916729875473    SUCCESS   Thanks for participating! 1 image submitted successfully.
Follow us on Instagram to increase your chances of winning.
2026-04-20 22:49:38  DEBUG     Batch 28/50 — 5 pair(s)
2026-04-20 22:49:47  DEBUG     +916883404044    SUCCESS   Thanks for participating! 1 image submitted successfully.
Follow us on Instagram to increase your chances of winning.
2026-04-20 22:49:55  DEBUG     +919559505297    SUCCESS   Thanks for participating! 1 image submitted successfully.
Follow us on Instagram to increase your chances of winning.
2026-04-20 22:50:03  DEBUG     +919238935552    SUCCESS   Thanks for participating! 1 image submitted successfully.
Follow us on Instagram to increase your chances of winning.
2026-04-20 22:50:11  DEBUG     +917411667407    SUCCESS   Thanks for participating! 1 image submitted successfully.
Follow us on Instagram to increase your chances of winning.
2026-04-20 22:50:19  DEBUG     +917609194358    SUCCESS   Thanks for participating! 1 image submitted successfully.
Follow us on Instagram to increase your chances of winning.
2026-04-20 22:50:19  DEBUG     Batch 29/50 — 5 pair(s)
2026-04-20 22:50:27  DEBUG     +917238168741    SUCCESS   Thanks for participating! 1 image submitted successfully.
Follow us on Instagram to increase your chances of winning.
2026-04-20 22:50:38  DEBUG     +919005959173    SUCCESS   Thanks for participating! 1 image submitted successfully.
Follow us on Instagram to increase your chances of winning.
2026-04-20 22:50:47  DEBUG     +917877043096    SUCCESS   Thanks for participating! 1 image submitted successfully.
Follow us on Instagram to increase your chances of winning.
2026-04-20 22:50:58  DEBUG     +918163948721    SUCCESS   Thanks for participating! 1 image submitted successfully.
Follow us on Instagram to increase your chances of winning.
2026-04-20 22:51:06  DEBUG     +917097811120    SUCCESS   Thanks for participating! 1 image submitted successfully.
Follow us on Instagram to increase your chances of winning.
2026-04-20 22:51:06  DEBUG     Batch 30/50 — 5 pair(s)
2026-04-20 22:51:15  DEBUG     +917776239846    SUCCESS   Thanks for participating! 1 image submitted successfully.
Follow us on Instagram to increase your chances of winning.
2026-04-20 22:51:23  DEBUG     +919577672403    SUCCESS   Thanks for participating! 1 image submitted successfully.
Follow us on Instagram to increase your chances of winning.
2026-04-20 22:51:31  DEBUG     +916911024778    SUCCESS   Thanks for participating! 1 image submitted successfully.
Follow us on Instagram to increase your chances of winning.
2026-04-20 22:51:42  DEBUG     +916570006177    SUCCESS   Thanks for participating! 1 image submitted successfully.
Follow us on Instagram to increase your chances of winning.
2026-04-20 22:51:51  DEBUG     +919000291406    SUCCESS   Thanks for participating! 1 image submitted successfully.
Follow us on Instagram to increase your chances of winning.
2026-04-20 22:51:51  DEBUG     Batch 31/50 — 5 pair(s)
2026-04-20 22:51:59  DEBUG     +919727246631    SUCCESS   Thanks for participating! 1 image submitted successfully.
Follow us on Instagram to increase your chances of winning.
2026-04-20 22:52:09  DEBUG     +918682797156    SUCCESS   Thanks for participating! 1 image submitted successfully.
Follow us on Instagram to increase your chances of winning.
2026-04-20 22:52:21  DEBUG     +919545843172    SUCCESS   Thanks for participating! 1 image submitted successfully.
Follow us on Instagram to increase your chances of winning.
2026-04-20 22:52:30  DEBUG     +919784440162    SUCCESS   Thanks for participating! 1 image submitted successfully.
Follow us on Instagram to increase your chances of winning.
2026-04-20 22:52:42  DEBUG     +917074029347    SUCCESS   Thanks for participating! 1 image submitted successfully.
Follow us on Instagram to increase your chances of winning.
2026-04-20 22:52:42  DEBUG     Batch 32/50 — 5 pair(s)
2026-04-20 22:52:51  DEBUG     +918694250991    SUCCESS   Thanks for participating! 1 image submitted successfully.
Follow us on Instagram to increase your chances of winning.
2026-04-20 22:53:03  DEBUG     +916230768329    SUCCESS   Thanks for participating! 1 image submitted successfully.
Follow us on Instagram to increase your chances of winning.
2026-04-20 22:53:11  DEBUG     +917744545948    SUCCESS   Thanks for participating! 1 image submitted successfully.
Follow us on Instagram to increase your chances of winning.
2026-04-20 22:53:22  DEBUG     +918241652666    SUCCESS   Thanks for participating! 1 image submitted successfully.
Follow us on Instagram to increase your chances of winning.
2026-04-20 22:53:32  DEBUG     +917951260502    SUCCESS   Thanks for participating! 1 image submitted successfully.
Follow us on Instagram to increase your chances of winning.
2026-04-20 22:53:32  DEBUG     Batch 33/50 — 5 pair(s)
2026-04-20 22:53:41  DEBUG     +918707156781    SUCCESS   Thanks for participating! 1 image submitted successfully.
Follow us on Instagram to increase your chances of winning.
2026-04-20 22:53:49  DEBUG     +918453337518    SUCCESS   Thanks for participating! 1 image submitted successfully.
Follow us on Instagram to increase your chances of winning.
2026-04-20 22:53:57  DEBUG     +917130367506    SUCCESS   Thanks for participating! 1 image submitted successfully.
Follow us on Instagram to increase your chances of winning.
2026-04-20 22:54:08  DEBUG     +919985173802    SUCCESS   Thanks for participating! 1 image submitted successfully.
Follow us on Instagram to increase your chances of winning.
2026-04-20 22:54:17  DEBUG     +917096739837    SUCCESS   Thanks for participating! 1 image submitted successfully.
Follow us on Instagram to increase your chances of winning.
2026-04-20 22:54:17  DEBUG     Batch 34/50 — 5 pair(s)
2026-04-20 22:54:25  DEBUG     +918925005540    SUCCESS   Thanks for participating! 1 image submitted successfully.
Follow us on Instagram to increase your chances of winning.
2026-04-20 22:54:36  DEBUG     +918282981591    SUCCESS   Thanks for participating! 1 image submitted successfully.
Follow us on Instagram to increase your chances of winning.
2026-04-20 22:54:47  DEBUG     +918956787717    SUCCESS   Thanks for participating! 1 image submitted successfully.
Follow us on Instagram to increase your chances of winning.
2026-04-20 22:54:58  DEBUG     +917261507907    SUCCESS   Thanks for participating! 1 image submitted successfully.
Follow us on Instagram to increase your chances of winning.
2026-04-20 22:55:06  DEBUG     +917097377092    SUCCESS   Thanks for participating! 1 image submitted successfully.
Follow us on Instagram to increase your chances of winning.
2026-04-20 22:55:06  DEBUG     Batch 35/50 — 5 pair(s)
2026-04-20 22:55:14  DEBUG     +916420254638    SUCCESS   Thanks for participating! 1 image submitted successfully.
Follow us on Instagram to increase your chances of winning.
2026-04-20 22:55:22  DEBUG     +917049473279    SUCCESS   Thanks for participating! 1 image submitted successfully.
Follow us on Instagram to increase your chances of winning.
2026-04-20 22:55:30  DEBUG     +919212195772    SUCCESS   Thanks for participating! 1 image submitted successfully.
Follow us on Instagram to increase your chances of winning.
2026-04-20 22:55:39  DEBUG     +916123507101    SUCCESS   Thanks for participating! 1 image submitted successfully.
Follow us on Instagram to increase your chances of winning.
2026-04-20 22:55:47  DEBUG     +919057379346    SUCCESS   Thanks for participating! 1 image submitted successfully.
Follow us on Instagram to increase your chances of winning.
2026-04-20 22:55:47  DEBUG     Batch 36/50 — 5 pair(s)
2026-04-20 22:55:58  DEBUG     +918322744509    SUCCESS   Thanks for participating! 1 image submitted successfully.
Follow us on Instagram to increase your chances of winning.
2026-04-20 22:56:07  DEBUG     +919217027516    SUCCESS   Thanks for participating! 1 image submitted successfully.
Follow us on Instagram to increase your chances of winning.
2026-04-20 22:56:15  DEBUG     +918408030249    SUCCESS   Thanks for participating! 1 image submitted successfully.
Follow us on Instagram to increase your chances of winning.
2026-04-20 22:56:27  DEBUG     +918399637052    SUCCESS   Thanks for participating! 1 image submitted successfully.
Follow us on Instagram to increase your chances of winning.
2026-04-20 22:56:35  DEBUG     +917988207378    SUCCESS   Thanks for participating! 1 image submitted successfully.
Follow us on Instagram to increase your chances of winning.
2026-04-20 22:56:35  DEBUG     Batch 37/50 — 5 pair(s)
2026-04-20 22:56:43  DEBUG     +917126075020    SUCCESS   Thanks for participating! 1 image submitted successfully.
Follow us on Instagram to increase your chances of winning.
2026-04-20 22:56:51  DEBUG     +917539561429    SUCCESS   Thanks for participating! 1 image submitted successfully.
Follow us on Instagram to increase your chances of winning.
2026-04-20 22:57:02  DEBUG     +916257533287    SUCCESS   Thanks for participating! 1 image submitted successfully.
Follow us on Instagram to increase your chances of winning.
2026-04-20 22:57:10  DEBUG     +918334389012    SUCCESS   Thanks for participating! 1 image submitted successfully.
Follow us on Instagram to increase your chances of winning.
2026-04-20 22:57:18  DEBUG     +919215477193    SUCCESS   Thanks for participating! 1 image submitted successfully.
Follow us on Instagram to increase your chances of winning.
2026-04-20 22:57:18  DEBUG     Batch 38/50 — 5 pair(s)
2026-04-20 22:57:27  DEBUG     +916585425808    SUCCESS   Thanks for participating! 1 image submitted successfully.
Follow us on Instagram to increase your chances of winning.
2026-04-20 22:57:34  DEBUG     +918236647820    SUCCESS   Thanks for participating! 1 image submitted successfully.
Follow us on Instagram to increase your chances of winning.
2026-04-20 22:57:42  DEBUG     +919045362259    SUCCESS   Thanks for participating! 1 image submitted successfully.
Follow us on Instagram to increase your chances of winning.
2026-04-20 22:57:51  DEBUG     +918841701465    SUCCESS   Thanks for participating! 1 image submitted successfully.
Follow us on Instagram to increase your chances of winning.
2026-04-20 22:57:58  DEBUG     +917225818511    SUCCESS   Thanks for participating! 1 image submitted successfully.
Follow us on Instagram to increase your chances of winning.
2026-04-20 22:57:58  DEBUG     Batch 39/50 — 5 pair(s)
2026-04-20 22:58:07  DEBUG     +916897813866    SUCCESS   Thanks for participating! 1 image submitted successfully.
Follow us on Instagram to increase your chances of winning.
2026-04-20 22:58:15  DEBUG     +917254842491    SUCCESS   Thanks for participating! 1 image submitted successfully.
Follow us on Instagram to increase your chances of winning.
2026-04-20 22:58:23  DEBUG     +918368542013    SUCCESS   Thanks for participating! 1 image submitted successfully.
Follow us on Instagram to increase your chances of winning.
2026-04-20 22:58:33  DEBUG     +917002174667    SUCCESS   Thanks for participating! 1 image submitted successfully.
Follow us on Instagram to increase your chances of winning.
2026-04-20 22:58:40  DEBUG     +916766190252    SUCCESS   Thanks for participating! 1 image submitted successfully.
Follow us on Instagram to increase your chances of winning.
2026-04-20 22:58:40  DEBUG     Batch 40/50 — 5 pair(s)
2026-04-20 22:58:48  DEBUG     +916807658466    SUCCESS   Thanks for participating! 1 image submitted successfully.
Follow us on Instagram to increase your chances of winning.
2026-04-20 22:58:57  DEBUG     +919187987535    SUCCESS   Thanks for participating! 1 image submitted successfully.
Follow us on Instagram to increase your chances of winning.
2026-04-20 22:59:05  DEBUG     +919786459420    SUCCESS   Thanks for participating! 1 image submitted successfully.
Follow us on Instagram to increase your chances of winning.
2026-04-20 22:59:13  DEBUG     +919714281073    SUCCESS   Thanks for participating! 1 image submitted successfully.
Follow us on Instagram to increase your chances of winning.
2026-04-20 22:59:21  DEBUG     +919781624746    SUCCESS   Thanks for participating! 1 image submitted successfully.
Follow us on Instagram to increase your chances of winning.
2026-04-20 22:59:21  DEBUG     Batch 41/50 — 5 pair(s)
2026-04-20 22:59:29  DEBUG     +916358521694    SUCCESS   Thanks for participating! 1 image submitted successfully.
Follow us on Instagram to increase your chances of winning.
2026-04-20 22:59:37  DEBUG     +916950135648    SUCCESS   Thanks for participating! 1 image submitted successfully.
Follow us on Instagram to increase your chances of winning.
2026-04-20 22:59:45  DEBUG     +918292740011    SUCCESS   Thanks for participating! 1 image submitted successfully.
Follow us on Instagram to increase your chances of winning.
2026-04-20 22:59:53  DEBUG     +919657311026    SUCCESS   Thanks for participating! 1 image submitted successfully.
Follow us on Instagram to increase your chances of winning.
2026-04-20 23:00:03  DEBUG     +916617771094    SUCCESS   Thanks for participating! 1 image submitted successfully.
Follow us on Instagram to increase your chances of winning.
2026-04-20 23:00:03  DEBUG     Batch 42/50 — 5 pair(s)
2026-04-20 23:00:12  DEBUG     +917570535349    SUCCESS   Thanks for participating! 1 image submitted successfully.
Follow us on Instagram to increase your chances of winning.
2026-04-20 23:00:20  DEBUG     +916986947533    SUCCESS   Thanks for participating! 1 image submitted successfully.
Follow us on Instagram to increase your chances of winning.
2026-04-20 23:00:31  DEBUG     +917402623820    SUCCESS   Thanks for participating! 1 image submitted successfully.
Follow us on Instagram to increase your chances of winning.
2026-04-20 23:00:38  DEBUG     +918791952157    SUCCESS   Thanks for participating! 1 image submitted successfully.
Follow us on Instagram to increase your chances of winning.
2026-04-20 23:00:47  DEBUG     +919356494611    SUCCESS   Thanks for participating! 1 image submitted successfully.
Follow us on Instagram to increase your chances of winning.
2026-04-20 23:00:47  DEBUG     Batch 43/50 — 5 pair(s)
2026-04-20 23:01:03  DEBUG     +916792828181    SUCCESS   Thanks for participating! 1 image submitted successfully.
Follow us on Instagram to increase your chances of winning.
2026-04-20 23:01:19  DEBUG     +917900789383    SUCCESS   Thanks for participating! 1 image submitted successfully.
Follow us on Instagram to increase your chances of winning.
2026-04-20 23:01:27  DEBUG     +919222282210    SUCCESS   Thanks for participating! 1 image submitted successfully.
Follow us on Instagram to increase your chances of winning.
2026-04-20 23:01:35  DEBUG     +916380030697    SUCCESS   Thanks for participating! 1 image submitted successfully.
Follow us on Instagram to increase your chances of winning.
2026-04-20 23:01:43  DEBUG     +917015028431    SUCCESS   Thanks for participating! 1 image submitted successfully.
Follow us on Instagram to increase your chances of winning.
2026-04-20 23:01:43  DEBUG     Batch 44/50 — 5 pair(s)
2026-04-20 23:01:51  DEBUG     +919783740713    SUCCESS   Thanks for participating! 1 image submitted successfully.
Follow us on Instagram to increase your chances of winning.
2026-04-20 23:01:59  DEBUG     +916156712748    SUCCESS   Thanks for participating! 1 image submitted successfully.
Follow us on Instagram to increase your chances of winning.
2026-04-20 23:02:08  DEBUG     +919222698673    SUCCESS   Thanks for participating! 1 image submitted successfully.
Follow us on Instagram to increase your chances of winning.
2026-04-20 23:02:19  DEBUG     +919478666770    SUCCESS   Thanks for participating! 1 image submitted successfully.
Follow us on Instagram to increase your chances of winning.
2026-04-20 23:02:27  DEBUG     +918367699959    SUCCESS   Thanks for participating! 1 image submitted successfully.
Follow us on Instagram to increase your chances of winning.
2026-04-20 23:02:27  DEBUG     Batch 45/50 — 5 pair(s)
2026-04-20 23:02:35  DEBUG     +919194480141    SUCCESS   Thanks for participating! 1 image submitted successfully.
Follow us on Instagram to increase your chances of winning.
2026-04-20 23:02:44  DEBUG     +918413654221    SUCCESS   Thanks for participating! 1 image submitted successfully.
Follow us on Instagram to increase your chances of winning.
2026-04-20 23:02:55  DEBUG     +918063923296    SUCCESS   Thanks for participating! 1 image submitted successfully.
Follow us on Instagram to increase your chances of winning.
2026-04-20 23:03:06  DEBUG     +916291367838    SUCCESS   Thanks for participating! 1 image submitted successfully.
Follow us on Instagram to increase your chances of winning.
2026-04-20 23:03:14  DEBUG     +917059185443    SUCCESS   Thanks for participating! 1 image submitted successfully.
Follow us on Instagram to increase your chances of winning.
2026-04-20 23:03:14  DEBUG     Batch 46/50 — 5 pair(s)
2026-04-20 23:03:22  DEBUG     +916251945252    SUCCESS   Thanks for participating! 1 image submitted successfully.
Follow us on Instagram to increase your chances of winning.
2026-04-20 23:03:33  DEBUG     +916462201458    SUCCESS   Thanks for participating! 1 image submitted successfully.
Follow us on Instagram to increase your chances of winning.
2026-04-20 23:03:41  DEBUG     +919996606034    SUCCESS   Thanks for participating! 1 image submitted successfully.
Follow us on Instagram to increase your chances of winning.
2026-04-20 23:03:52  DEBUG     +918244222433    SUCCESS   Thanks for participating! 1 image submitted successfully.
Follow us on Instagram to increase your chances of winning.
2026-04-20 23:04:01  DEBUG     +919120044766    SUCCESS   Thanks for participating! 1 image submitted successfully.
Follow us on Instagram to increase your chances of winning.
2026-04-20 23:04:01  DEBUG     Batch 47/50 — 5 pair(s)
2026-04-20 23:04:09  DEBUG     +916133973619    SUCCESS   Thanks for participating! 1 image submitted successfully.
Follow us on Instagram to increase your chances of winning.
2026-04-20 23:04:17  DEBUG     +918026440197    SUCCESS   Thanks for participating! 1 image submitted successfully.
Follow us on Instagram to increase your chances of winning.
2026-04-20 23:04:25  DEBUG     +919375280735    SUCCESS   Thanks for participating! 1 image submitted successfully.
Follow us on Instagram to increase your chances of winning.
2026-04-20 23:04:36  DEBUG     +917675347024    SUCCESS   Thanks for participating! 1 image submitted successfully.
Follow us on Instagram to increase your chances of winning.
2026-04-20 23:04:45  DEBUG     +917154988310    SUCCESS   Thanks for participating! 1 image submitted successfully.
Follow us on Instagram to increase your chances of winning.
2026-04-20 23:04:45  DEBUG     Batch 48/50 — 5 pair(s)
2026-04-20 23:04:57  DEBUG     +918607007282    SUCCESS   Thanks for participating! 1 image submitted successfully.
Follow us on Instagram to increase your chances of winning.
2026-04-20 23:05:05  DEBUG     +917795182439    SUCCESS   Thanks for participating! 1 image submitted successfully.
Follow us on Instagram to increase your chances of winning.
2026-04-20 23:05:15  DEBUG     +918424267845    SUCCESS   Thanks for participating! 1 image submitted successfully.
Follow us on Instagram to increase your chances of winning.
2026-04-20 23:05:25  DEBUG     +916483111009    SUCCESS   Thanks for participating! 1 image submitted successfully.
Follow us on Instagram to increase your chances of winning.
2026-04-20 23:05:33  DEBUG     +916340923786    SUCCESS   Thanks for participating! 1 image submitted successfully.
Follow us on Instagram to increase your chances of winning.
2026-04-20 23:05:33  DEBUG     Batch 49/50 — 5 pair(s)
2026-04-20 23:05:41  DEBUG     +919714530932    SUCCESS   Thanks for participating! 1 image submitted successfully.
Follow us on Instagram to increase your chances of winning.
2026-04-20 23:05:50  DEBUG     +919072793913    SUCCESS   Thanks for participating! 1 image submitted successfully.
Follow us on Instagram to increase your chances of winning.
2026-04-20 23:05:58  DEBUG     +917658839129    SUCCESS   Thanks for participating! 1 image submitted successfully.
Follow us on Instagram to increase your chances of winning.
2026-04-20 23:06:07  DEBUG     +916050059641    SUCCESS   Thanks for participating! 1 image submitted successfully.
Follow us on Instagram to increase your chances of winning.
2026-04-20 23:06:15  DEBUG     +918176988131    SUCCESS   Thanks for participating! 1 image submitted successfully.
Follow us on Instagram to increase your chances of winning.
2026-04-20 23:06:15  DEBUG     Batch 50/50 — 5 pair(s)
2026-04-20 23:06:27  DEBUG     +917992639175    SUCCESS   Thanks for participating! 1 image submitted successfully.
Follow us on Instagram to increase your chances of winning.
2026-04-20 23:06:36  DEBUG     +917332571256    SUCCESS   Thanks for participating! 1 image submitted successfully.
Follow us on Instagram to increase your chances of winning.
2026-04-20 23:06:46  DEBUG     +918837278743    SUCCESS   Thanks for participating! 1 image submitted successfully.
Follow us on Instagram to increase your chances of winning.
2026-04-20 23:06:55  DEBUG     +917850032848    SUCCESS   Thanks for participating! 1 image submitted successfully.
Follow us on Instagram to increase your chances of winning.
2026-04-20 23:07:04  DEBUG     +916396392536    SUCCESS   Thanks for participating! 1 image submitted successfully.
Follow us on Instagram to increase your chances of winning.
2026-04-20 23:07:04  INFO      Exporting results…
2026-04-20 23:07:04  INFO      Successful numbers → /home/amaan/green-automation/successful_numbers.csv
2026-04-20 23:07:04  INFO      Failed numbers     → /home/amaan/green-automation/failed_numbers.csv
2026-04-20 23:07:04  INFO      Run complete — attempted=2852  success=2783  failed=69
2026-04-20 23:07:04  INFO      Cleaning up images folder…
2026-04-20 23:07:05  INFO      Images folder removed.
2026-04-20 23:07:05  INFO      Run finished.
2026-04-20 23:37:43  INFO      Run started — count=250  batch_size=5  dry_run=False  resume=True
2026-04-20 23:37:43  INFO      --resume: no exhausted numbers found, nothing to skip
2026-04-20 23:37:43  INFO      Generating phone numbers…
2026-04-20 23:37:43  INFO      Generated 250 phone number(s) (0 skipped via --resume)
2026-04-20 23:37:43  INFO      Generating 250 image(s)…
2026-04-20 23:37:56  INFO      Images written to: /home/amaan/green-automation/images
2026-04-20 23:37:56  INFO      Starting live registrations in batches of 5…
2026-04-20 23:37:56  DEBUG     Batch 1/50 — 5 pair(s)
2026-04-20 23:38:12  DEBUG     +917660677368    SUCCESS   Thanks for participating! 1 image submitted successfully.
Follow us on Instagram to increase your chances of winning.
2026-04-20 23:38:23  DEBUG     +916925065447    SUCCESS   Thanks for participating! 1 image submitted successfully.
Follow us on Instagram to increase your chances of winning.
2026-04-20 23:38:31  DEBUG     +919121393044    SUCCESS   Thanks for participating! 1 image submitted successfully.
Follow us on Instagram to increase your chances of winning.
2026-04-20 23:38:39  DEBUG     +916105160231    SUCCESS   Thanks for participating! 1 image submitted successfully.
Follow us on Instagram to increase your chances of winning.
2026-04-20 23:38:49  DEBUG     +919194055835    SUCCESS   Thanks for participating! 1 image submitted successfully.
Follow us on Instagram to increase your chances of winning.
2026-04-20 23:38:49  DEBUG     Batch 2/50 — 5 pair(s)
2026-04-20 23:38:57  DEBUG     +916351402164    SUCCESS   Thanks for participating! 1 image submitted successfully.
Follow us on Instagram to increase your chances of winning.
2026-04-20 23:39:08  DEBUG     +918624468673    SUCCESS   Thanks for participating! 1 image submitted successfully.
Follow us on Instagram to increase your chances of winning.
2026-04-20 23:39:17  DEBUG     +918858569510    SUCCESS   Thanks for participating! 1 image submitted successfully.
Follow us on Instagram to increase your chances of winning.
2026-04-20 23:39:25  DEBUG     +918846186748    SUCCESS   Thanks for participating! 1 image submitted successfully.
Follow us on Instagram to increase your chances of winning.
2026-04-20 23:39:33  DEBUG     +917541891081    SUCCESS   Thanks for participating! 1 image submitted successfully.
Follow us on Instagram to increase your chances of winning.
2026-04-20 23:39:33  DEBUG     Batch 3/50 — 5 pair(s)
2026-04-20 23:39:44  DEBUG     +916723274080    SUCCESS   Thanks for participating! 1 image submitted successfully.
Follow us on Instagram to increase your chances of winning.
2026-04-20 23:39:53  DEBUG     +919670401237    SUCCESS   Thanks for participating! 1 image submitted successfully.
Follow us on Instagram to increase your chances of winning.
2026-04-20 23:40:04  DEBUG     +916549276509    SUCCESS   Thanks for participating! 1 image submitted successfully.
Follow us on Instagram to increase your chances of winning.
2026-04-20 23:40:13  DEBUG     +918515281394    SUCCESS   Thanks for participating! 1 image submitted successfully.
Follow us on Instagram to increase your chances of winning.
2026-04-20 23:40:24  DEBUG     +916394025837    SUCCESS   Thanks for participating! 1 image submitted successfully.
Follow us on Instagram to increase your chances of winning.
2026-04-20 23:40:24  DEBUG     Batch 4/50 — 5 pair(s)
2026-04-20 23:40:32  DEBUG     +917383689514    SUCCESS   Thanks for participating! 1 image submitted successfully.
Follow us on Instagram to increase your chances of winning.
2026-04-20 23:40:41  DEBUG     +918417237657    SUCCESS   Thanks for participating! 1 image submitted successfully.
Follow us on Instagram to increase your chances of winning.
2026-04-20 23:40:49  DEBUG     +918669481268    SUCCESS   Thanks for participating! 1 image submitted successfully.
Follow us on Instagram to increase your chances of winning.
2026-04-20 23:41:00  DEBUG     +916154760216    SUCCESS   Thanks for participating! 1 image submitted successfully.
Follow us on Instagram to increase your chances of winning.
2026-04-20 23:41:08  DEBUG     +916287049985    SUCCESS   Thanks for participating! 1 image submitted successfully.
Follow us on Instagram to increase your chances of winning.
2026-04-20 23:41:08  DEBUG     Batch 5/50 — 5 pair(s)
2026-04-20 23:41:16  DEBUG     +916998298845    SUCCESS   Thanks for participating! 1 image submitted successfully.
Follow us on Instagram to increase your chances of winning.
2026-04-20 23:41:24  DEBUG     +916503271601    SUCCESS   Thanks for participating! 1 image submitted successfully.
Follow us on Instagram to increase your chances of winning.
2026-04-20 23:41:33  DEBUG     +916876600097    SUCCESS   Thanks for participating! 1 image submitted successfully.
Follow us on Instagram to increase your chances of winning.
2026-04-20 23:41:41  DEBUG     +918685144770    SUCCESS   Thanks for participating! 1 image submitted successfully.
Follow us on Instagram to increase your chances of winning.
2026-04-20 23:41:52  DEBUG     +919573917735    SUCCESS   Thanks for participating! 1 image submitted successfully.
Follow us on Instagram to increase your chances of winning.
2026-04-20 23:41:52  DEBUG     Batch 6/50 — 5 pair(s)
2026-04-20 23:42:00  DEBUG     +917924414668    SUCCESS   Thanks for participating! 1 image submitted successfully.
Follow us on Instagram to increase your chances of winning.
2026-04-20 23:42:09  DEBUG     +917043129823    SUCCESS   Thanks for participating! 1 image submitted successfully.
Follow us on Instagram to increase your chances of winning.
2026-04-20 23:42:17  DEBUG     +919972307354    SUCCESS   Thanks for participating! 1 image submitted successfully.
Follow us on Instagram to increase your chances of winning.
2026-04-20 23:42:25  DEBUG     +917101423307    SUCCESS   Thanks for participating! 1 image submitted successfully.
Follow us on Instagram to increase your chances of winning.
2026-04-20 23:42:36  DEBUG     +919578276182    SUCCESS   Thanks for participating! 1 image submitted successfully.
Follow us on Instagram to increase your chances of winning.
2026-04-20 23:42:36  DEBUG     Batch 7/50 — 5 pair(s)
2026-04-20 23:42:46  DEBUG     +917469897146    SUCCESS   Thanks for participating! 1 image submitted successfully.
Follow us on Instagram to increase your chances of winning.
2026-04-20 23:42:55  DEBUG     +919477419958    SUCCESS   Thanks for participating! 1 image submitted successfully.
Follow us on Instagram to increase your chances of winning.
2026-04-20 23:43:04  DEBUG     +917212684581    SUCCESS   Thanks for participating! 1 image submitted successfully.
Follow us on Instagram to increase your chances of winning.
2026-04-20 23:43:13  DEBUG     +917357692915    SUCCESS   Thanks for participating! 1 image submitted successfully.
Follow us on Instagram to increase your chances of winning.
2026-04-20 23:43:21  DEBUG     +916687574671    SUCCESS   Thanks for participating! 1 image submitted successfully.
Follow us on Instagram to increase your chances of winning.
2026-04-20 23:43:21  DEBUG     Batch 8/50 — 5 pair(s)
2026-04-20 23:43:30  DEBUG     +916701021296    SUCCESS   Thanks for participating! 1 image submitted successfully.
Follow us on Instagram to increase your chances of winning.
2026-04-20 23:43:38  DEBUG     +917278292073    SUCCESS   Thanks for participating! 1 image submitted successfully.
Follow us on Instagram to increase your chances of winning.
2026-04-20 23:43:48  DEBUG     +917156761195    SUCCESS   Thanks for participating! 1 image submitted successfully.
Follow us on Instagram to increase your chances of winning.
2026-04-20 23:43:57  DEBUG     +917243917077    SUCCESS   Thanks for participating! 1 image submitted successfully.
Follow us on Instagram to increase your chances of winning.
2026-04-20 23:44:08  DEBUG     +919908391411    SUCCESS   Thanks for participating! 1 image submitted successfully.
Follow us on Instagram to increase your chances of winning.
2026-04-20 23:44:08  DEBUG     Batch 9/50 — 5 pair(s)
2026-04-20 23:44:17  DEBUG     +919293577991    SUCCESS   Thanks for participating! 1 image submitted successfully.
Follow us on Instagram to increase your chances of winning.
2026-04-20 23:44:24  DEBUG     +916148335584    SUCCESS   Thanks for participating! 1 image submitted successfully.
Follow us on Instagram to increase your chances of winning.
2026-04-20 23:44:32  DEBUG     +919530929286    SUCCESS   Thanks for participating! 1 image submitted successfully.
Follow us on Instagram to increase your chances of winning.
2026-04-20 23:44:41  DEBUG     +917822865756    SUCCESS   Thanks for participating! 1 image submitted successfully.
Follow us on Instagram to increase your chances of winning.
2026-04-20 23:44:52  DEBUG     +918261766026    SUCCESS   Thanks for participating! 1 image submitted successfully.
Follow us on Instagram to increase your chances of winning.
2026-04-20 23:44:52  DEBUG     Batch 10/50 — 5 pair(s)
2026-04-20 23:45:01  DEBUG     +919261192913    SUCCESS   Thanks for participating! 1 image submitted successfully.
Follow us on Instagram to increase your chances of winning.
2026-04-20 23:45:08  DEBUG     +917593724360    SUCCESS   Thanks for participating! 1 image submitted successfully.
Follow us on Instagram to increase your chances of winning.
2026-04-20 23:45:17  DEBUG     +919616972220    SUCCESS   Thanks for participating! 1 image submitted successfully.
Follow us on Instagram to increase your chances of winning.
2026-04-20 23:45:25  DEBUG     +916580350655    SUCCESS   Thanks for participating! 1 image submitted successfully.
Follow us on Instagram to increase your chances of winning.
2026-04-20 23:45:36  DEBUG     +916993006958    SUCCESS   Thanks for participating! 1 image submitted successfully.
Follow us on Instagram to increase your chances of winning.
2026-04-20 23:45:36  DEBUG     Batch 11/50 — 5 pair(s)
2026-04-20 23:45:45  DEBUG     +918227927389    SUCCESS   Thanks for participating! 1 image submitted successfully.
Follow us on Instagram to increase your chances of winning.
2026-04-20 23:45:59  DEBUG     +918703308315    SUCCESS   Thanks for participating! 1 image submitted successfully.
Follow us on Instagram to increase your chances of winning.
2026-04-20 23:46:10  DEBUG     +918559167440    SUCCESS   Thanks for participating! 1 image submitted successfully.
Follow us on Instagram to increase your chances of winning.
2026-04-20 23:46:19  DEBUG     +916633026224    SUCCESS   Thanks for participating! 1 image submitted successfully.
Follow us on Instagram to increase your chances of winning.
2026-04-20 23:46:27  DEBUG     +918561986136    SUCCESS   Thanks for participating! 1 image submitted successfully.
Follow us on Instagram to increase your chances of winning.
2026-04-20 23:46:27  DEBUG     Batch 12/50 — 5 pair(s)
2026-04-20 23:46:38  DEBUG     +919893364845    SUCCESS   Thanks for participating! 1 image submitted successfully.
Follow us on Instagram to increase your chances of winning.
2026-04-20 23:46:49  DEBUG     +916391657121    SUCCESS   Thanks for participating! 1 image submitted successfully.
Follow us on Instagram to increase your chances of winning.
2026-04-20 23:46:57  DEBUG     +916521027075    SUCCESS   Thanks for participating! 1 image submitted successfully.
Follow us on Instagram to increase your chances of winning.
2026-04-20 23:47:05  DEBUG     +916554684217    SUCCESS   Thanks for participating! 1 image submitted successfully.
Follow us on Instagram to increase your chances of winning.
2026-04-20 23:47:13  DEBUG     +918432399295    SUCCESS   Thanks for participating! 1 image submitted successfully.
Follow us on Instagram to increase your chances of winning.
2026-04-20 23:47:13  DEBUG     Batch 13/50 — 5 pair(s)
2026-04-20 23:47:21  DEBUG     +917512656157    SUCCESS   Thanks for participating! 1 image submitted successfully.
Follow us on Instagram to increase your chances of winning.
2026-04-20 23:47:30  DEBUG     +918016869826    SUCCESS   Thanks for participating! 1 image submitted successfully.
Follow us on Instagram to increase your chances of winning.
2026-04-20 23:47:41  DEBUG     +919433767610    SUCCESS   Thanks for participating! 1 image submitted successfully.
Follow us on Instagram to increase your chances of winning.
2026-04-20 23:47:52  DEBUG     +918136281747    SUCCESS   Thanks for participating! 1 image submitted successfully.
Follow us on Instagram to increase your chances of winning.
2026-04-20 23:48:03  DEBUG     +919248443717    SUCCESS   Thanks for participating! 1 image submitted successfully.
Follow us on Instagram to increase your chances of winning.
2026-04-20 23:48:03  DEBUG     Batch 14/50 — 5 pair(s)
2026-04-20 23:48:14  DEBUG     +916471954006    SUCCESS   Thanks for participating! 1 image submitted successfully.
Follow us on Instagram to increase your chances of winning.
2026-04-20 23:48:23  DEBUG     +918435023264    SUCCESS   Thanks for participating! 1 image submitted successfully.
Follow us on Instagram to increase your chances of winning.
2026-04-20 23:48:32  DEBUG     +916595173923    SUCCESS   Thanks for participating! 1 image submitted successfully.
Follow us on Instagram to increase your chances of winning.
2026-04-20 23:48:40  DEBUG     +917171271758    SUCCESS   Thanks for participating! 1 image submitted successfully.
Follow us on Instagram to increase your chances of winning.
2026-04-20 23:48:50  DEBUG     +919853628845    SUCCESS   Thanks for participating! 1 image submitted successfully.
Follow us on Instagram to increase your chances of winning.
2026-04-20 23:48:50  DEBUG     Batch 15/50 — 5 pair(s)
2026-04-20 23:48:59  DEBUG     +918973233375    SUCCESS   Thanks for participating! 1 image submitted successfully.
Follow us on Instagram to increase your chances of winning.
2026-04-20 23:49:07  DEBUG     +918968735993    SUCCESS   Thanks for participating! 1 image submitted successfully.
Follow us on Instagram to increase your chances of winning.
2026-04-20 23:49:15  DEBUG     +919727516911    SUCCESS   Thanks for participating! 1 image submitted successfully.
Follow us on Instagram to increase your chances of winning.
2026-04-20 23:49:26  DEBUG     +917540713845    SUCCESS   Thanks for participating! 1 image submitted successfully.
Follow us on Instagram to increase your chances of winning.
2026-04-20 23:49:34  DEBUG     +917705232312    SUCCESS   Thanks for participating! 1 image submitted successfully.
Follow us on Instagram to increase your chances of winning.
2026-04-20 23:49:34  DEBUG     Batch 16/50 — 5 pair(s)
2026-04-20 23:49:45  DEBUG     +918674769309    SUCCESS   Thanks for participating! 1 image submitted successfully.
Follow us on Instagram to increase your chances of winning.
2026-04-20 23:49:53  DEBUG     +918861766044    SUCCESS   Thanks for participating! 1 image submitted successfully.
Follow us on Instagram to increase your chances of winning.
2026-04-20 23:50:04  DEBUG     +917115118450    SUCCESS   Thanks for participating! 1 image submitted successfully.
Follow us on Instagram to increase your chances of winning.
2026-04-20 23:50:12  DEBUG     +918443286276    SUCCESS   Thanks for participating! 1 image submitted successfully.
Follow us on Instagram to increase your chances of winning.
2026-04-20 23:50:21  DEBUG     +916141618018    SUCCESS   Thanks for participating! 1 image submitted successfully.
Follow us on Instagram to increase your chances of winning.
2026-04-20 23:50:21  DEBUG     Batch 17/50 — 5 pair(s)
2026-04-20 23:50:29  DEBUG     +916802008237    SUCCESS   Thanks for participating! 1 image submitted successfully.
Follow us on Instagram to increase your chances of winning.
2026-04-20 23:50:40  DEBUG     +916167450835    SUCCESS   Thanks for participating! 1 image submitted successfully.
Follow us on Instagram to increase your chances of winning.
2026-04-20 23:50:48  DEBUG     +918293263122    SUCCESS   Thanks for participating! 1 image submitted successfully.
Follow us on Instagram to increase your chances of winning.
2026-04-20 23:50:57  DEBUG     +919068369146    SUCCESS   Thanks for participating! 1 image submitted successfully.
Follow us on Instagram to increase your chances of winning.
2026-04-20 23:51:04  DEBUG     +919282759346    SUCCESS   Thanks for participating! 1 image submitted successfully.
Follow us on Instagram to increase your chances of winning.
2026-04-20 23:51:04  DEBUG     Batch 18/50 — 5 pair(s)
2026-04-20 23:51:13  DEBUG     +916399219307    SUCCESS   Thanks for participating! 1 image submitted successfully.
Follow us on Instagram to increase your chances of winning.
2026-04-20 23:51:21  DEBUG     +918555079938    SUCCESS   Thanks for participating! 1 image submitted successfully.
Follow us on Instagram to increase your chances of winning.
2026-04-20 23:51:32  DEBUG     +919103647809    SUCCESS   Thanks for participating! 1 image submitted successfully.
Follow us on Instagram to increase your chances of winning.
2026-04-20 23:51:43  DEBUG     +917816168591    SUCCESS   Thanks for participating! 1 image submitted successfully.
Follow us on Instagram to increase your chances of winning.
2026-04-20 23:51:51  DEBUG     +916878302878    SUCCESS   Thanks for participating! 1 image submitted successfully.
Follow us on Instagram to increase your chances of winning.
2026-04-20 23:51:51  DEBUG     Batch 19/50 — 5 pair(s)
2026-04-20 23:52:02  DEBUG     +918133256911    SUCCESS   Thanks for participating! 1 image submitted successfully.
Follow us on Instagram to increase your chances of winning.
2026-04-20 23:52:10  DEBUG     +916331871259    SUCCESS   Thanks for participating! 1 image submitted successfully.
Follow us on Instagram to increase your chances of winning.
2026-04-20 23:52:22  DEBUG     +917914403558    SUCCESS   Thanks for participating! 1 image submitted successfully.
Follow us on Instagram to increase your chances of winning.
2026-04-20 23:52:33  DEBUG     +916729693732    SUCCESS   Thanks for participating! 1 image submitted successfully.
Follow us on Instagram to increase your chances of winning.
2026-04-20 23:52:43  DEBUG     +916417368113    SUCCESS   Thanks for participating! 1 image submitted successfully.
Follow us on Instagram to increase your chances of winning.
2026-04-20 23:52:43  DEBUG     Batch 20/50 — 5 pair(s)
2026-04-20 23:52:54  DEBUG     +916862551427    SUCCESS   Thanks for participating! 1 image submitted successfully.
Follow us on Instagram to increase your chances of winning.
2026-04-20 23:53:05  DEBUG     +918788779129    SUCCESS   Thanks for participating! 1 image submitted successfully.
Follow us on Instagram to increase your chances of winning.
2026-04-20 23:53:13  DEBUG     +917664789347    SUCCESS   Thanks for participating! 1 image submitted successfully.
Follow us on Instagram to increase your chances of winning.
2026-04-20 23:53:23  DEBUG     +917313682318    SUCCESS   Thanks for participating! 1 image submitted successfully.
Follow us on Instagram to increase your chances of winning.
2026-04-20 23:53:32  DEBUG     +918594326499    SUCCESS   Thanks for participating! 1 image submitted successfully.
Follow us on Instagram to increase your chances of winning.
2026-04-20 23:53:32  DEBUG     Batch 21/50 — 5 pair(s)
2026-04-20 23:53:41  DEBUG     +917503184000    SUCCESS   Thanks for participating! 1 image submitted successfully.
Follow us on Instagram to increase your chances of winning.
2026-04-20 23:53:52  DEBUG     +918746139721    SUCCESS   Thanks for participating! 1 image submitted successfully.
Follow us on Instagram to increase your chances of winning.
2026-04-20 23:54:01  DEBUG     +917817530445    SUCCESS   Thanks for participating! 1 image submitted successfully.
Follow us on Instagram to increase your chances of winning.
2026-04-20 23:54:12  DEBUG     +918076181356    SUCCESS   Thanks for participating! 1 image submitted successfully.
Follow us on Instagram to increase your chances of winning.
2026-04-20 23:54:21  DEBUG     +918195321386    SUCCESS   Thanks for participating! 1 image submitted successfully.
Follow us on Instagram to increase your chances of winning.
2026-04-20 23:54:21  DEBUG     Batch 22/50 — 5 pair(s)
2026-04-20 23:54:31  DEBUG     +916103762538    SUCCESS   Thanks for participating! 1 image submitted successfully.
Follow us on Instagram to increase your chances of winning.
2026-04-20 23:54:39  DEBUG     +918461906436    SUCCESS   Thanks for participating! 1 image submitted successfully.
Follow us on Instagram to increase your chances of winning.
2026-04-20 23:54:48  DEBUG     +918892927887    SUCCESS   Thanks for participating! 1 image submitted successfully.
Follow us on Instagram to increase your chances of winning.
2026-04-20 23:54:56  DEBUG     +917390135609    SUCCESS   Thanks for participating! 1 image submitted successfully.
Follow us on Instagram to increase your chances of winning.
2026-04-20 23:55:05  DEBUG     +917655045043    SUCCESS   Thanks for participating! 1 image submitted successfully.
Follow us on Instagram to increase your chances of winning.
2026-04-20 23:55:05  DEBUG     Batch 23/50 — 5 pair(s)
2026-04-20 23:55:14  DEBUG     +916125579614    SUCCESS   Thanks for participating! 1 image submitted successfully.
Follow us on Instagram to increase your chances of winning.
2026-04-20 23:55:23  DEBUG     +918440041667    SUCCESS   Thanks for participating! 1 image submitted successfully.
Follow us on Instagram to increase your chances of winning.
2026-04-20 23:55:34  DEBUG     +917155451072    SUCCESS   Thanks for participating! 1 image submitted successfully.
Follow us on Instagram to increase your chances of winning.
2026-04-20 23:55:42  DEBUG     +917437124864    SUCCESS   Thanks for participating! 1 image submitted successfully.
Follow us on Instagram to increase your chances of winning.
2026-04-20 23:55:51  DEBUG     +917337677776    SUCCESS   Thanks for participating! 1 image submitted successfully.
Follow us on Instagram to increase your chances of winning.
2026-04-20 23:55:51  DEBUG     Batch 24/50 — 5 pair(s)
2026-04-20 23:55:59  DEBUG     +919857086538    SUCCESS   Thanks for participating! 1 image submitted successfully.
Follow us on Instagram to increase your chances of winning.
2026-04-20 23:56:08  DEBUG     +916216647699    SUCCESS   Thanks for participating! 1 image submitted successfully.
Follow us on Instagram to increase your chances of winning.
2026-04-20 23:56:16  DEBUG     +917672120588    SUCCESS   Thanks for participating! 1 image submitted successfully.
Follow us on Instagram to increase your chances of winning.
2026-04-20 23:56:26  DEBUG     +916266252460    SUCCESS   Thanks for participating! 1 image submitted successfully.
Follow us on Instagram to increase your chances of winning.
2026-04-20 23:56:37  DEBUG     +918406208664    SUCCESS   Thanks for participating! 1 image submitted successfully.
Follow us on Instagram to increase your chances of winning.
2026-04-20 23:56:37  DEBUG     Batch 25/50 — 5 pair(s)
2026-04-20 23:56:48  DEBUG     +919702397201    SUCCESS   Thanks for participating! 1 image submitted successfully.
Follow us on Instagram to increase your chances of winning.
2026-04-20 23:56:57  DEBUG     +917565937445    SUCCESS   Thanks for participating! 1 image submitted successfully.
Follow us on Instagram to increase your chances of winning.
2026-04-20 23:57:14  DEBUG     +919201908239    SUCCESS   Thanks for participating! 1 image submitted successfully.
Follow us on Instagram to increase your chances of winning.
2026-04-20 23:57:23  DEBUG     +919244961443    SUCCESS   Thanks for participating! 1 image submitted successfully.
Follow us on Instagram to increase your chances of winning.
2026-04-20 23:57:31  DEBUG     +917835521839    SUCCESS   Thanks for participating! 1 image submitted successfully.
Follow us on Instagram to increase your chances of winning.
2026-04-20 23:57:31  DEBUG     Batch 26/50 — 5 pair(s)
2026-04-20 23:57:42  DEBUG     +919709810560    SUCCESS   Thanks for participating! 1 image submitted successfully.
Follow us on Instagram to increase your chances of winning.
2026-04-20 23:57:51  DEBUG     +919561511075    SUCCESS   Thanks for participating! 1 image submitted successfully.
Follow us on Instagram to increase your chances of winning.
2026-04-20 23:58:02  DEBUG     +916784029369    SUCCESS   Thanks for participating! 1 image submitted successfully.
Follow us on Instagram to increase your chances of winning.
2026-04-20 23:58:10  DEBUG     +917524647633    SUCCESS   Thanks for participating! 1 image submitted successfully.
Follow us on Instagram to increase your chances of winning.
2026-04-20 23:58:18  DEBUG     +918173726490    SUCCESS   Thanks for participating! 1 image submitted successfully.
Follow us on Instagram to increase your chances of winning.
2026-04-20 23:58:18  DEBUG     Batch 27/50 — 5 pair(s)
2026-04-20 23:58:33  DEBUG     +917585567833    SUCCESS   Thanks for participating! 1 image submitted successfully.
Follow us on Instagram to increase your chances of winning.
2026-04-20 23:58:44  DEBUG     +918089467737    SUCCESS   Thanks for participating! 1 image submitted successfully.
Follow us on Instagram to increase your chances of winning.
2026-04-20 23:58:54  DEBUG     +917737129165    SUCCESS   Thanks for participating! 1 image submitted successfully.
Follow us on Instagram to increase your chances of winning.
2026-04-20 23:59:02  DEBUG     +916114728597    SUCCESS   Thanks for participating! 1 image submitted successfully.
Follow us on Instagram to increase your chances of winning.
2026-04-20 23:59:11  DEBUG     +918831790163    SUCCESS   Thanks for participating! 1 image submitted successfully.
Follow us on Instagram to increase your chances of winning.
2026-04-20 23:59:11  DEBUG     Batch 28/50 — 5 pair(s)
2026-04-20 23:59:22  DEBUG     +918109199730    SUCCESS   Thanks for participating! 1 image submitted successfully.
Follow us on Instagram to increase your chances of winning.
2026-04-20 23:59:34  DEBUG     +918433986383    SUCCESS   Thanks for participating! 1 image submitted successfully.
Follow us on Instagram to increase your chances of winning.
2026-04-20 23:59:45  DEBUG     +919709592537    SUCCESS   Thanks for participating! 1 image submitted successfully.
Follow us on Instagram to increase your chances of winning.
2026-04-20 23:59:56  DEBUG     +919885065927    SUCCESS   Thanks for participating! 1 image submitted successfully.
Follow us on Instagram to increase your chances of winning.
2026-04-21 00:00:05  DEBUG     +918201797780    SUCCESS   Thanks for participating! 1 image submitted successfully.
Follow us on Instagram to increase your chances of winning.
2026-04-21 00:00:05  DEBUG     Batch 29/50 — 5 pair(s)
2026-04-21 00:00:16  DEBUG     +916752393028    SUCCESS   Thanks for participating! 1 image submitted successfully.
Follow us on Instagram to increase your chances of winning.
2026-04-21 00:00:24  DEBUG     +918785202739    SUCCESS   Thanks for participating! 1 image submitted successfully.
Follow us on Instagram to increase your chances of winning.
2026-04-21 00:00:32  DEBUG     +918540350751    SUCCESS   Thanks for participating! 1 image submitted successfully.
Follow us on Instagram to increase your chances of winning.
2026-04-21 00:00:41  DEBUG     +916973080892    SUCCESS   Thanks for participating! 1 image submitted successfully.
Follow us on Instagram to increase your chances of winning.
2026-04-21 00:00:52  DEBUG     +916864721452    SUCCESS   Thanks for participating! 1 image submitted successfully.
Follow us on Instagram to increase your chances of winning.
2026-04-21 00:00:52  DEBUG     Batch 30/50 — 5 pair(s)
2026-04-21 00:00:54  DEBUG     +918271777300    FAILED    Navigation error: Page.goto: net::ERR_INTERNET_DISCONNECTED at https://greendotball.com/?utm_source=ViralFission&utm_medium=VF95
Call log:
navigating to "https://greendotball.com/?utm_source=ViralFission&utm_medium=VF95", waiting until "domcontentloaded"

2026-04-21 01:44:57  DEBUG     +918234315931    FAILED    Navigation error: Page.goto: net::ERR_INTERNET_DISCONNECTED at https://greendotball.com/?utm_source=ViralFission&utm_medium=VF95
Call log:
navigating to "https://greendotball.com/?utm_source=ViralFission&utm_medium=VF95", waiting until "domcontentloaded"

2026-04-21 01:45:09  DEBUG     +918861267248    SUCCESS   Thanks for participating! 1 image submitted successfully.
Follow us on Instagram to increase your chances of winning.
2026-04-21 01:45:18  DEBUG     +916085430229    SUCCESS   Thanks for participating! 1 image submitted successfully.
Follow us on Instagram to increase your chances of winning.
2026-04-21 02:11:24  DEBUG     +917857966420    SUCCESS   Keyword 'success' found in page
2026-04-21 02:11:24  DEBUG     Batch 31/50 — 5 pair(s)
2026-04-21 02:11:53  DEBUG     +919548298624    SUCCESS   Keyword 'success' found in page
2026-04-21 02:12:02  DEBUG     +917578193764    FAILED    0 of 1 images submitted. 1 failed — please try again.
2026-04-21 02:12:05  DEBUG     +916739861590    FAILED    Navigation error: Page.goto: net::ERR_INTERNET_DISCONNECTED at https://greendotball.com/?utm_source=ViralFission&utm_medium=VF95
Call log:
navigating to "https://greendotball.com/?utm_source=ViralFission&utm_medium=VF95", waiting until "domcontentloaded"

2026-04-21 02:12:17  DEBUG     +916245942348    SUCCESS   Thanks for participating! 1 image submitted successfully.
Follow us on Instagram to increase your chances of winning.
2026-04-21 02:12:26  DEBUG     +916371091668    SUCCESS   Thanks for participating! 1 image submitted successfully.
Follow us on Instagram to increase your chances of winning.
2026-04-21 02:12:26  DEBUG     Batch 32/50 — 5 pair(s)
2026-04-21 02:12:35  DEBUG     +919758489205    FAILED    0 of 1 images submitted. 1 failed — please try again.
2026-04-21 02:12:53  DEBUG     +916883491132    SUCCESS   Thanks for participating! 1 image submitted successfully.
Follow us on Instagram to increase your chances of winning.
2026-04-21 02:13:05  DEBUG     +917430696583    FAILED    0 of 1 images submitted. 1 failed — please try again.
2026-04-21 02:13:08  DEBUG     +918370735144    FAILED    Navigation error: Page.goto: net::ERR_INTERNET_DISCONNECTED at https://greendotball.com/?utm_source=ViralFission&utm_medium=VF95
Call log:
navigating to "https://greendotball.com/?utm_source=ViralFission&utm_medium=VF95", waiting until "domcontentloaded"

2026-04-21 02:13:10  DEBUG     +917177399707    FAILED    Navigation error: Page.goto: net::ERR_INTERNET_DISCONNECTED at https://greendotball.com/?utm_source=ViralFission&utm_medium=VF95
Call log:
navigating to "https://greendotball.com/?utm_source=ViralFission&utm_medium=VF95", waiting until "domcontentloaded"

2026-04-21 02:13:10  DEBUG     Batch 33/50 — 5 pair(s)
2026-04-21 02:13:24  DEBUG     +918888319079    SUCCESS   Thanks for participating! 1 image submitted successfully.
Follow us on Instagram to increase your chances of winning.
2026-04-21 02:13:36  DEBUG     +916733944730    FAILED    0 of 1 images submitted. 1 failed — please try again.
2026-04-21 02:13:38  DEBUG     +919693313223    FAILED    Navigation error: Page.goto: net::ERR_INTERNET_DISCONNECTED at https://greendotball.com/?utm_source=ViralFission&utm_medium=VF95
Call log:
navigating to "https://greendotball.com/?utm_source=ViralFission&utm_medium=VF95", waiting until "domcontentloaded"

2026-04-21 02:13:51  DEBUG     +919285056903    SUCCESS   Thanks for participating! 1 image submitted successfully.
Follow us on Instagram to increase your chances of winning.
2026-04-21 02:14:02  DEBUG     +917508837556    SUCCESS   Thanks for participating! 1 image submitted successfully.
Follow us on Instagram to increase your chances of winning.
2026-04-21 02:14:02  DEBUG     Batch 34/50 — 5 pair(s)
2026-04-21 02:14:06  DEBUG     +918352017967    FAILED    Navigation error: Page.goto: net::ERR_INTERNET_DISCONNECTED at https://greendotball.com/?utm_source=ViralFission&utm_medium=VF95
Call log:
navigating to "https://greendotball.com/?utm_source=ViralFission&utm_medium=VF95", waiting until "domcontentloaded"

2026-04-21 02:14:08  DEBUG     +919062448845    FAILED    Navigation error: Page.goto: net::ERR_INTERNET_DISCONNECTED at https://greendotball.com/?utm_source=ViralFission&utm_medium=VF95
Call log:
navigating to "https://greendotball.com/?utm_source=ViralFission&utm_medium=VF95", waiting until "domcontentloaded"

2026-04-21 02:14:17  DEBUG     +918877714144    SUCCESS   Thanks for participating! 1 image submitted successfully.
Follow us on Instagram to increase your chances of winning.
2026-04-21 02:14:28  DEBUG     +916622661944    SUCCESS   Thanks for participating! 1 image submitted successfully.
Follow us on Instagram to increase your chances of winning.
2026-04-21 02:14:39  DEBUG     +917259868337    FAILED    0 of 1 images submitted. 1 failed — please try again.
2026-04-21 02:14:39  DEBUG     Batch 35/50 — 5 pair(s)
2026-04-21 02:14:43  DEBUG     +916510418760    FAILED    Navigation error: Page.goto: net::ERR_INTERNET_DISCONNECTED at https://greendotball.com/?utm_source=ViralFission&utm_medium=VF95
Call log:
navigating to "https://greendotball.com/?utm_source=ViralFission&utm_medium=VF95", waiting until "domcontentloaded"

2026-04-21 02:15:00  DEBUG     +918525848234    SUCCESS   Thanks for participating! 1 image submitted successfully.
Follow us on Instagram to increase your chances of winning.
2026-04-21 02:15:10  DEBUG     +916477540529    FAILED    0 of 1 images submitted. 1 failed — please try again.
2026-04-21 02:15:13  DEBUG     +916011627767    FAILED    Navigation error: Page.goto: net::ERR_INTERNET_DISCONNECTED at https://greendotball.com/?utm_source=ViralFission&utm_medium=VF95
Call log:
navigating to "https://greendotball.com/?utm_source=ViralFission&utm_medium=VF95", waiting until "domcontentloaded"

2026-04-21 02:15:27  DEBUG     +917528190213    SUCCESS   Thanks for participating! 1 image submitted successfully.
Follow us on Instagram to increase your chances of winning.
2026-04-21 02:15:27  DEBUG     Batch 36/50 — 5 pair(s)
2026-04-21 02:15:39  DEBUG     +919270688116    FAILED    0 of 1 images submitted. 1 failed — please try again.
2026-04-21 02:15:42  DEBUG     +919664270064    FAILED    Navigation error: Page.goto: net::ERR_INTERNET_DISCONNECTED at https://greendotball.com/?utm_source=ViralFission&utm_medium=VF95
Call log:
navigating to "https://greendotball.com/?utm_source=ViralFission&utm_medium=VF95", waiting until "domcontentloaded"

2026-04-21 02:15:57  DEBUG     +918670706680    SUCCESS   Thanks for participating! 1 image submitted successfully.
Follow us on Instagram to increase your chances of winning.
2026-04-21 02:16:07  DEBUG     +917490509208    SUCCESS   Thanks for participating! 1 image submitted successfully.
Follow us on Instagram to increase your chances of winning.
2026-04-21 02:16:09  DEBUG     +918767266464    FAILED    Navigation error: Page.goto: net::ERR_INTERNET_DISCONNECTED at https://greendotball.com/?utm_source=ViralFission&utm_medium=VF95
Call log:
navigating to "https://greendotball.com/?utm_source=ViralFission&utm_medium=VF95", waiting until "domcontentloaded"

2026-04-21 02:16:09  DEBUG     Batch 37/50 — 5 pair(s)
2026-04-21 02:16:12  DEBUG     +916589176530    FAILED    Navigation error: Page.goto: net::ERR_INTERNET_DISCONNECTED at https://greendotball.com/?utm_source=ViralFission&utm_medium=VF95
Call log:
navigating to "https://greendotball.com/?utm_source=ViralFission&utm_medium=VF95", waiting until "domcontentloaded"

2026-04-21 02:16:21  DEBUG     +917001791154    SUCCESS   Thanks for participating! 1 image submitted successfully.
Follow us on Instagram to increase your chances of winning.
2026-04-21 02:16:30  DEBUG     +919038144562    SUCCESS   Thanks for participating! 1 image submitted successfully.
Follow us on Instagram to increase your chances of winning.
2026-04-21 02:16:41  DEBUG     +917943197489    FAILED    0 of 1 images submitted. 1 failed — please try again.
2026-04-21 02:16:44  DEBUG     +917631855432    FAILED    Navigation error: Page.goto: net::ERR_INTERNET_DISCONNECTED at https://greendotball.com/?utm_source=ViralFission&utm_medium=VF95
Call log:
navigating to "https://greendotball.com/?utm_source=ViralFission&utm_medium=VF95", waiting until "domcontentloaded"

2026-04-21 02:16:44  DEBUG     Batch 38/50 — 5 pair(s)
2026-04-21 02:16:56  DEBUG     +919667799561    SUCCESS   Thanks for participating! 1 image submitted successfully.
Follow us on Instagram to increase your chances of winning.
2026-04-21 02:17:06  DEBUG     +916915503941    SUCCESS   Thanks for participating! 1 image submitted successfully.
Follow us on Instagram to increase your chances of winning.
2026-04-21 02:17:34  DEBUG     +917208971912    SUCCESS   Keyword 'success' found in page
2026-04-21 02:17:44  DEBUG     +919002596864    FAILED    0 of 1 images submitted. 1 failed — please try again.
2026-04-21 02:17:46  DEBUG     +919580856501    FAILED    Navigation error: Page.goto: net::ERR_INTERNET_DISCONNECTED at https://greendotball.com/?utm_source=ViralFission&utm_medium=VF95
Call log:
navigating to "https://greendotball.com/?utm_source=ViralFission&utm_medium=VF95", waiting until "domcontentloaded"

2026-04-21 02:17:46  DEBUG     Batch 39/50 — 5 pair(s)
2026-04-21 02:17:55  DEBUG     +917390696151    SUCCESS   Thanks for participating! 1 image submitted successfully.
Follow us on Instagram to increase your chances of winning.
2026-04-21 02:18:04  DEBUG     +918756539042    SUCCESS   Thanks for participating! 1 image submitted successfully.
Follow us on Instagram to increase your chances of winning.
2026-04-21 02:18:14  DEBUG     +918802372741    FAILED    0 of 1 images submitted. 1 failed — please try again.
2026-04-21 02:18:16  DEBUG     +918599500298    FAILED    Navigation error: Page.goto: net::ERR_INTERNET_DISCONNECTED at https://greendotball.com/?utm_source=ViralFission&utm_medium=VF95
Call log:
navigating to "https://greendotball.com/?utm_source=ViralFission&utm_medium=VF95", waiting until "domcontentloaded"

2026-04-21 02:18:31  DEBUG     +918047513330    SUCCESS   Thanks for participating! 1 image submitted successfully.
Follow us on Instagram to increase your chances of winning.
2026-04-21 02:18:31  DEBUG     Batch 40/50 — 5 pair(s)
2026-04-21 02:18:40  DEBUG     +918663307319    SUCCESS   Thanks for participating! 1 image submitted successfully.
Follow us on Instagram to increase your chances of winning.
2026-04-21 02:18:44  DEBUG     +917260610131    FAILED    Navigation error: Page.goto: net::ERR_INTERNET_DISCONNECTED at https://greendotball.com/?utm_source=ViralFission&utm_medium=VF95
Call log:
navigating to "https://greendotball.com/?utm_source=ViralFission&utm_medium=VF95", waiting until "domcontentloaded"

2026-04-21 02:18:47  DEBUG     +917844682440    FAILED    Navigation error: Page.goto: net::ERR_INTERNET_DISCONNECTED at https://greendotball.com/?utm_source=ViralFission&utm_medium=VF95
Call log:
navigating to "https://greendotball.com/?utm_source=ViralFission&utm_medium=VF95", waiting until "domcontentloaded"

2026-04-21 02:18:58  DEBUG     +919463621355    SUCCESS   Thanks for participating! 1 image submitted successfully.
Follow us on Instagram to increase your chances of winning.
2026-04-21 02:19:08  DEBUG     +918719258897    SUCCESS   Thanks for participating! 1 image submitted successfully.
Follow us on Instagram to increase your chances of winning.
2026-04-21 02:19:08  DEBUG     Batch 41/50 — 5 pair(s)
2026-04-21 02:19:16  DEBUG     +917319104562    FAILED    0 of 1 images submitted. 1 failed — please try again.
2026-04-21 02:19:19  DEBUG     +919318497736    FAILED    Navigation error: Page.goto: net::ERR_INTERNET_DISCONNECTED at https://greendotball.com/?utm_source=ViralFission&utm_medium=VF95
Call log:
navigating to "https://greendotball.com/?utm_source=ViralFission&utm_medium=VF95", waiting until "domcontentloaded"

2026-04-21 02:19:32  DEBUG     +917865175111    SUCCESS   Thanks for participating! 1 image submitted successfully.
Follow us on Instagram to increase your chances of winning.
2026-04-21 02:19:42  DEBUG     +917385411236    SUCCESS   Thanks for participating! 1 image submitted successfully.
Follow us on Instagram to increase your chances of winning.
2026-04-21 02:20:10  DEBUG     +916772041498    SUCCESS   Keyword 'success' found in page
2026-04-21 02:20:10  DEBUG     Batch 42/50 — 5 pair(s)
2026-04-21 02:20:19  DEBUG     +917920147494    FAILED    0 of 1 images submitted. 1 failed — please try again.
2026-04-21 02:20:21  DEBUG     +917594330010    FAILED    Navigation error: Page.goto: net::ERR_INTERNET_DISCONNECTED at https://greendotball.com/?utm_source=ViralFission&utm_medium=VF95
Call log:
navigating to "https://greendotball.com/?utm_source=ViralFission&utm_medium=VF95", waiting until "domcontentloaded"

2026-04-21 02:20:24  DEBUG     +917886852980    FAILED    Navigation error: Page.goto: net::ERR_NETWORK_CHANGED at https://greendotball.com/?utm_source=ViralFission&utm_medium=VF95
Call log:
navigating to "https://greendotball.com/?utm_source=ViralFission&utm_medium=VF95", waiting until "domcontentloaded"

2026-04-21 02:20:33  DEBUG     +919828115988    SUCCESS   Thanks for participating! 1 image submitted successfully.
Follow us on Instagram to increase your chances of winning.
2026-04-21 02:20:41  DEBUG     +919656613477    SUCCESS   Thanks for participating! 1 image submitted successfully.
Follow us on Instagram to increase your chances of winning.
2026-04-21 02:20:41  DEBUG     Batch 43/50 — 5 pair(s)
2026-04-21 02:20:51  DEBUG     +918000166683    FAILED    0 of 1 images submitted. 1 failed — please try again.
2026-04-21 02:20:53  DEBUG     +918766084044    FAILED    Navigation error: Page.goto: net::ERR_INTERNET_DISCONNECTED at https://greendotball.com/?utm_source=ViralFission&utm_medium=VF95
Call log:
navigating to "https://greendotball.com/?utm_source=ViralFission&utm_medium=VF95", waiting until "domcontentloaded"

2026-04-21 02:21:03  DEBUG     +916070337717    SUCCESS   Thanks for participating! 1 image submitted successfully.
Follow us on Instagram to increase your chances of winning.
2026-04-21 02:21:11  DEBUG     +917269179271    SUCCESS   Thanks for participating! 1 image submitted successfully.
Follow us on Instagram to increase your chances of winning.
2026-04-21 02:21:21  DEBUG     +917921229566    FAILED    0 of 1 images submitted. 1 failed — please try again.
2026-04-21 02:21:21  DEBUG     Batch 44/50 — 5 pair(s)
2026-04-21 02:21:24  DEBUG     +918787315252    FAILED    Navigation error: Page.goto: net::ERR_INTERNET_DISCONNECTED at https://greendotball.com/?utm_source=ViralFission&utm_medium=VF95
Call log:
navigating to "https://greendotball.com/?utm_source=ViralFission&utm_medium=VF95", waiting until "domcontentloaded"

2026-04-21 02:21:35  DEBUG     +918887239365    SUCCESS   Thanks for participating! 1 image submitted successfully.
Follow us on Instagram to increase your chances of winning.
2026-04-21 02:21:43  DEBUG     +916632729719    SUCCESS   Thanks for participating! 1 image submitted successfully.
Follow us on Instagram to increase your chances of winning.
2026-04-21 02:21:52  DEBUG     +917363793893    FAILED    0 of 1 images submitted. 1 failed — please try again.
2026-04-21 02:22:06  DEBUG     +918365015931    SUCCESS   Thanks for participating! 1 image submitted successfully.
Follow us on Instagram to increase your chances of winning.
2026-04-21 02:22:06  DEBUG     Batch 45/50 — 5 pair(s)
2026-04-21 02:22:17  DEBUG     +918682876236    SUCCESS   Thanks for participating! 1 image submitted successfully.
Follow us on Instagram to increase your chances of winning.
2026-04-21 02:22:21  DEBUG     +919263838662    FAILED    Navigation error: Page.goto: net::ERR_INTERNET_DISCONNECTED at https://greendotball.com/?utm_source=ViralFission&utm_medium=VF95
Call log:
navigating to "https://greendotball.com/?utm_source=ViralFission&utm_medium=VF95", waiting until "domcontentloaded"

2026-04-21 02:22:24  DEBUG     +918749297303    FAILED    Navigation error: Page.goto: net::ERR_INTERNET_DISCONNECTED at https://greendotball.com/?utm_source=ViralFission&utm_medium=VF95
Call log:
navigating to "https://greendotball.com/?utm_source=ViralFission&utm_medium=VF95", waiting until "domcontentloaded"

2026-04-21 02:22:35  DEBUG     +917803156175    SUCCESS   Thanks for participating! 1 image submitted successfully.
Follow us on Instagram to increase your chances of winning.
2026-04-21 02:22:44  DEBUG     +919390046674    SUCCESS   Thanks for participating! 1 image submitted successfully.
Follow us on Instagram to increase your chances of winning.
2026-04-21 02:22:44  DEBUG     Batch 46/50 — 5 pair(s)
2026-04-21 02:22:53  DEBUG     +917850179796    FAILED    0 of 1 images submitted. 1 failed — please try again.
2026-04-21 02:22:56  DEBUG     +917574523553    FAILED    Navigation error: Page.goto: net::ERR_INTERNET_DISCONNECTED at https://greendotball.com/?utm_source=ViralFission&utm_medium=VF95
Call log:
navigating to "https://greendotball.com/?utm_source=ViralFission&utm_medium=VF95", waiting until "domcontentloaded"

2026-04-21 02:23:11  DEBUG     +917231672042    SUCCESS   Thanks for participating! 1 image submitted successfully.
Follow us on Instagram to increase your chances of winning.
2026-04-21 02:23:23  DEBUG     +918925791127    FAILED    0 of 1 images submitted. 1 failed — please try again.
2026-04-21 02:23:26  DEBUG     +919121590943    FAILED    Navigation error: Page.goto: net::ERR_INTERNET_DISCONNECTED at https://greendotball.com/?utm_source=ViralFission&utm_medium=VF95
Call log:
navigating to "https://greendotball.com/?utm_source=ViralFission&utm_medium=VF95", waiting until "domcontentloaded"

2026-04-21 02:23:26  DEBUG     Batch 47/50 — 5 pair(s)
2026-04-21 02:23:37  DEBUG     +919239041289    SUCCESS   Thanks for participating! 1 image submitted successfully.
Follow us on Instagram to increase your chances of winning.
2026-04-21 02:23:45  DEBUG     +916888026567    SUCCESS   Thanks for participating! 1 image submitted successfully.
Follow us on Instagram to increase your chances of winning.
2026-04-21 02:23:55  DEBUG     +916368457196    FAILED    0 of 1 images submitted. 1 failed — please try again.
2026-04-21 02:23:57  DEBUG     +916319083508    FAILED    Navigation error: Page.goto: net::ERR_INTERNET_DISCONNECTED at https://greendotball.com/?utm_source=ViralFission&utm_medium=VF95
Call log:
navigating to "https://greendotball.com/?utm_source=ViralFission&utm_medium=VF95", waiting until "domcontentloaded"

2026-04-21 02:24:07  DEBUG     +917375098455    SUCCESS   Thanks for participating! 1 image submitted successfully.
Follow us on Instagram to increase your chances of winning.
2026-04-21 02:24:07  DEBUG     Batch 48/50 — 5 pair(s)
2026-04-21 02:24:15  DEBUG     +916522083646    SUCCESS   Thanks for participating! 1 image submitted successfully.
Follow us on Instagram to increase your chances of winning.
2026-04-21 02:24:25  DEBUG     +919078102666    FAILED    0 of 1 images submitted. 1 failed — please try again.
2026-04-21 02:24:28  DEBUG     +916413582272    FAILED    Navigation error: Page.goto: net::ERR_INTERNET_DISCONNECTED at https://greendotball.com/?utm_source=ViralFission&utm_medium=VF95
Call log:
navigating to "https://greendotball.com/?utm_source=ViralFission&utm_medium=VF95", waiting until "domcontentloaded"

2026-04-21 02:24:39  DEBUG     +918265547508    SUCCESS   Thanks for participating! 1 image submitted successfully.
Follow us on Instagram to increase your chances of winning.
2026-04-21 02:24:49  DEBUG     +916612008439    SUCCESS   Thanks for participating! 1 image submitted successfully.
Follow us on Instagram to increase your chances of winning.
2026-04-21 02:24:49  DEBUG     Batch 49/50 — 5 pair(s)
2026-04-21 02:24:58  DEBUG     +917250359275    FAILED    0 of 1 images submitted. 1 failed — please try again.
2026-04-21 02:25:01  DEBUG     +919437439149    FAILED    Navigation error: Page.goto: net::ERR_INTERNET_DISCONNECTED at https://greendotball.com/?utm_source=ViralFission&utm_medium=VF95
Call log:
navigating to "https://greendotball.com/?utm_source=ViralFission&utm_medium=VF95", waiting until "domcontentloaded"

2026-04-21 02:25:10  DEBUG     +919420874442    SUCCESS   Thanks for participating! 1 image submitted successfully.
Follow us on Instagram to increase your chances of winning.
2026-04-21 02:25:22  DEBUG     +916574023809    SUCCESS   Thanks for participating! 1 image submitted successfully.
Follow us on Instagram to increase your chances of winning.
2026-04-21 02:25:27  DEBUG     +919762812367    FAILED    Navigation error: Page.goto: net::ERR_INTERNET_DISCONNECTED at https://greendotball.com/?utm_source=ViralFission&utm_medium=VF95
Call log:
navigating to "https://greendotball.com/?utm_source=ViralFission&utm_medium=VF95", waiting until "domcontentloaded"

2026-04-21 02:25:27  DEBUG     Batch 50/50 — 5 pair(s)
2026-04-21 02:25:29  DEBUG     +919112730010    FAILED    Navigation error: Page.goto: net::ERR_INTERNET_DISCONNECTED at https://greendotball.com/?utm_source=ViralFission&utm_medium=VF95
Call log:
navigating to "https://greendotball.com/?utm_source=ViralFission&utm_medium=VF95", waiting until "domcontentloaded"

2026-04-21 02:25:40  DEBUG     +916515441112    SUCCESS   Thanks for participating! 1 image submitted successfully.
Follow us on Instagram to increase your chances of winning.
2026-04-21 02:25:53  DEBUG     +916087497898    SUCCESS   Thanks for participating! 1 image submitted successfully.
Follow us on Instagram to increase your chances of winning.
2026-04-21 02:25:57  DEBUG     +917853196249    FAILED    Navigation error: Page.goto: net::ERR_INTERNET_DISCONNECTED at https://greendotball.com/?utm_source=ViralFission&utm_medium=VF95
Call log:
navigating to "https://greendotball.com/?utm_source=ViralFission&utm_medium=VF95", waiting until "domcontentloaded"

2026-04-21 02:26:00  DEBUG     +919056337495    FAILED    Navigation error: Page.goto: net::ERR_INTERNET_DISCONNECTED at https://greendotball.com/?utm_source=ViralFission&utm_medium=VF95
Call log:
navigating to "https://greendotball.com/?utm_source=ViralFission&utm_medium=VF95", waiting until "domcontentloaded"

2026-04-21 02:26:00  INFO      Exporting results…
2026-04-21 02:26:00  INFO      Successful numbers → /home/amaan/green-automation/successful_numbers.csv
2026-04-21 02:26:00  INFO      Failed numbers     → /home/amaan/green-automation/failed_numbers.csv
2026-04-21 02:26:00  INFO      Run complete — attempted=3102  success=2979  failed=123
2026-04-21 02:26:00  INFO      Cleaning up images folder…
2026-04-21 02:26:00  INFO      Images folder removed.
2026-04-21 02:26:00  INFO      Run finished.
2026-04-21 04:15:50  INFO      Run started — count=250  batch_size=5  dry_run=False  resume=True
2026-04-21 04:15:50  INFO      --resume: no exhausted numbers found, nothing to skip
2026-04-21 04:15:50  INFO      Generating phone numbers…
2026-04-21 04:15:50  INFO      Generated 250 phone number(s) (0 skipped via --resume)
2026-04-21 04:15:50  INFO      Generating 250 image(s)…
2026-04-21 04:15:58  INFO      Images written to: /home/amaan/green-automation/images
2026-04-21 04:15:58  INFO      Starting live registrations in batches of 5…
2026-04-21 04:15:58  DEBUG     Batch 1/50 — 5 pair(s)
2026-04-21 04:16:10  DEBUG     +916400837835    SUCCESS   Thanks for participating! 1 image submitted successfully.
Follow us on Instagram to increase your chances of winning.
2026-04-21 04:16:20  DEBUG     +918064569626    SUCCESS   Thanks for participating! 1 image submitted successfully.
Follow us on Instagram to increase your chances of winning.
2026-04-21 04:16:28  DEBUG     +916094649091    SUCCESS   Thanks for participating! 1 image submitted successfully.
Follow us on Instagram to increase your chances of winning.
2026-04-21 04:16:36  DEBUG     +917397506664    SUCCESS   Thanks for participating! 1 image submitted successfully.
Follow us on Instagram to increase your chances of winning.
2026-04-21 04:16:45  DEBUG     +917215367996    SUCCESS   Thanks for participating! 1 image submitted successfully.
Follow us on Instagram to increase your chances of winning.
2026-04-21 04:16:45  DEBUG     Batch 2/50 — 5 pair(s)
2026-04-21 04:16:52  DEBUG     +918154561111    SUCCESS   Thanks for participating! 1 image submitted successfully.
Follow us on Instagram to increase your chances of winning.
2026-04-21 04:17:00  DEBUG     +917148078383    SUCCESS   Thanks for participating! 1 image submitted successfully.
Follow us on Instagram to increase your chances of winning.
2026-04-21 04:17:08  DEBUG     +919825435135    SUCCESS   Thanks for participating! 1 image submitted successfully.
Follow us on Instagram to increase your chances of winning.
2026-04-21 04:17:18  DEBUG     +918861543387    SUCCESS   Thanks for participating! 1 image submitted successfully.
Follow us on Instagram to increase your chances of winning.
2026-04-21 04:17:26  DEBUG     +919004198249    SUCCESS   Thanks for participating! 1 image submitted successfully.
Follow us on Instagram to increase your chances of winning.
2026-04-21 04:17:26  DEBUG     Batch 3/50 — 5 pair(s)
2026-04-21 04:17:33  DEBUG     +919781725380    SUCCESS   Thanks for participating! 1 image submitted successfully.
Follow us on Instagram to increase your chances of winning.
2026-04-21 04:17:43  DEBUG     +917076132004    SUCCESS   Thanks for participating! 1 image submitted successfully.
Follow us on Instagram to increase your chances of winning.
2026-04-21 04:17:53  DEBUG     +919678925148    SUCCESS   Thanks for participating! 1 image submitted successfully.
Follow us on Instagram to increase your chances of winning.
2026-04-21 04:18:03  DEBUG     +916739298376    SUCCESS   Thanks for participating! 1 image submitted successfully.
Follow us on Instagram to increase your chances of winning.
2026-04-21 04:18:13  DEBUG     +916163428246    SUCCESS   Thanks for participating! 1 image submitted successfully.
Follow us on Instagram to increase your chances of winning.
2026-04-21 04:18:13  DEBUG     Batch 4/50 — 5 pair(s)
2026-04-21 04:18:23  DEBUG     +916094367337    SUCCESS   Thanks for participating! 1 image submitted successfully.
Follow us on Instagram to increase your chances of winning.
2026-04-21 04:18:34  DEBUG     +917031119418    SUCCESS   Thanks for participating! 1 image submitted successfully.
Follow us on Instagram to increase your chances of winning.
2026-04-21 04:18:42  DEBUG     +916182870110    SUCCESS   Thanks for participating! 1 image submitted successfully.
Follow us on Instagram to increase your chances of winning.
2026-04-21 04:18:50  DEBUG     +916231139863    SUCCESS   Thanks for participating! 1 image submitted successfully.
Follow us on Instagram to increase your chances of winning.
2026-04-21 04:18:58  DEBUG     +918151836942    SUCCESS   Thanks for participating! 1 image submitted successfully.
Follow us on Instagram to increase your chances of winning.
2026-04-21 04:18:58  DEBUG     Batch 5/50 — 5 pair(s)
2026-04-21 04:19:06  DEBUG     +919736901415    SUCCESS   Thanks for participating! 1 image submitted successfully.
Follow us on Instagram to increase your chances of winning.
2026-04-21 04:19:14  DEBUG     +917488045218    SUCCESS   Thanks for participating! 1 image submitted successfully.
Follow us on Instagram to increase your chances of winning.
2026-04-21 04:19:22  DEBUG     +919758008699    SUCCESS   Thanks for participating! 1 image submitted successfully.
Follow us on Instagram to increase your chances of winning.
2026-04-21 04:19:30  DEBUG     +917906957241    SUCCESS   Thanks for participating! 1 image submitted successfully.
Follow us on Instagram to increase your chances of winning.
2026-04-21 04:19:37  DEBUG     +919669026383    SUCCESS   Thanks for participating! 1 image submitted successfully.
Follow us on Instagram to increase your chances of winning.
2026-04-21 04:19:37  DEBUG     Batch 6/50 — 5 pair(s)
2026-04-21 04:19:46  DEBUG     +917164725693    SUCCESS   Thanks for participating! 1 image submitted successfully.
Follow us on Instagram to increase your chances of winning.
2026-04-21 04:19:54  DEBUG     +918533037168    SUCCESS   Thanks for participating! 1 image submitted successfully.
Follow us on Instagram to increase your chances of winning.
2026-04-21 04:20:01  DEBUG     +918258467862    SUCCESS   Thanks for participating! 1 image submitted successfully.
Follow us on Instagram to increase your chances of winning.
2026-04-21 04:20:10  DEBUG     +919910273383    SUCCESS   Thanks for participating! 1 image submitted successfully.
Follow us on Instagram to increase your chances of winning.
2026-04-21 04:20:18  DEBUG     +917501483990    SUCCESS   Thanks for participating! 1 image submitted successfully.
Follow us on Instagram to increase your chances of winning.
2026-04-21 04:20:18  DEBUG     Batch 7/50 — 5 pair(s)
2026-04-21 04:20:26  DEBUG     +919487801664    SUCCESS   Thanks for participating! 1 image submitted successfully.
Follow us on Instagram to increase your chances of winning.
2026-04-21 04:20:34  DEBUG     +918236076519    SUCCESS   Thanks for participating! 1 image submitted successfully.
Follow us on Instagram to increase your chances of winning.
2026-04-21 04:20:41  DEBUG     +918980985373    SUCCESS   Thanks for participating! 1 image submitted successfully.
Follow us on Instagram to increase your chances of winning.
2026-04-21 04:20:52  DEBUG     +919632338523    SUCCESS   Thanks for participating! 1 image submitted successfully.
Follow us on Instagram to increase your chances of winning.
2026-04-21 04:21:00  DEBUG     +917677031520    SUCCESS   Thanks for participating! 1 image submitted successfully.
Follow us on Instagram to increase your chances of winning.
2026-04-21 04:21:00  DEBUG     Batch 8/50 — 5 pair(s)
2026-04-21 04:21:08  DEBUG     +917342958309    SUCCESS   Thanks for participating! 1 image submitted successfully.
Follow us on Instagram to increase your chances of winning.
2026-04-21 04:21:16  DEBUG     +919741966621    SUCCESS   Thanks for participating! 1 image submitted successfully.
Follow us on Instagram to increase your chances of winning.
2026-04-21 04:21:24  DEBUG     +918176826515    SUCCESS   Thanks for participating! 1 image submitted successfully.
Follow us on Instagram to increase your chances of winning.
2026-04-21 04:21:34  DEBUG     +917101153122    SUCCESS   Thanks for participating! 1 image submitted successfully.
Follow us on Instagram to increase your chances of winning.
2026-04-21 04:21:41  DEBUG     +917173464844    SUCCESS   Thanks for participating! 1 image submitted successfully.
Follow us on Instagram to increase your chances of winning.
2026-04-21 04:21:41  DEBUG     Batch 9/50 — 5 pair(s)
2026-04-21 04:21:52  DEBUG     +918644754490    SUCCESS   Thanks for participating! 1 image submitted successfully.
Follow us on Instagram to increase your chances of winning.
2026-04-21 04:22:02  DEBUG     +917916837939    SUCCESS   Thanks for participating! 1 image submitted successfully.
Follow us on Instagram to increase your chances of winning.
2026-04-21 04:22:10  DEBUG     +918870388463    SUCCESS   Thanks for participating! 1 image submitted successfully.
Follow us on Instagram to increase your chances of winning.
2026-04-21 04:22:18  DEBUG     +916952369213    SUCCESS   Thanks for participating! 1 image submitted successfully.
Follow us on Instagram to increase your chances of winning.
2026-04-21 04:22:25  DEBUG     +918106450478    SUCCESS   Thanks for participating! 1 image submitted successfully.
Follow us on Instagram to increase your chances of winning.
2026-04-21 04:22:25  DEBUG     Batch 10/50 — 5 pair(s)
2026-04-21 04:22:33  DEBUG     +916888142521    SUCCESS   Thanks for participating! 1 image submitted successfully.
Follow us on Instagram to increase your chances of winning.
2026-04-21 04:22:43  DEBUG     +916169909253    SUCCESS   Thanks for participating! 1 image submitted successfully.
Follow us on Instagram to increase your chances of winning.
2026-04-21 04:22:51  DEBUG     +917525433755    SUCCESS   Thanks for participating! 1 image submitted successfully.
Follow us on Instagram to increase your chances of winning.
2026-04-21 04:22:59  DEBUG     +917870869846    SUCCESS   Thanks for participating! 1 image submitted successfully.
Follow us on Instagram to increase your chances of winning.
2026-04-21 04:23:06  DEBUG     +919948876958    SUCCESS   Thanks for participating! 1 image submitted successfully.
Follow us on Instagram to increase your chances of winning.
2026-04-21 04:23:06  DEBUG     Batch 11/50 — 5 pair(s)
2026-04-21 04:23:14  DEBUG     +919319036338    SUCCESS   Thanks for participating! 1 image submitted successfully.
Follow us on Instagram to increase your chances of winning.
2026-04-21 04:23:21  DEBUG     +917628939993    SUCCESS   Thanks for participating! 1 image submitted successfully.
Follow us on Instagram to increase your chances of winning.
2026-04-21 04:23:31  DEBUG     +916456014522    SUCCESS   Thanks for participating! 1 image submitted successfully.
Follow us on Instagram to increase your chances of winning.
2026-04-21 04:23:39  DEBUG     +919909842216    SUCCESS   Thanks for participating! 1 image submitted successfully.
Follow us on Instagram to increase your chances of winning.
2026-04-21 04:23:49  DEBUG     +917306336897    SUCCESS   Thanks for participating! 1 image submitted successfully.
Follow us on Instagram to increase your chances of winning.
2026-04-21 04:23:49  DEBUG     Batch 12/50 — 5 pair(s)
2026-04-21 04:24:00  DEBUG     +916003631921    SUCCESS   Thanks for participating! 1 image submitted successfully.
Follow us on Instagram to increase your chances of winning.
2026-04-21 04:24:08  DEBUG     +916954239818    SUCCESS   Thanks for participating! 1 image submitted successfully.
Follow us on Instagram to increase your chances of winning.
2026-04-21 04:24:17  DEBUG     +916719014381    SUCCESS   Thanks for participating! 1 image submitted successfully.
Follow us on Instagram to increase your chances of winning.
2026-04-21 04:24:27  DEBUG     +916632809030    SUCCESS   Thanks for participating! 1 image submitted successfully.
Follow us on Instagram to increase your chances of winning.
2026-04-21 04:24:34  DEBUG     +917902693179    SUCCESS   Thanks for participating! 1 image submitted successfully.
Follow us on Instagram to increase your chances of winning.
2026-04-21 04:24:34  DEBUG     Batch 13/50 — 5 pair(s)
2026-04-21 04:24:42  DEBUG     +916611792918    SUCCESS   Thanks for participating! 1 image submitted successfully.
Follow us on Instagram to increase your chances of winning.
2026-04-21 04:24:50  DEBUG     +919606829869    SUCCESS   Thanks for participating! 1 image submitted successfully.
Follow us on Instagram to increase your chances of winning.
2026-04-21 04:24:57  DEBUG     +916181876715    SUCCESS   Thanks for participating! 1 image submitted successfully.
Follow us on Instagram to increase your chances of winning.
2026-04-21 04:25:08  DEBUG     +917070160081    SUCCESS   Thanks for participating! 1 image submitted successfully.
Follow us on Instagram to increase your chances of winning.
2026-04-21 04:25:16  DEBUG     +919673319086    SUCCESS   Thanks for participating! 1 image submitted successfully.
Follow us on Instagram to increase your chances of winning.
2026-04-21 04:25:16  DEBUG     Batch 14/50 — 5 pair(s)
2026-04-21 04:25:23  DEBUG     +916890221491    SUCCESS   Thanks for participating! 1 image submitted successfully.
Follow us on Instagram to increase your chances of winning.
2026-04-21 04:25:31  DEBUG     +919169030603    SUCCESS   Thanks for participating! 1 image submitted successfully.
Follow us on Instagram to increase your chances of winning.
2026-04-21 04:25:41  DEBUG     +917379423497    SUCCESS   Thanks for participating! 1 image submitted successfully.
Follow us on Instagram to increase your chances of winning.
2026-04-21 04:25:50  DEBUG     +919370025698    SUCCESS   Thanks for participating! 1 image submitted successfully.
Follow us on Instagram to increase your chances of winning.
2026-04-21 04:26:00  DEBUG     +919187806640    SUCCESS   Thanks for participating! 1 image submitted successfully.
Follow us on Instagram to increase your chances of winning.
2026-04-21 04:26:00  DEBUG     Batch 15/50 — 5 pair(s)
2026-04-21 04:26:07  DEBUG     +917878651526    SUCCESS   Thanks for participating! 1 image submitted successfully.
Follow us on Instagram to increase your chances of winning.
2026-04-21 04:26:17  DEBUG     +919428380311    SUCCESS   Thanks for participating! 1 image submitted successfully.
Follow us on Instagram to increase your chances of winning.
2026-04-21 04:26:28  DEBUG     +916352600681    SUCCESS   Thanks for participating! 1 image submitted successfully.
Follow us on Instagram to increase your chances of winning.
2026-04-21 04:26:38  DEBUG     +919589373952    SUCCESS   Thanks for participating! 1 image submitted successfully.
Follow us on Instagram to increase your chances of winning.
2026-04-21 04:26:46  DEBUG     +917492807470    SUCCESS   Thanks for participating! 1 image submitted successfully.
Follow us on Instagram to increase your chances of winning.
2026-04-21 04:26:46  DEBUG     Batch 16/50 — 5 pair(s)
2026-04-21 04:26:54  DEBUG     +918957085855    SUCCESS   Thanks for participating! 1 image submitted successfully.
Follow us on Instagram to increase your chances of winning.
2026-04-21 04:27:02  DEBUG     +916447423111    SUCCESS   Thanks for participating! 1 image submitted successfully.
Follow us on Instagram to increase your chances of winning.
2026-04-21 04:27:10  DEBUG     +916428341124    SUCCESS   Thanks for participating! 1 image submitted successfully.
Follow us on Instagram to increase your chances of winning.
2026-04-21 04:27:18  DEBUG     +918042105013    SUCCESS   Thanks for participating! 1 image submitted successfully.
Follow us on Instagram to increase your chances of winning.
2026-04-21 04:27:26  DEBUG     +916033138083    SUCCESS   Thanks for participating! 1 image submitted successfully.
Follow us on Instagram to increase your chances of winning.
2026-04-21 04:27:26  DEBUG     Batch 17/50 — 5 pair(s)
2026-04-21 04:27:34  DEBUG     +919370052933    SUCCESS   Thanks for participating! 1 image submitted successfully.
Follow us on Instagram to increase your chances of winning.
2026-04-21 04:27:42  DEBUG     +917328308928    SUCCESS   Thanks for participating! 1 image submitted successfully.
Follow us on Instagram to increase your chances of winning.
2026-04-21 04:27:50  DEBUG     +917398707753    SUCCESS   Thanks for participating! 1 image submitted successfully.
Follow us on Instagram to increase your chances of winning.
2026-04-21 04:28:00  DEBUG     +918972894294    SUCCESS   Thanks for participating! 1 image submitted successfully.
Follow us on Instagram to increase your chances of winning.
2026-04-21 04:28:08  DEBUG     +919027810714    SUCCESS   Thanks for participating! 1 image submitted successfully.
Follow us on Instagram to increase your chances of winning.
2026-04-21 04:28:08  DEBUG     Batch 18/50 — 5 pair(s)
2026-04-21 04:28:16  DEBUG     +916399496925    SUCCESS   Thanks for participating! 1 image submitted successfully.
Follow us on Instagram to increase your chances of winning.
2026-04-21 04:28:24  DEBUG     +917630315315    SUCCESS   Thanks for participating! 1 image submitted successfully.
Follow us on Instagram to increase your chances of winning.
2026-04-21 04:28:32  DEBUG     +919386208688    SUCCESS   Thanks for participating! 1 image submitted successfully.
Follow us on Instagram to increase your chances of winning.
2026-04-21 04:28:40  DEBUG     +919093968719    SUCCESS   Thanks for participating! 1 image submitted successfully.
Follow us on Instagram to increase your chances of winning.
2026-04-21 04:28:48  DEBUG     +918090878193    SUCCESS   Thanks for participating! 1 image submitted successfully.
Follow us on Instagram to increase your chances of winning.
2026-04-21 04:28:48  DEBUG     Batch 19/50 — 5 pair(s)
2026-04-21 04:28:56  DEBUG     +917251525163    SUCCESS   Thanks for participating! 1 image submitted successfully.
Follow us on Instagram to increase your chances of winning.
2026-04-21 04:29:04  DEBUG     +917263740147    SUCCESS   Thanks for participating! 1 image submitted successfully.
Follow us on Instagram to increase your chances of winning.
2026-04-21 04:29:12  DEBUG     +917016945453    SUCCESS   Thanks for participating! 1 image submitted successfully.
Follow us on Instagram to increase your chances of winning.
2026-04-21 04:29:20  DEBUG     +918038446054    SUCCESS   Thanks for participating! 1 image submitted successfully.
Follow us on Instagram to increase your chances of winning.
2026-04-21 04:29:28  DEBUG     +917313011593    SUCCESS   Thanks for participating! 1 image submitted successfully.
Follow us on Instagram to increase your chances of winning.
2026-04-21 04:29:28  DEBUG     Batch 20/50 — 5 pair(s)
2026-04-21 04:29:36  DEBUG     +919275046329    SUCCESS   Thanks for participating! 1 image submitted successfully.
Follow us on Instagram to increase your chances of winning.
2026-04-21 04:29:44  DEBUG     +916265602372    SUCCESS   Thanks for participating! 1 image submitted successfully.
Follow us on Instagram to increase your chances of winning.
2026-04-21 04:29:52  DEBUG     +917714596041    SUCCESS   Thanks for participating! 1 image submitted successfully.
Follow us on Instagram to increase your chances of winning.
2026-04-21 04:30:00  DEBUG     +918452097196    SUCCESS   Thanks for participating! 1 image submitted successfully.
Follow us on Instagram to increase your chances of winning.
2026-04-21 04:30:08  DEBUG     +918258113134    SUCCESS   Thanks for participating! 1 image submitted successfully.
Follow us on Instagram to increase your chances of winning.
2026-04-21 04:30:08  DEBUG     Batch 21/50 — 5 pair(s)
2026-04-21 04:30:18  DEBUG     +916608031881    SUCCESS   Thanks for participating! 1 image submitted successfully.
Follow us on Instagram to increase your chances of winning.
2026-04-21 04:30:27  DEBUG     +919804823911    SUCCESS   Thanks for participating! 1 image submitted successfully.
Follow us on Instagram to increase your chances of winning.
2026-04-21 04:30:38  DEBUG     +919901533188    SUCCESS   Thanks for participating! 1 image submitted successfully.
Follow us on Instagram to increase your chances of winning.
2026-04-21 04:30:48  DEBUG     +916167213908    SUCCESS   Thanks for participating! 1 image submitted successfully.
Follow us on Instagram to increase your chances of winning.
2026-04-21 04:30:56  DEBUG     +918631801098    SUCCESS   Thanks for participating! 1 image submitted successfully.
Follow us on Instagram to increase your chances of winning.
2026-04-21 04:30:56  DEBUG     Batch 22/50 — 5 pair(s)
2026-04-21 04:31:04  DEBUG     +917392334357    SUCCESS   Thanks for participating! 1 image submitted successfully.
Follow us on Instagram to increase your chances of winning.
2026-04-21 04:31:12  DEBUG     +918206236601    SUCCESS   Thanks for participating! 1 image submitted successfully.
Follow us on Instagram to increase your chances of winning.
2026-04-21 04:31:20  DEBUG     +916458972891    SUCCESS   Thanks for participating! 1 image submitted successfully.
Follow us on Instagram to increase your chances of winning.
2026-04-21 04:31:28  DEBUG     +918987898712    SUCCESS   Thanks for participating! 1 image submitted successfully.
Follow us on Instagram to increase your chances of winning.
2026-04-21 04:31:38  DEBUG     +916070092930    SUCCESS   Thanks for participating! 1 image submitted successfully.
Follow us on Instagram to increase your chances of winning.
2026-04-21 04:31:38  DEBUG     Batch 23/50 — 5 pair(s)
2026-04-21 04:31:46  DEBUG     +916657777934    SUCCESS   Thanks for participating! 1 image submitted successfully.
Follow us on Instagram to increase your chances of winning.
2026-04-21 04:31:55  DEBUG     +918008870260    SUCCESS   Thanks for participating! 1 image submitted successfully.
Follow us on Instagram to increase your chances of winning.
2026-04-21 04:32:02  DEBUG     +916030302820    SUCCESS   Thanks for participating! 1 image submitted successfully.
Follow us on Instagram to increase your chances of winning.
2026-04-21 04:32:12  DEBUG     +917815152096    SUCCESS   Thanks for participating! 1 image submitted successfully.
Follow us on Instagram to increase your chances of winning.
2026-04-21 04:32:20  DEBUG     +916647852463    SUCCESS   Thanks for participating! 1 image submitted successfully.
Follow us on Instagram to increase your chances of winning.
2026-04-21 04:32:20  DEBUG     Batch 24/50 — 5 pair(s)
2026-04-21 04:32:27  DEBUG     +916269622982    SUCCESS   Thanks for participating! 1 image submitted successfully.
Follow us on Instagram to increase your chances of winning.
2026-04-21 04:32:37  DEBUG     +917521944530    SUCCESS   Thanks for participating! 1 image submitted successfully.
Follow us on Instagram to increase your chances of winning.
2026-04-21 04:32:47  DEBUG     +916974547438    SUCCESS   Thanks for participating! 1 image submitted successfully.
Follow us on Instagram to increase your chances of winning.
2026-04-21 04:32:55  DEBUG     +918551352161    SUCCESS   Thanks for participating! 1 image submitted successfully.
Follow us on Instagram to increase your chances of winning.
2026-04-21 04:33:02  DEBUG     +917493849229    SUCCESS   Thanks for participating! 1 image submitted successfully.
Follow us on Instagram to increase your chances of winning.
2026-04-21 04:33:02  DEBUG     Batch 25/50 — 5 pair(s)
2026-04-21 04:33:12  DEBUG     +917029677748    SUCCESS   Thanks for participating! 1 image submitted successfully.
Follow us on Instagram to increase your chances of winning.
2026-04-21 04:33:20  DEBUG     +917858719995    SUCCESS   Thanks for participating! 1 image submitted successfully.
Follow us on Instagram to increase your chances of winning.
2026-04-21 04:33:28  DEBUG     +916041380911    SUCCESS   Thanks for participating! 1 image submitted successfully.
Follow us on Instagram to increase your chances of winning.
2026-04-21 04:33:36  DEBUG     +916053365733    SUCCESS   Thanks for participating! 1 image submitted successfully.
Follow us on Instagram to increase your chances of winning.
2026-04-21 04:33:44  DEBUG     +918712055018    SUCCESS   Thanks for participating! 1 image submitted successfully.
Follow us on Instagram to increase your chances of winning.
2026-04-21 04:33:44  DEBUG     Batch 26/50 — 5 pair(s)
2026-04-21 04:33:51  DEBUG     +916227315025    SUCCESS   Thanks for participating! 1 image submitted successfully.
Follow us on Instagram to increase your chances of winning.
2026-04-21 04:34:02  DEBUG     +917322385185    SUCCESS   Thanks for participating! 1 image submitted successfully.
Follow us on Instagram to increase your chances of winning.
2026-04-21 04:34:09  DEBUG     +918083836707    SUCCESS   Thanks for participating! 1 image submitted successfully.
Follow us on Instagram to increase your chances of winning.
2026-04-21 04:34:16  DEBUG     +917988448215    SUCCESS   Thanks for participating! 1 image submitted successfully.
Follow us on Instagram to increase your chances of winning.
2026-04-21 04:34:23  DEBUG     +917541272021    SUCCESS   Thanks for participating! 1 image submitted successfully.
Follow us on Instagram to increase your chances of winning.
2026-04-21 04:34:23  DEBUG     Batch 27/50 — 5 pair(s)
2026-04-21 04:34:31  DEBUG     +919052754965    SUCCESS   Thanks for participating! 1 image submitted successfully.
Follow us on Instagram to increase your chances of winning.
2026-04-21 04:34:42  DEBUG     +918947761605    SUCCESS   Thanks for participating! 1 image submitted successfully.
Follow us on Instagram to increase your chances of winning.
2026-04-21 04:34:49  DEBUG     +916081241448    SUCCESS   Thanks for participating! 1 image submitted successfully.
Follow us on Instagram to increase your chances of winning.
2026-04-21 04:35:00  DEBUG     +916745277929    SUCCESS   Thanks for participating! 1 image submitted successfully.
Follow us on Instagram to increase your chances of winning.
2026-04-21 04:35:08  DEBUG     +919102257563    SUCCESS   Thanks for participating! 1 image submitted successfully.
Follow us on Instagram to increase your chances of winning.
2026-04-21 04:35:08  DEBUG     Batch 28/50 — 5 pair(s)
2026-04-21 04:35:16  DEBUG     +918964666970    SUCCESS   Thanks for participating! 1 image submitted successfully.
Follow us on Instagram to increase your chances of winning.
2026-04-21 04:35:23  DEBUG     +918484257192    SUCCESS   Thanks for participating! 1 image submitted successfully.
Follow us on Instagram to increase your chances of winning.
2026-04-21 04:35:34  DEBUG     +917516956222    SUCCESS   Thanks for participating! 1 image submitted successfully.
Follow us on Instagram to increase your chances of winning.
2026-04-21 04:35:44  DEBUG     +917169456849    SUCCESS   Thanks for participating! 1 image submitted successfully.
Follow us on Instagram to increase your chances of winning.
2026-04-21 04:35:52  DEBUG     +918589933291    SUCCESS   Thanks for participating! 1 image submitted successfully.
Follow us on Instagram to increase your chances of winning.
2026-04-21 04:35:52  DEBUG     Batch 29/50 — 5 pair(s)
2026-04-21 04:36:00  DEBUG     +918577329191    SUCCESS   Thanks for participating! 1 image submitted successfully.
Follow us on Instagram to increase your chances of winning.
2026-04-21 04:36:08  DEBUG     +919231064886    SUCCESS   Thanks for participating! 1 image submitted successfully.
Follow us on Instagram to increase your chances of winning.
2026-04-21 04:36:16  DEBUG     +916013289259    SUCCESS   Thanks for participating! 1 image submitted successfully.
Follow us on Instagram to increase your chances of winning.
2026-04-21 04:36:24  DEBUG     +916993516641    SUCCESS   Thanks for participating! 1 image submitted successfully.
Follow us on Instagram to increase your chances of winning.
2026-04-21 04:36:34  DEBUG     +917336616670    SUCCESS   Thanks for participating! 1 image submitted successfully.
Follow us on Instagram to increase your chances of winning.
2026-04-21 04:36:34  DEBUG     Batch 30/50 — 5 pair(s)
2026-04-21 04:36:41  DEBUG     +917272495513    SUCCESS   Thanks for participating! 1 image submitted successfully.
Follow us on Instagram to increase your chances of winning.
2026-04-21 04:36:49  DEBUG     +918219036259    SUCCESS   Thanks for participating! 1 image submitted successfully.
Follow us on Instagram to increase your chances of winning.
2026-04-21 04:36:59  DEBUG     +918241820342    SUCCESS   Thanks for participating! 1 image submitted successfully.
Follow us on Instagram to increase your chances of winning.
2026-04-21 04:37:06  DEBUG     +917075161696    SUCCESS   Thanks for participating! 1 image submitted successfully.
Follow us on Instagram to increase your chances of winning.
2026-04-21 04:37:17  DEBUG     +917374759262    SUCCESS   Thanks for participating! 1 image submitted successfully.
Follow us on Instagram to increase your chances of winning.
2026-04-21 04:37:17  DEBUG     Batch 31/50 — 5 pair(s)
2026-04-21 04:37:25  DEBUG     +918239335654    SUCCESS   Thanks for participating! 1 image submitted successfully.
Follow us on Instagram to increase your chances of winning.
2026-04-21 04:37:32  DEBUG     +917324578347    SUCCESS   Thanks for participating! 1 image submitted successfully.
Follow us on Instagram to increase your chances of winning.
2026-04-21 04:37:40  DEBUG     +918029631942    SUCCESS   Thanks for participating! 1 image submitted successfully.
Follow us on Instagram to increase your chances of winning.
2026-04-21 04:37:48  DEBUG     +919139551176    SUCCESS   Thanks for participating! 1 image submitted successfully.
Follow us on Instagram to increase your chances of winning.
2026-04-21 04:37:56  DEBUG     +917035703196    SUCCESS   Thanks for participating! 1 image submitted successfully.
Follow us on Instagram to increase your chances of winning.
2026-04-21 04:37:56  DEBUG     Batch 32/50 — 5 pair(s)
2026-04-21 04:38:06  DEBUG     +918899554043    SUCCESS   Thanks for participating! 1 image submitted successfully.
Follow us on Instagram to increase your chances of winning.
2026-04-21 04:38:14  DEBUG     +917675770972    SUCCESS   Thanks for participating! 1 image submitted successfully.
Follow us on Instagram to increase your chances of winning.
2026-04-21 04:38:22  DEBUG     +919287917245    SUCCESS   Thanks for participating! 1 image submitted successfully.
Follow us on Instagram to increase your chances of winning.
2026-04-21 04:38:31  DEBUG     +918544902137    SUCCESS   Thanks for participating! 1 image submitted successfully.
Follow us on Instagram to increase your chances of winning.
2026-04-21 04:38:38  DEBUG     +916597619188    SUCCESS   Thanks for participating! 1 image submitted successfully.
Follow us on Instagram to increase your chances of winning.
2026-04-21 04:38:38  DEBUG     Batch 33/50 — 5 pair(s)
2026-04-21 04:38:46  DEBUG     +916481694676    SUCCESS   Thanks for participating! 1 image submitted successfully.
Follow us on Instagram to increase your chances of winning.
2026-04-21 04:38:54  DEBUG     +916499983854    SUCCESS   Thanks for participating! 1 image submitted successfully.
Follow us on Instagram to increase your chances of winning.
2026-04-21 04:39:03  DEBUG     +917964193782    SUCCESS   Thanks for participating! 1 image submitted successfully.
Follow us on Instagram to increase your chances of winning.
2026-04-21 04:39:12  DEBUG     +917064302256    SUCCESS   Thanks for participating! 1 image submitted successfully.
Follow us on Instagram to increase your chances of winning.
2026-04-21 04:39:20  DEBUG     +919961443044    SUCCESS   Thanks for participating! 1 image submitted successfully.
Follow us on Instagram to increase your chances of winning.
2026-04-21 04:39:20  DEBUG     Batch 34/50 — 5 pair(s)
2026-04-21 04:39:28  DEBUG     +918325841341    SUCCESS   Thanks for participating! 1 image submitted successfully.
Follow us on Instagram to increase your chances of winning.
2026-04-21 04:39:36  DEBUG     +917692118235    SUCCESS   Thanks for participating! 1 image submitted successfully.
Follow us on Instagram to increase your chances of winning.
2026-04-21 04:39:44  DEBUG     +917903450150    SUCCESS   Thanks for participating! 1 image submitted successfully.
Follow us on Instagram to increase your chances of winning.
2026-04-21 04:39:52  DEBUG     +918632767750    SUCCESS   Thanks for participating! 1 image submitted successfully.
Follow us on Instagram to increase your chances of winning.
2026-04-21 04:40:02  DEBUG     +918984203604    SUCCESS   Thanks for participating! 1 image submitted successfully.
Follow us on Instagram to increase your chances of winning.
2026-04-21 04:40:02  DEBUG     Batch 35/50 — 5 pair(s)
2026-04-21 04:40:10  DEBUG     +919550653608    SUCCESS   Thanks for participating! 1 image submitted successfully.
Follow us on Instagram to increase your chances of winning.
2026-04-21 04:40:18  DEBUG     +918836012334    SUCCESS   Thanks for participating! 1 image submitted successfully.
Follow us on Instagram to increase your chances of winning.
2026-04-21 04:40:26  DEBUG     +919739030159    SUCCESS   Thanks for participating! 1 image submitted successfully.
Follow us on Instagram to increase your chances of winning.
2026-04-21 04:40:34  DEBUG     +919850808785    SUCCESS   Thanks for participating! 1 image submitted successfully.
Follow us on Instagram to increase your chances of winning.
2026-04-21 04:40:42  DEBUG     +919415246977    SUCCESS   Thanks for participating! 1 image submitted successfully.
Follow us on Instagram to increase your chances of winning.
2026-04-21 04:40:42  DEBUG     Batch 36/50 — 5 pair(s)
2026-04-21 04:40:50  DEBUG     +916058700374    SUCCESS   Thanks for participating! 1 image submitted successfully.
Follow us on Instagram to increase your chances of winning.
2026-04-21 04:40:58  DEBUG     +916111122012    SUCCESS   Thanks for participating! 1 image submitted successfully.
Follow us on Instagram to increase your chances of winning.
2026-04-21 04:41:06  DEBUG     +919159625142    SUCCESS   Thanks for participating! 1 image submitted successfully.
Follow us on Instagram to increase your chances of winning.
2026-04-21 04:41:14  DEBUG     +916528744611    SUCCESS   Thanks for participating! 1 image submitted successfully.
Follow us on Instagram to increase your chances of winning.
2026-04-21 04:41:22  DEBUG     +918020238340    SUCCESS   Thanks for participating! 1 image submitted successfully.
Follow us on Instagram to increase your chances of winning.
2026-04-21 04:41:22  DEBUG     Batch 37/50 — 5 pair(s)
2026-04-21 04:41:29  DEBUG     +916138859990    SUCCESS   Thanks for participating! 1 image submitted successfully.
Follow us on Instagram to increase your chances of winning.
2026-04-21 04:41:40  DEBUG     +918656931535    SUCCESS   Thanks for participating! 1 image submitted successfully.
Follow us on Instagram to increase your chances of winning.
2026-04-21 04:41:49  DEBUG     +917617332530    SUCCESS   Thanks for participating! 1 image submitted successfully.
Follow us on Instagram to increase your chances of winning.
2026-04-21 04:42:00  DEBUG     +916519505267    SUCCESS   Thanks for participating! 1 image submitted successfully.
Follow us on Instagram to increase your chances of winning.
2026-04-21 04:42:07  DEBUG     +918247822790    SUCCESS   Thanks for participating! 1 image submitted successfully.
Follow us on Instagram to increase your chances of winning.
2026-04-21 04:42:07  DEBUG     Batch 38/50 — 5 pair(s)
2026-04-21 04:42:18  DEBUG     +919491276733    SUCCESS   Thanks for participating! 1 image submitted successfully.
Follow us on Instagram to increase your chances of winning.
2026-04-21 04:42:26  DEBUG     +918365872495    SUCCESS   Thanks for participating! 1 image submitted successfully.
Follow us on Instagram to increase your chances of winning.
2026-04-21 04:42:34  DEBUG     +918304034355    SUCCESS   Thanks for participating! 1 image submitted successfully.
Follow us on Instagram to increase your chances of winning.
2026-04-21 04:42:42  DEBUG     +919862956319    SUCCESS   Thanks for participating! 1 image submitted successfully.
Follow us on Instagram to increase your chances of winning.
2026-04-21 04:42:50  DEBUG     +919206255702    SUCCESS   Thanks for participating! 1 image submitted successfully.
Follow us on Instagram to increase your chances of winning.
2026-04-21 04:42:50  DEBUG     Batch 39/50 — 5 pair(s)
2026-04-21 04:42:58  DEBUG     +918073770179    SUCCESS   Thanks for participating! 1 image submitted successfully.
Follow us on Instagram to increase your chances of winning.
2026-04-21 04:43:07  DEBUG     +918089782357    SUCCESS   Thanks for participating! 1 image submitted successfully.
Follow us on Instagram to increase your chances of winning.
2026-04-21 04:43:15  DEBUG     +918258859121    SUCCESS   Thanks for participating! 1 image submitted successfully.
Follow us on Instagram to increase your chances of winning.
2026-04-21 04:43:22  DEBUG     +916550009983    SUCCESS   Thanks for participating! 1 image submitted successfully.
Follow us on Instagram to increase your chances of winning.
2026-04-21 04:43:30  DEBUG     +916514585977    SUCCESS   Thanks for participating! 1 image submitted successfully.
Follow us on Instagram to increase your chances of winning.
2026-04-21 04:43:30  DEBUG     Batch 40/50 — 5 pair(s)
2026-04-21 04:43:40  DEBUG     +916460883992    SUCCESS   Thanks for participating! 1 image submitted successfully.
Follow us on Instagram to increase your chances of winning.
2026-04-21 04:43:48  DEBUG     +918280124826    SUCCESS   Thanks for participating! 1 image submitted successfully.
Follow us on Instagram to increase your chances of winning.
2026-04-21 04:43:56  DEBUG     +916120817125    SUCCESS   Thanks for participating! 1 image submitted successfully.
Follow us on Instagram to increase your chances of winning.
2026-04-21 04:44:04  DEBUG     +917365011507    SUCCESS   Thanks for participating! 1 image submitted successfully.
Follow us on Instagram to increase your chances of winning.
2026-04-21 04:44:12  DEBUG     +919633484813    SUCCESS   Thanks for participating! 1 image submitted successfully.
Follow us on Instagram to increase your chances of winning.
2026-04-21 04:44:12  DEBUG     Batch 41/50 — 5 pair(s)
2026-04-21 04:44:20  DEBUG     +916713657897    SUCCESS   Thanks for participating! 1 image submitted successfully.
Follow us on Instagram to increase your chances of winning.
2026-04-21 04:44:28  DEBUG     +916253408765    SUCCESS   Thanks for participating! 1 image submitted successfully.
Follow us on Instagram to increase your chances of winning.
2026-04-21 04:44:36  DEBUG     +916908446333    SUCCESS   Thanks for participating! 1 image submitted successfully.
Follow us on Instagram to increase your chances of winning.
2026-04-21 04:44:46  DEBUG     +919601759266    SUCCESS   Thanks for participating! 1 image submitted successfully.
Follow us on Instagram to increase your chances of winning.
2026-04-21 04:44:54  DEBUG     +917904401627    SUCCESS   Thanks for participating! 1 image submitted successfully.
Follow us on Instagram to increase your chances of winning.
2026-04-21 04:44:54  DEBUG     Batch 42/50 — 5 pair(s)
2026-04-21 04:45:02  DEBUG     +919672161864    SUCCESS   Thanks for participating! 1 image submitted successfully.
Follow us on Instagram to increase your chances of winning.
2026-04-21 04:45:10  DEBUG     +918332255389    SUCCESS   Thanks for participating! 1 image submitted successfully.
Follow us on Instagram to increase your chances of winning.
2026-04-21 04:45:18  DEBUG     +919305802353    SUCCESS   Thanks for participating! 1 image submitted successfully.
Follow us on Instagram to increase your chances of winning.
2026-04-21 04:45:29  DEBUG     +919915851574    SUCCESS   Thanks for participating! 1 image submitted successfully.
Follow us on Instagram to increase your chances of winning.
2026-04-21 04:45:36  DEBUG     +918572342189    SUCCESS   Thanks for participating! 1 image submitted successfully.
Follow us on Instagram to increase your chances of winning.
2026-04-21 04:45:36  DEBUG     Batch 43/50 — 5 pair(s)
2026-04-21 04:45:44  DEBUG     +918221678933    SUCCESS   Thanks for participating! 1 image submitted successfully.
Follow us on Instagram to increase your chances of winning.
2026-04-21 04:45:54  DEBUG     +917086902417    SUCCESS   Thanks for participating! 1 image submitted successfully.
Follow us on Instagram to increase your chances of winning.
2026-04-21 04:46:02  DEBUG     +918265555713    SUCCESS   Thanks for participating! 1 image submitted successfully.
Follow us on Instagram to increase your chances of winning.
2026-04-21 04:46:19  DEBUG     +918625981493    SUCCESS   Thanks for participating! 1 image submitted successfully.
Follow us on Instagram to increase your chances of winning.
2026-04-21 04:46:31  DEBUG     +917232451426    SUCCESS   Thanks for participating! 1 image submitted successfully.
Follow us on Instagram to increase your chances of winning.
2026-04-21 04:46:31  DEBUG     Batch 44/50 — 5 pair(s)
2026-04-21 04:46:38  DEBUG     +917050417606    SUCCESS   Thanks for participating! 1 image submitted successfully.
Follow us on Instagram to increase your chances of winning.
2026-04-21 04:46:46  DEBUG     +919186818624    SUCCESS   Thanks for participating! 1 image submitted successfully.
Follow us on Instagram to increase your chances of winning.
2026-04-21 04:46:57  DEBUG     +917640407583    SUCCESS   Thanks for participating! 1 image submitted successfully.
Follow us on Instagram to increase your chances of winning.
2026-04-21 04:47:08  DEBUG     +919954468134    SUCCESS   Thanks for participating! 1 image submitted successfully.
Follow us on Instagram to increase your chances of winning.
2026-04-21 04:47:15  DEBUG     +916176489978    SUCCESS   Thanks for participating! 1 image submitted successfully.
Follow us on Instagram to increase your chances of winning.
2026-04-21 04:47:15  DEBUG     Batch 45/50 — 5 pair(s)
2026-04-21 04:47:26  DEBUG     +917345999925    SUCCESS   Thanks for participating! 1 image submitted successfully.
Follow us on Instagram to increase your chances of winning.
2026-04-21 04:47:34  DEBUG     +918665313439    SUCCESS   Thanks for participating! 1 image submitted successfully.
Follow us on Instagram to increase your chances of winning.
2026-04-21 04:47:43  DEBUG     +918539387366    SUCCESS   Thanks for participating! 1 image submitted successfully.
Follow us on Instagram to increase your chances of winning.
2026-04-21 04:47:51  DEBUG     +916295040337    SUCCESS   Thanks for participating! 1 image submitted successfully.
Follow us on Instagram to increase your chances of winning.
2026-04-21 04:47:59  DEBUG     +918573190589    SUCCESS   Thanks for participating! 1 image submitted successfully.
Follow us on Instagram to increase your chances of winning.
2026-04-21 04:47:59  DEBUG     Batch 46/50 — 5 pair(s)
2026-04-21 04:48:06  DEBUG     +919567483885    SUCCESS   Thanks for participating! 1 image submitted successfully.
Follow us on Instagram to increase your chances of winning.
2026-04-21 04:48:14  DEBUG     +916964186915    SUCCESS   Thanks for participating! 1 image submitted successfully.
Follow us on Instagram to increase your chances of winning.
2026-04-21 04:48:22  DEBUG     +918561857033    SUCCESS   Thanks for participating! 1 image submitted successfully.
Follow us on Instagram to increase your chances of winning.
2026-04-21 04:48:31  DEBUG     +919565551539    SUCCESS   Thanks for participating! 1 image submitted successfully.
Follow us on Instagram to increase your chances of winning.
2026-04-21 04:48:39  DEBUG     +919981004828    SUCCESS   Thanks for participating! 1 image submitted successfully.
Follow us on Instagram to increase your chances of winning.
2026-04-21 04:48:39  DEBUG     Batch 47/50 — 5 pair(s)
2026-04-21 04:48:47  DEBUG     +918570727804    SUCCESS   Thanks for participating! 1 image submitted successfully.
Follow us on Instagram to increase your chances of winning.
2026-04-21 04:48:54  DEBUG     +916691958504    SUCCESS   Thanks for participating! 1 image submitted successfully.
Follow us on Instagram to increase your chances of winning.
2026-04-21 04:49:02  DEBUG     +916304936550    SUCCESS   Thanks for participating! 1 image submitted successfully.
Follow us on Instagram to increase your chances of winning.
2026-04-21 04:49:12  DEBUG     +918404418271    SUCCESS   Thanks for participating! 1 image submitted successfully.
Follow us on Instagram to increase your chances of winning.
2026-04-21 04:49:20  DEBUG     +918010331754    SUCCESS   Thanks for participating! 1 image submitted successfully.
Follow us on Instagram to increase your chances of winning.
2026-04-21 04:49:20  DEBUG     Batch 48/50 — 5 pair(s)
2026-04-21 04:49:28  DEBUG     +919372584908    SUCCESS   Thanks for participating! 1 image submitted successfully.
Follow us on Instagram to increase your chances of winning.
2026-04-21 04:49:43  DEBUG     +918480678708    SUCCESS   Thanks for participating! 1 image submitted successfully.
Follow us on Instagram to increase your chances of winning.
2026-04-21 04:49:50  DEBUG     +917932303734    SUCCESS   Thanks for participating! 1 image submitted successfully.
Follow us on Instagram to increase your chances of winning.
2026-04-21 04:49:58  DEBUG     +917715313578    SUCCESS   Thanks for participating! 1 image submitted successfully.
Follow us on Instagram to increase your chances of winning.
2026-04-21 04:50:05  DEBUG     +917367911513    SUCCESS   Thanks for participating! 1 image submitted successfully.
Follow us on Instagram to increase your chances of winning.
2026-04-21 04:50:05  DEBUG     Batch 49/50 — 5 pair(s)
2026-04-21 04:50:16  DEBUG     +918022239324    SUCCESS   Thanks for participating! 1 image submitted successfully.
Follow us on Instagram to increase your chances of winning.
2026-04-21 04:50:24  DEBUG     +916252342383    SUCCESS   Thanks for participating! 1 image submitted successfully.
Follow us on Instagram to increase your chances of winning.
2026-04-21 04:50:32  DEBUG     +917833666718    SUCCESS   Thanks for participating! 1 image submitted successfully.
Follow us on Instagram to increase your chances of winning.
2026-04-21 04:50:40  DEBUG     +916663718099    SUCCESS   Thanks for participating! 1 image submitted successfully.
Follow us on Instagram to increase your chances of winning.
2026-04-21 04:50:48  DEBUG     +918414783388    SUCCESS   Thanks for participating! 1 image submitted successfully.
Follow us on Instagram to increase your chances of winning.
2026-04-21 04:50:48  DEBUG     Batch 50/50 — 5 pair(s)
2026-04-21 04:50:55  DEBUG     +916792451126    SUCCESS   Thanks for participating! 1 image submitted successfully.
Follow us on Instagram to increase your chances of winning.
2026-04-21 04:51:05  DEBUG     +917596496579    SUCCESS   Thanks for participating! 1 image submitted successfully.
Follow us on Instagram to increase your chances of winning.
2026-04-21 04:51:14  DEBUG     +919590960521    SUCCESS   Thanks for participating! 1 image submitted successfully.
Follow us on Instagram to increase your chances of winning.
2026-04-21 04:51:22  DEBUG     +918983533587    SUCCESS   Thanks for participating! 1 image submitted successfully.
Follow us on Instagram to increase your chances of winning.
2026-04-21 04:51:30  DEBUG     +917403043743    SUCCESS   Thanks for participating! 1 image submitted successfully.
Follow us on Instagram to increase your chances of winning.
2026-04-21 04:51:30  INFO      Exporting results…
2026-04-21 04:51:30  INFO      Successful numbers → /home/amaan/green-automation/successful_numbers.csv
2026-04-21 04:51:30  INFO      Failed numbers     → /home/amaan/green-automation/failed_numbers.csv
2026-04-21 04:51:30  INFO      Run complete — attempted=3352  success=3229  failed=123
2026-04-21 04:51:30  INFO      Cleaning up images folder…
2026-04-21 04:51:30  INFO      Images folder removed.
2026-04-21 04:51:30  INFO      Run finished.
2026-04-21 11:56:31  INFO      Run started — count=250  batch_size=5  dry_run=False  resume=True
2026-04-21 11:56:31  INFO      --resume: no exhausted numbers found, nothing to skip
2026-04-21 11:56:31  INFO      Generating phone numbers…
2026-04-21 11:56:31  INFO      Generated 250 phone number(s) (0 skipped via --resume)
2026-04-21 11:56:31  INFO      Generating 250 image(s)…
2026-04-21 11:56:42  INFO      Images written to: /home/amaan/green-automation/images
2026-04-21 11:56:42  INFO      Starting live registrations in batches of 5…
2026-04-21 11:56:42  DEBUG     Batch 1/50 — 5 pair(s)
2026-04-21 11:56:50  DEBUG     +918919610148    FAILED    Navigation error: Page.goto: net::ERR_CONNECTION_RESET at https://greendotball.com/?utm_source=ViralFission&utm_medium=VF95
Call log:
navigating to "https://greendotball.com/?utm_source=ViralFission&utm_medium=VF95", waiting until "domcontentloaded"

2026-04-21 11:57:13  DEBUG     +918086794991    FAILED    Page load timed out
2026-04-21 11:57:35  DEBUG     +918555398316    FAILED    Page load timed out
2026-04-21 11:57:52  DEBUG     +919628898081    FAILED    Navigation error: Page.goto: net::ERR_CONNECTION_RESET at https://greendotball.com/?utm_source=ViralFission&utm_medium=VF95
Call log:
navigating to "https://greendotball.com/?utm_source=ViralFission&utm_medium=VF95", waiting until "domcontentloaded"

2026-04-21 11:58:02  DEBUG     +916673220790    FAILED    Navigation error: Page.goto: net::ERR_CONNECTION_RESET at https://greendotball.com/?utm_source=ViralFission&utm_medium=VF95
Call log:
navigating to "https://greendotball.com/?utm_source=ViralFission&utm_medium=VF95", waiting until "domcontentloaded"

2026-04-21 11:58:02  DEBUG     Batch 2/50 — 5 pair(s)
2026-04-21 11:58:24  DEBUG     +919524641847    FAILED    Page load timed out
2026-04-21 11:58:30  DEBUG     +918070115294    FAILED    Navigation error: Page.goto: net::ERR_CONNECTION_RESET at https://greendotball.com/?utm_source=ViralFission&utm_medium=VF95
Call log:
navigating to "https://greendotball.com/?utm_source=ViralFission&utm_medium=VF95", waiting until "domcontentloaded"

2026-04-21 11:58:45  DEBUG     +917762103266    FAILED    Navigation error: Page.goto: net::ERR_CONNECTION_RESET at https://greendotball.com/?utm_source=ViralFission&utm_medium=VF95
Call log:
navigating to "https://greendotball.com/?utm_source=ViralFission&utm_medium=VF95", waiting until "domcontentloaded"

2026-04-21 11:58:52  DEBUG     +919697404745    FAILED    Navigation error: Page.goto: net::ERR_CONNECTION_RESET at https://greendotball.com/?utm_source=ViralFission&utm_medium=VF95
Call log:
navigating to "https://greendotball.com/?utm_source=ViralFission&utm_medium=VF95", waiting until "domcontentloaded"

2026-04-21 11:59:14  DEBUG     +917946161909    FAILED    Page load timed out
2026-04-21 11:59:14  DEBUG     Batch 3/50 — 5 pair(s)
2026-04-21 11:59:37  DEBUG     +918289476141    FAILED    Page load timed out
2026-04-21 11:59:45  DEBUG     +918388730271    FAILED    Navigation error: Page.goto: net::ERR_CONNECTION_RESET at https://greendotball.com/?utm_source=ViralFission&utm_medium=VF95
Call log:
navigating to "https://greendotball.com/?utm_source=ViralFission&utm_medium=VF95", waiting until "domcontentloaded"

2026-04-21 12:00:08  DEBUG     +917417170091    FAILED    Page load timed out
2026-04-21 12:00:30  DEBUG     +918461291861    FAILED    Page load timed out
2026-04-21 12:00:48  DEBUG     +917793147501    FAILED    Navigation error: Page.goto: net::ERR_CONNECTION_RESET at https://greendotball.com/?utm_source=ViralFission&utm_medium=VF95
Call log:
navigating to "https://greendotball.com/?utm_source=ViralFission&utm_medium=VF95", waiting until "domcontentloaded"

2026-04-21 12:00:48  DEBUG     Batch 4/50 — 5 pair(s)
2026-04-21 12:01:11  DEBUG     +916397686562    FAILED    Page load timed out
2026-04-21 12:01:33  DEBUG     +916218540753    FAILED    Page load timed out
2026-04-21 12:01:41  DEBUG     +916145256561    FAILED    Navigation error: Page.goto: net::ERR_CONNECTION_RESET at https://greendotball.com/?utm_source=ViralFission&utm_medium=VF95
Call log:
navigating to "https://greendotball.com/?utm_source=ViralFission&utm_medium=VF95", waiting until "domcontentloaded"

2026-04-21 12:02:04  DEBUG     +917579862921    FAILED    Page load timed out
2026-04-21 12:02:26  DEBUG     +916134360356    FAILED    Page load timed out
2026-04-21 12:02:26  DEBUG     Batch 5/50 — 5 pair(s)
2026-04-21 12:02:49  DEBUG     +917824100484    FAILED    Page load timed out
2026-04-21 12:02:59  DEBUG     +918973248897    FAILED    Navigation error: Page.goto: net::ERR_CONNECTION_RESET at https://greendotball.com/?utm_source=ViralFission&utm_medium=VF95
Call log:
navigating to "https://greendotball.com/?utm_source=ViralFission&utm_medium=VF95", waiting until "domcontentloaded"

2026-04-21 12:03:10  DEBUG     +918378871830    FAILED    Navigation error: Page.goto: net::ERR_CONNECTION_RESET at https://greendotball.com/?utm_source=ViralFission&utm_medium=VF95
Call log:
navigating to "https://greendotball.com/?utm_source=ViralFission&utm_medium=VF95", waiting until "domcontentloaded"

2026-04-21 12:03:32  DEBUG     +918406448017    FAILED    Page load timed out
2026-04-21 12:03:55  DEBUG     +918408117899    FAILED    Page load timed out
2026-04-21 12:03:55  DEBUG     Batch 6/50 — 5 pair(s)
2026-04-21 12:04:17  DEBUG     +916116173813    FAILED    Page load timed out
2026-04-21 12:04:40  DEBUG     +916367520476    FAILED    Page load timed out
2026-04-21 12:05:02  DEBUG     +917614217836    FAILED    Page load timed out
2026-04-21 12:05:11  DEBUG     +916526658095    FAILED    Navigation error: Page.goto: net::ERR_CONNECTION_RESET at https://greendotball.com/?utm_source=ViralFission&utm_medium=VF95
Call log:
navigating to "https://greendotball.com/?utm_source=ViralFission&utm_medium=VF95", waiting until "domcontentloaded"

2026-04-21 12:05:35  DEBUG     +916953376398    FAILED    0 of 1 images submitted. 1 failed — please try again.
2026-04-21 12:05:35  DEBUG     Batch 7/50 — 5 pair(s)
2026-04-21 12:05:41  DEBUG     +918917060794    FAILED    Navigation error: Page.goto: net::ERR_CONNECTION_RESET at https://greendotball.com/?utm_source=ViralFission&utm_medium=VF95
Call log:
navigating to "https://greendotball.com/?utm_source=ViralFission&utm_medium=VF95", waiting until "domcontentloaded"

2026-04-21 12:06:04  DEBUG     +917343333144    FAILED    Page load timed out
2026-04-21 12:06:26  DEBUG     +918103965403    FAILED    Page load timed out
2026-04-21 12:06:49  DEBUG     +919986537357    FAILED    Page load timed out
2026-04-21 12:06:54  DEBUG     +918529487662    FAILED    Navigation error: Page.goto: net::ERR_CONNECTION_RESET at https://greendotball.com/?utm_source=ViralFission&utm_medium=VF95
Call log:
navigating to "https://greendotball.com/?utm_source=ViralFission&utm_medium=VF95", waiting until "domcontentloaded"

2026-04-21 12:06:54  DEBUG     Batch 8/50 — 5 pair(s)
2026-04-21 12:07:17  DEBUG     +917967513404    FAILED    Page load timed out
2026-04-21 12:07:39  DEBUG     +916176461097    FAILED    Page load timed out
2026-04-21 12:08:02  DEBUG     +918182285909    FAILED    Page load timed out
2026-04-21 12:08:12  DEBUG     +917923200116    FAILED    Navigation error: Page.goto: net::ERR_CONNECTION_RESET at https://greendotball.com/?utm_source=ViralFission&utm_medium=VF95
Call log:
navigating to "https://greendotball.com/?utm_source=ViralFission&utm_medium=VF95", waiting until "domcontentloaded"

2026-04-21 12:08:35  DEBUG     +918418393868    FAILED    Page load timed out
2026-04-21 12:08:35  DEBUG     Batch 9/50 — 5 pair(s)
2026-04-21 12:08:57  DEBUG     +916485047576    FAILED    Page load timed out
2026-04-21 12:09:20  DEBUG     +916178574499    FAILED    Page load timed out
2026-04-21 12:09:29  DEBUG     +917385992742    FAILED    Navigation error: Page.goto: net::ERR_CONNECTION_RESET at https://greendotball.com/?utm_source=ViralFission&utm_medium=VF95
Call log:
navigating to "https://greendotball.com/?utm_source=ViralFission&utm_medium=VF95", waiting until "domcontentloaded"

2026-04-21 12:09:51  DEBUG     +916838500584    FAILED    Page load timed out
2026-04-21 12:09:55  DEBUG     +916300088607    FAILED    Navigation error: Page.goto: net::ERR_CONNECTION_RESET at https://greendotball.com/?utm_source=ViralFission&utm_medium=VF95
Call log:
navigating to "https://greendotball.com/?utm_source=ViralFission&utm_medium=VF95", waiting until "domcontentloaded"

2026-04-21 12:09:55  DEBUG     Batch 10/50 — 5 pair(s)
2026-04-21 12:10:17  DEBUG     +917947904511    FAILED    Page load timed out
2026-04-21 12:10:33  DEBUG     +918952361734    FAILED    Navigation error: Page.goto: net::ERR_CONNECTION_RESET at https://greendotball.com/?utm_source=ViralFission&utm_medium=VF95
Call log:
navigating to "https://greendotball.com/?utm_source=ViralFission&utm_medium=VF95", waiting until "domcontentloaded"

2026-04-21 12:10:56  DEBUG     +919320834397    FAILED    Page load timed out
2026-04-21 12:11:18  DEBUG     +916849160349    FAILED    Page load timed out
2026-04-21 12:11:41  DEBUG     +916714771935    FAILED    Page load timed out
2026-04-21 12:11:41  DEBUG     Batch 11/50 — 5 pair(s)
2026-04-21 12:12:05  DEBUG     +919910332311    FAILED    0 of 1 images submitted. 1 failed — please try again.
2026-04-21 12:12:28  DEBUG     +917540496861    FAILED    Page load timed out
2026-04-21 12:12:50  DEBUG     +917009330799    FAILED    Page load timed out
2026-04-21 12:13:13  DEBUG     +916448007716    FAILED    Page load timed out
2026-04-21 12:13:35  DEBUG     +917808157298    FAILED    Page load timed out
2026-04-21 12:13:35  DEBUG     Batch 12/50 — 5 pair(s)
2026-04-21 12:13:58  DEBUG     +919124586642    FAILED    Page load timed out
2026-04-21 12:14:20  DEBUG     +917434005960    FAILED    Page load timed out
2026-04-21 12:14:43  DEBUG     +916750847351    FAILED    Page load timed out
2026-04-21 12:15:05  DEBUG     +916884330749    FAILED    Page load timed out
2026-04-21 12:15:28  DEBUG     +916226818661    FAILED    Page load timed out
2026-04-21 12:15:28  DEBUG     Batch 13/50 — 5 pair(s)
2026-04-21 12:15:36  DEBUG     +918774408037    FAILED    Navigation error: Page.goto: net::ERR_CONNECTION_RESET at https://greendotball.com/?utm_source=ViralFission&utm_medium=VF95
Call log:
navigating to "https://greendotball.com/?utm_source=ViralFission&utm_medium=VF95", waiting until "domcontentloaded"

2026-04-21 12:15:59  DEBUG     +918412182535    FAILED    Page load timed out
2026-04-21 12:16:15  DEBUG     +916997441069    FAILED    Navigation error: Page.goto: net::ERR_CONNECTION_RESET at https://greendotball.com/?utm_source=ViralFission&utm_medium=VF95
Call log:
navigating to "https://greendotball.com/?utm_source=ViralFission&utm_medium=VF95", waiting until "domcontentloaded"

2026-04-21 12:16:37  DEBUG     +919127308593    FAILED    Page load timed out
2026-04-21 12:16:43  DEBUG     +919917602960    FAILED    Navigation error: Page.goto: net::ERR_CONNECTION_RESET at https://greendotball.com/?utm_source=ViralFission&utm_medium=VF95
Call log:
navigating to "https://greendotball.com/?utm_source=ViralFission&utm_medium=VF95", waiting until "domcontentloaded"

2026-04-21 12:16:43  DEBUG     Batch 14/50 — 5 pair(s)
2026-04-21 12:17:05  DEBUG     +917048601757    FAILED    Page load timed out
2026-04-21 12:17:12  DEBUG     +919207872718    FAILED    Navigation error: Page.goto: net::ERR_CONNECTION_RESET at https://greendotball.com/?utm_source=ViralFission&utm_medium=VF95
Call log:
navigating to "https://greendotball.com/?utm_source=ViralFission&utm_medium=VF95", waiting until "domcontentloaded"

2026-04-21 12:17:35  DEBUG     +917859364886    FAILED    Page load timed out
2026-04-21 12:17:57  DEBUG     +919928014723    FAILED    Page load timed out
2026-04-21 12:18:04  DEBUG     +919051551857    FAILED    Navigation error: Page.goto: net::ERR_CONNECTION_RESET at https://greendotball.com/?utm_source=ViralFission&utm_medium=VF95
Call log:
navigating to "https://greendotball.com/?utm_source=ViralFission&utm_medium=VF95", waiting until "domcontentloaded"

2026-04-21 12:18:04  DEBUG     Batch 15/50 — 5 pair(s)
2026-04-21 12:18:13  DEBUG     +917422498506    FAILED    Navigation error: Page.goto: net::ERR_CONNECTION_RESET at https://greendotball.com/?utm_source=ViralFission&utm_medium=VF95
Call log:
navigating to "https://greendotball.com/?utm_source=ViralFission&utm_medium=VF95", waiting until "domcontentloaded"

2026-04-21 12:18:21  DEBUG     +916638331524    FAILED    Navigation error: Page.goto: net::ERR_CONNECTION_RESET at https://greendotball.com/?utm_source=ViralFission&utm_medium=VF95
Call log:
navigating to "https://greendotball.com/?utm_source=ViralFission&utm_medium=VF95", waiting until "domcontentloaded"

2026-04-21 12:18:31  DEBUG     +918676000245    FAILED    Navigation error: Page.goto: net::ERR_CONNECTION_RESET at https://greendotball.com/?utm_source=ViralFission&utm_medium=VF95
Call log:
navigating to "https://greendotball.com/?utm_source=ViralFission&utm_medium=VF95", waiting until "domcontentloaded"

2026-04-21 12:18:53  DEBUG     +918258513176    FAILED    Page load timed out
2026-04-21 12:19:15  DEBUG     +916654841495    FAILED    Page load timed out
2026-04-21 12:19:15  DEBUG     Batch 16/50 — 5 pair(s)
2026-04-21 12:19:38  DEBUG     +918346870464    FAILED    Page load timed out
2026-04-21 12:20:00  DEBUG     +916677930473    FAILED    Page load timed out
2026-04-21 12:20:23  DEBUG     +918222799566    FAILED    Page load timed out
2026-04-21 12:20:28  DEBUG     +918048191670    FAILED    Navigation error: Page.goto: net::ERR_CONNECTION_RESET at https://greendotball.com/?utm_source=ViralFission&utm_medium=VF95
Call log:
navigating to "https://greendotball.com/?utm_source=ViralFission&utm_medium=VF95", waiting until "domcontentloaded"

2026-04-21 12:20:51  DEBUG     +916628400183    FAILED    Page load timed out
2026-04-21 12:20:51  DEBUG     Batch 17/50 — 5 pair(s)
2026-04-21 12:20:54  DEBUG     +919312876368    FAILED    Navigation error: Page.goto: net::ERR_CONNECTION_RESET at https://greendotball.com/?utm_source=ViralFission&utm_medium=VF95
Call log:
navigating to "https://greendotball.com/?utm_source=ViralFission&utm_medium=VF95", waiting until "domcontentloaded"

2026-04-21 12:21:03  DEBUG     +917264002527    FAILED    Navigation error: Page.goto: net::ERR_CONNECTION_RESET at https://greendotball.com/?utm_source=ViralFission&utm_medium=VF95
Call log:
navigating to "https://greendotball.com/?utm_source=ViralFission&utm_medium=VF95", waiting until "domcontentloaded"

2026-04-21 12:21:23  DEBUG     +917720613911    FAILED    Navigation error: Page.goto: net::ERR_CONNECTION_RESET at https://greendotball.com/?utm_source=ViralFission&utm_medium=VF95
Call log:
navigating to "https://greendotball.com/?utm_source=ViralFission&utm_medium=VF95", waiting until "domcontentloaded"

2026-04-21 12:21:46  DEBUG     +919980471910    FAILED    Page load timed out
2026-04-21 12:22:08  DEBUG     +919745288836    FAILED    Page load timed out
2026-04-21 12:22:08  DEBUG     Batch 18/50 — 5 pair(s)
2026-04-21 12:22:18  DEBUG     +916199093626    FAILED    Navigation error: Page.goto: net::ERR_CONNECTION_RESET at https://greendotball.com/?utm_source=ViralFission&utm_medium=VF95
Call log:
navigating to "https://greendotball.com/?utm_source=ViralFission&utm_medium=VF95", waiting until "domcontentloaded"

2026-04-21 12:22:41  DEBUG     +918192929057    FAILED    Page load timed out
2026-04-21 12:23:03  DEBUG     +917856000885    FAILED    Page load timed out
2026-04-21 12:23:26  DEBUG     +918922721831    FAILED    Page load timed out
2026-04-21 12:23:48  DEBUG     +918976292305    FAILED    Page load timed out
2026-04-21 12:23:48  DEBUG     Batch 19/50 — 5 pair(s)
2026-04-21 12:24:11  DEBUG     +916640941133    FAILED    Page load timed out
2026-04-21 12:24:33  DEBUG     +918102395294    FAILED    Page load timed out
2026-04-21 12:24:57  DEBUG     +917597653539    FAILED    Page load timed out
2026-04-21 12:25:05  DEBUG     +916959733285    FAILED    Navigation error: Page.goto: net::ERR_CONNECTION_RESET at https://greendotball.com/?utm_source=ViralFission&utm_medium=VF95
Call log:
navigating to "https://greendotball.com/?utm_source=ViralFission&utm_medium=VF95", waiting until "domcontentloaded"

2026-04-21 12:25:18  DEBUG     +918447857707    FAILED    Navigation error: Page.goto: net::ERR_CONNECTION_RESET at https://greendotball.com/?utm_source=ViralFission&utm_medium=VF95
Call log:
navigating to "https://greendotball.com/?utm_source=ViralFission&utm_medium=VF95", waiting until "domcontentloaded"

2026-04-21 12:25:18  DEBUG     Batch 20/50 — 5 pair(s)
2026-04-21 12:25:31  DEBUG     +916230729213    FAILED    Navigation error: Page.goto: net::ERR_CONNECTION_RESET at https://greendotball.com/?utm_source=ViralFission&utm_medium=VF95
Call log:
navigating to "https://greendotball.com/?utm_source=ViralFission&utm_medium=VF95", waiting until "domcontentloaded"

2026-04-21 12:25:54  DEBUG     +919568836112    FAILED    Page load timed out
2026-04-21 12:26:16  DEBUG     +919197236530    FAILED    Page load timed out
2026-04-21 12:26:39  DEBUG     +917817844387    FAILED    Page load timed out
2026-04-21 12:26:46  DEBUG     +918317868057    FAILED    Navigation error: Page.goto: net::ERR_CONNECTION_RESET at https://greendotball.com/?utm_source=ViralFission&utm_medium=VF95
Call log:
navigating to "https://greendotball.com/?utm_source=ViralFission&utm_medium=VF95", waiting until "domcontentloaded"

2026-04-21 12:26:46  DEBUG     Batch 21/50 — 5 pair(s)
2026-04-21 12:26:53  DEBUG     +917413188136    FAILED    Navigation error: Page.goto: net::ERR_CONNECTION_RESET at https://greendotball.com/?utm_source=ViralFission&utm_medium=VF95
Call log:
navigating to "https://greendotball.com/?utm_source=ViralFission&utm_medium=VF95", waiting until "domcontentloaded"

2026-04-21 12:27:04  DEBUG     +919580334357    FAILED    Navigation error: Page.goto: net::ERR_CONNECTION_RESET at https://greendotball.com/?utm_source=ViralFission&utm_medium=VF95
Call log:
navigating to "https://greendotball.com/?utm_source=ViralFission&utm_medium=VF95", waiting until "domcontentloaded"

2026-04-21 12:27:26  DEBUG     +919227875165    FAILED    Page load timed out
2026-04-21 12:27:49  DEBUG     +916660276379    FAILED    Page load timed out
2026-04-21 12:27:56  DEBUG     +916438558744    FAILED    Navigation error: Page.goto: net::ERR_CONNECTION_RESET at https://greendotball.com/?utm_source=ViralFission&utm_medium=VF95
Call log:
navigating to "https://greendotball.com/?utm_source=ViralFission&utm_medium=VF95", waiting until "domcontentloaded"

2026-04-21 12:27:56  DEBUG     Batch 22/50 — 5 pair(s)
2026-04-21 12:28:04  DEBUG     +918049649037    FAILED    Navigation error: Page.goto: net::ERR_CONNECTION_RESET at https://greendotball.com/?utm_source=ViralFission&utm_medium=VF95
Call log:
navigating to "https://greendotball.com/?utm_source=ViralFission&utm_medium=VF95", waiting until "domcontentloaded"

2026-04-21 12:28:26  DEBUG     +917026173301    FAILED    Page load timed out
2026-04-21 12:28:38  DEBUG     +916049565458    FAILED    Navigation error: Page.goto: net::ERR_CONNECTION_RESET at https://greendotball.com/?utm_source=ViralFission&utm_medium=VF95
Call log:
navigating to "https://greendotball.com/?utm_source=ViralFission&utm_medium=VF95", waiting until "domcontentloaded"

2026-04-21 12:28:53  DEBUG     +919501272150    FAILED    Navigation error: Page.goto: net::ERR_CONNECTION_RESET at https://greendotball.com/?utm_source=ViralFission&utm_medium=VF95
Call log:
navigating to "https://greendotball.com/?utm_source=ViralFission&utm_medium=VF95", waiting until "domcontentloaded"

2026-04-21 12:29:15  DEBUG     +918639281688    FAILED    Page load timed out
2026-04-21 12:29:15  DEBUG     Batch 23/50 — 5 pair(s)
2026-04-21 12:29:37  DEBUG     +919306630721    FAILED    Page load timed out
2026-04-21 12:30:00  DEBUG     +919548141551    FAILED    Page load timed out
2026-04-21 12:30:15  DEBUG     +916378525768    FAILED    Navigation error: Page.goto: net::ERR_CONNECTION_RESET at https://greendotball.com/?utm_source=ViralFission&utm_medium=VF95
Call log:
navigating to "https://greendotball.com/?utm_source=ViralFission&utm_medium=VF95", waiting until "domcontentloaded"

2026-04-21 12:30:28  DEBUG     +916898361235    FAILED    Navigation error: Page.goto: net::ERR_CONNECTION_RESET at https://greendotball.com/?utm_source=ViralFission&utm_medium=VF95
Call log:
navigating to "https://greendotball.com/?utm_source=ViralFission&utm_medium=VF95", waiting until "domcontentloaded"

2026-04-21 12:30:51  DEBUG     +917516080073    FAILED    Page load timed out
2026-04-21 12:30:51  DEBUG     Batch 24/50 — 5 pair(s)
2026-04-21 12:31:13  DEBUG     +919920828964    FAILED    Page load timed out
2026-04-21 12:31:36  DEBUG     +917867007457    FAILED    Page load timed out
2026-04-21 12:32:04  DEBUG     +919117670256    SUCCESS   Thanks for participating! 1 image submitted successfully.
Follow us on Instagram to increase your chances of winning.
2026-04-21 12:32:26  DEBUG     +917809228251    FAILED    Page load timed out
2026-04-21 12:32:48  DEBUG     +919268687594    SUCCESS   Thanks for participating! 1 image submitted successfully.
Follow us on Instagram to increase your chances of winning.
2026-04-21 12:32:48  DEBUG     Batch 25/50 — 5 pair(s)
2026-04-21 12:33:02  DEBUG     +917480539034    SUCCESS   Thanks for participating! 1 image submitted successfully.
Follow us on Instagram to increase your chances of winning.
2026-04-21 12:33:15  DEBUG     +918602007134    SUCCESS   Thanks for participating! 1 image submitted successfully.
Follow us on Instagram to increase your chances of winning.
2026-04-21 12:33:25  DEBUG     +918120656852    SUCCESS   Thanks for participating! 1 image submitted successfully.
Follow us on Instagram to increase your chances of winning.
2026-04-21 12:33:36  DEBUG     +918407564948    SUCCESS   Thanks for participating! 1 image submitted successfully.
Follow us on Instagram to increase your chances of winning.
2026-04-21 12:33:47  DEBUG     +916062669586    SUCCESS   Thanks for participating! 1 image submitted successfully.
Follow us on Instagram to increase your chances of winning.
2026-04-21 12:33:47  DEBUG     Batch 26/50 — 5 pair(s)
2026-04-21 12:33:57  DEBUG     +918514824337    SUCCESS   Thanks for participating! 1 image submitted successfully.
Follow us on Instagram to increase your chances of winning.
2026-04-21 12:34:09  DEBUG     +918937066780    SUCCESS   Thanks for participating! 1 image submitted successfully.
Follow us on Instagram to increase your chances of winning.
2026-04-21 12:34:19  DEBUG     +919808202102    SUCCESS   Thanks for participating! 1 image submitted successfully.
Follow us on Instagram to increase your chances of winning.
2026-04-21 12:34:28  DEBUG     +919978269020    SUCCESS   Thanks for participating! 1 image submitted successfully.
Follow us on Instagram to increase your chances of winning.
2026-04-21 12:34:36  DEBUG     +919866362157    SUCCESS   Thanks for participating! 1 image submitted successfully.
Follow us on Instagram to increase your chances of winning.
2026-04-21 12:34:36  DEBUG     Batch 27/50 — 5 pair(s)
2026-04-21 12:34:44  DEBUG     +919973589746    SUCCESS   Thanks for participating! 1 image submitted successfully.
Follow us on Instagram to increase your chances of winning.
2026-04-21 12:34:55  DEBUG     +917161400881    SUCCESS   Thanks for participating! 1 image submitted successfully.
Follow us on Instagram to increase your chances of winning.
2026-04-21 12:35:04  DEBUG     +916884551362    SUCCESS   Thanks for participating! 1 image submitted successfully.
Follow us on Instagram to increase your chances of winning.
2026-04-21 12:35:13  DEBUG     +918607303564    SUCCESS   Thanks for participating! 1 image submitted successfully.
Follow us on Instagram to increase your chances of winning.
2026-04-21 12:35:24  DEBUG     +917958005893    SUCCESS   Thanks for participating! 1 image submitted successfully.
Follow us on Instagram to increase your chances of winning.
2026-04-21 12:35:24  DEBUG     Batch 28/50 — 5 pair(s)
2026-04-21 12:35:33  DEBUG     +919806658371    SUCCESS   Thanks for participating! 1 image submitted successfully.
Follow us on Instagram to increase your chances of winning.
2026-04-21 12:35:44  DEBUG     +916170390964    SUCCESS   Thanks for participating! 1 image submitted successfully.
Follow us on Instagram to increase your chances of winning.
2026-04-21 12:35:52  DEBUG     +916799094661    SUCCESS   Thanks for participating! 1 image submitted successfully.
Follow us on Instagram to increase your chances of winning.
2026-04-21 12:36:00  DEBUG     +919528507208    SUCCESS   Thanks for participating! 1 image submitted successfully.
Follow us on Instagram to increase your chances of winning.
2026-04-21 12:36:09  DEBUG     +918262937640    SUCCESS   Thanks for participating! 1 image submitted successfully.
Follow us on Instagram to increase your chances of winning.
2026-04-21 12:36:09  DEBUG     Batch 29/50 — 5 pair(s)
2026-04-21 12:36:20  DEBUG     +919975994427    SUCCESS   Thanks for participating! 1 image submitted successfully.
Follow us on Instagram to increase your chances of winning.
2026-04-21 12:36:28  DEBUG     +916234745479    SUCCESS   Thanks for participating! 1 image submitted successfully.
Follow us on Instagram to increase your chances of winning.
2026-04-21 12:36:36  DEBUG     +918034212453    SUCCESS   Thanks for participating! 1 image submitted successfully.
Follow us on Instagram to increase your chances of winning.
2026-04-21 12:36:44  DEBUG     +916501667936    SUCCESS   Thanks for participating! 1 image submitted successfully.
Follow us on Instagram to increase your chances of winning.
2026-04-21 12:36:55  DEBUG     +918424084180    SUCCESS   Thanks for participating! 1 image submitted successfully.
Follow us on Instagram to increase your chances of winning.
2026-04-21 12:36:55  DEBUG     Batch 30/50 — 5 pair(s)
2026-04-21 12:37:07  DEBUG     +917096485974    SUCCESS   Thanks for participating! 1 image submitted successfully.
Follow us on Instagram to increase your chances of winning.
2026-04-21 12:37:17  DEBUG     +918153252019    SUCCESS   Thanks for participating! 1 image submitted successfully.
Follow us on Instagram to increase your chances of winning.
2026-04-21 12:37:28  DEBUG     +916254097510    SUCCESS   Thanks for participating! 1 image submitted successfully.
Follow us on Instagram to increase your chances of winning.
2026-04-21 12:37:36  DEBUG     +919710903401    SUCCESS   Thanks for participating! 1 image submitted successfully.
Follow us on Instagram to increase your chances of winning.
2026-04-21 12:37:44  DEBUG     +918540884340    SUCCESS   Thanks for participating! 1 image submitted successfully.
Follow us on Instagram to increase your chances of winning.
2026-04-21 12:37:44  DEBUG     Batch 31/50 — 5 pair(s)
2026-04-21 12:37:52  DEBUG     +919219172169    SUCCESS   Thanks for participating! 1 image submitted successfully.
Follow us on Instagram to increase your chances of winning.
2026-04-21 12:38:00  DEBUG     +919587747878    SUCCESS   Thanks for participating! 1 image submitted successfully.
Follow us on Instagram to increase your chances of winning.
2026-04-21 12:38:08  DEBUG     +917626471813    SUCCESS   Thanks for participating! 1 image submitted successfully.
Follow us on Instagram to increase your chances of winning.
2026-04-21 12:38:17  DEBUG     +918694144001    SUCCESS   Thanks for participating! 1 image submitted successfully.
Follow us on Instagram to increase your chances of winning.
2026-04-21 12:38:26  DEBUG     +916175341079    SUCCESS   Thanks for participating! 1 image submitted successfully.
Follow us on Instagram to increase your chances of winning.
2026-04-21 12:38:26  DEBUG     Batch 32/50 — 5 pair(s)
2026-04-21 12:38:38  DEBUG     +919863772683    SUCCESS   Thanks for participating! 1 image submitted successfully.
Follow us on Instagram to increase your chances of winning.
2026-04-21 12:38:46  DEBUG     +916742987887    SUCCESS   Thanks for participating! 1 image submitted successfully.
Follow us on Instagram to increase your chances of winning.
2026-04-21 12:38:57  DEBUG     +918921669762    SUCCESS   Thanks for participating! 1 image submitted successfully.
Follow us on Instagram to increase your chances of winning.
2026-04-21 12:39:08  DEBUG     +918390999018    SUCCESS   Thanks for participating! 1 image submitted successfully.
Follow us on Instagram to increase your chances of winning.
2026-04-21 12:39:19  DEBUG     +917463395192    SUCCESS   Thanks for participating! 1 image submitted successfully.
Follow us on Instagram to increase your chances of winning.
2026-04-21 12:39:19  DEBUG     Batch 33/50 — 5 pair(s)
2026-04-21 12:39:28  DEBUG     +919191113800    SUCCESS   Thanks for participating! 1 image submitted successfully.
Follow us on Instagram to increase your chances of winning.
2026-04-21 12:39:36  DEBUG     +917746772738    SUCCESS   Thanks for participating! 1 image submitted successfully.
Follow us on Instagram to increase your chances of winning.
2026-04-21 12:39:45  DEBUG     +918561134351    SUCCESS   Thanks for participating! 1 image submitted successfully.
Follow us on Instagram to increase your chances of winning.
2026-04-21 12:39:55  DEBUG     +916325251845    SUCCESS   Thanks for participating! 1 image submitted successfully.
Follow us on Instagram to increase your chances of winning.
2026-04-21 12:40:06  DEBUG     +917782112863    SUCCESS   Thanks for participating! 1 image submitted successfully.
Follow us on Instagram to increase your chances of winning.
2026-04-21 12:40:06  DEBUG     Batch 34/50 — 5 pair(s)
2026-04-21 12:40:14  DEBUG     +918671409661    SUCCESS   Thanks for participating! 1 image submitted successfully.
Follow us on Instagram to increase your chances of winning.
2026-04-21 12:40:22  DEBUG     +916763554490    SUCCESS   Thanks for participating! 1 image submitted successfully.
Follow us on Instagram to increase your chances of winning.
2026-04-21 12:40:42  DEBUG     +919490652889    SUCCESS   Thanks for participating! 1 image submitted successfully.
Follow us on Instagram to increase your chances of winning.
2026-04-21 12:41:04  DEBUG     +919524987681    FAILED    Page load timed out
2026-04-21 12:41:27  DEBUG     +918754574784    FAILED    Page load timed out
2026-04-21 12:41:27  DEBUG     Batch 35/50 — 5 pair(s)
2026-04-21 12:41:38  DEBUG     +917246819593    FAILED    Navigation error: Page.goto: net::ERR_CONNECTION_RESET at https://greendotball.com/?utm_source=ViralFission&utm_medium=VF95
Call log:
navigating to "https://greendotball.com/?utm_source=ViralFission&utm_medium=VF95", waiting until "domcontentloaded"

2026-04-21 12:42:00  DEBUG     +916827177116    FAILED    Page load timed out
2026-04-21 12:42:23  DEBUG     +919572349794    FAILED    Page load timed out
2026-04-21 12:42:31  DEBUG     +916242925823    FAILED    Navigation error: Page.goto: net::ERR_CONNECTION_RESET at https://greendotball.com/?utm_source=ViralFission&utm_medium=VF95
Call log:
navigating to "https://greendotball.com/?utm_source=ViralFission&utm_medium=VF95", waiting until "domcontentloaded"

2026-04-21 12:42:43  DEBUG     +917807289697    FAILED    Navigation error: Page.goto: net::ERR_CONNECTION_RESET at https://greendotball.com/?utm_source=ViralFission&utm_medium=VF95
Call log:
navigating to "https://greendotball.com/?utm_source=ViralFission&utm_medium=VF95", waiting until "domcontentloaded"

2026-04-21 12:42:43  DEBUG     Batch 36/50 — 5 pair(s)
2026-04-21 12:42:55  DEBUG     +916039448528    FAILED    Navigation error: Page.goto: net::ERR_CONNECTION_RESET at https://greendotball.com/?utm_source=ViralFission&utm_medium=VF95
Call log:
navigating to "https://greendotball.com/?utm_source=ViralFission&utm_medium=VF95", waiting until "domcontentloaded"

2026-04-21 12:43:17  DEBUG     +918194095594    FAILED    Page load timed out
2026-04-21 12:43:26  DEBUG     +917652921604    FAILED    Navigation error: Page.goto: net::ERR_CONNECTION_RESET at https://greendotball.com/?utm_source=ViralFission&utm_medium=VF95
Call log:
navigating to "https://greendotball.com/?utm_source=ViralFission&utm_medium=VF95", waiting until "domcontentloaded"

2026-04-21 12:43:32  DEBUG     +917315338985    FAILED    Navigation error: Page.goto: net::ERR_CONNECTION_RESET at https://greendotball.com/?utm_source=ViralFission&utm_medium=VF95
Call log:
navigating to "https://greendotball.com/?utm_source=ViralFission&utm_medium=VF95", waiting until "domcontentloaded"

2026-04-21 12:43:40  DEBUG     +918857540539    FAILED    Navigation error: Page.goto: net::ERR_CONNECTION_RESET at https://greendotball.com/?utm_source=ViralFission&utm_medium=VF95
Call log:
navigating to "https://greendotball.com/?utm_source=ViralFission&utm_medium=VF95", waiting until "domcontentloaded"

2026-04-21 12:43:40  DEBUG     Batch 37/50 — 5 pair(s)
2026-04-21 12:43:45  DEBUG     +918214481828    FAILED    Navigation error: Page.goto: net::ERR_CONNECTION_RESET at https://greendotball.com/?utm_source=ViralFission&utm_medium=VF95
Call log:
navigating to "https://greendotball.com/?utm_source=ViralFission&utm_medium=VF95", waiting until "domcontentloaded"

2026-04-21 12:44:07  DEBUG     +916873354955    FAILED    Page load timed out
2026-04-21 12:44:20  DEBUG     +917446669260    FAILED    Navigation error: Page.goto: net::ERR_CONNECTION_RESET at https://greendotball.com/?utm_source=ViralFission&utm_medium=VF95
Call log:
navigating to "https://greendotball.com/?utm_source=ViralFission&utm_medium=VF95", waiting until "domcontentloaded"

2026-04-21 12:44:42  DEBUG     +917268825375    FAILED    Page load timed out
2026-04-21 12:45:05  DEBUG     +917046145261    FAILED    Page load timed out
2026-04-21 12:45:05  DEBUG     Batch 38/50 — 5 pair(s)
2026-04-21 12:45:12  DEBUG     +916032521722    FAILED    Navigation error: Page.goto: net::ERR_CONNECTION_RESET at https://greendotball.com/?utm_source=ViralFission&utm_medium=VF95
Call log:
navigating to "https://greendotball.com/?utm_source=ViralFission&utm_medium=VF95", waiting until "domcontentloaded"

2026-04-21 12:45:19  DEBUG     +919090301176    FAILED    Navigation error: Page.goto: net::ERR_CONNECTION_RESET at https://greendotball.com/?utm_source=ViralFission&utm_medium=VF95
Call log:
navigating to "https://greendotball.com/?utm_source=ViralFission&utm_medium=VF95", waiting until "domcontentloaded"

2026-04-21 12:45:41  DEBUG     +917829922692    FAILED    Page load timed out
2026-04-21 12:46:04  DEBUG     +919978726144    FAILED    Page load timed out
2026-04-21 12:46:18  DEBUG     +919924540388    FAILED    Navigation error: Page.goto: net::ERR_CONNECTION_RESET at https://greendotball.com/?utm_source=ViralFission&utm_medium=VF95
Call log:
navigating to "https://greendotball.com/?utm_source=ViralFission&utm_medium=VF95", waiting until "domcontentloaded"

2026-04-21 12:46:18  DEBUG     Batch 39/50 — 5 pair(s)
2026-04-21 12:46:40  DEBUG     +917168452946    FAILED    Page load timed out
2026-04-21 12:46:50  DEBUG     +916429041406    FAILED    Navigation error: Page.goto: net::ERR_CONNECTION_RESET at https://greendotball.com/?utm_source=ViralFission&utm_medium=VF95
Call log:
navigating to "https://greendotball.com/?utm_source=ViralFission&utm_medium=VF95", waiting until "domcontentloaded"

2026-04-21 12:47:12  DEBUG     +916416221082    FAILED    Page load timed out
2026-04-21 12:47:35  DEBUG     +916391923608    FAILED    Page load timed out
2026-04-21 12:47:57  DEBUG     +919275138154    FAILED    Page load timed out
2026-04-21 12:47:57  DEBUG     Batch 40/50 — 5 pair(s)
2026-04-21 12:48:20  DEBUG     +919744875228    FAILED    Page load timed out
2026-04-21 12:48:27  DEBUG     +917820399183    FAILED    Navigation error: Page.goto: net::ERR_CONNECTION_RESET at https://greendotball.com/?utm_source=ViralFission&utm_medium=VF95
Call log:
navigating to "https://greendotball.com/?utm_source=ViralFission&utm_medium=VF95", waiting until "domcontentloaded"

2026-04-21 12:48:34  DEBUG     +918081844130    FAILED    Navigation error: Page.goto: net::ERR_CONNECTION_RESET at https://greendotball.com/?utm_source=ViralFission&utm_medium=VF95
Call log:
navigating to "https://greendotball.com/?utm_source=ViralFission&utm_medium=VF95", waiting until "domcontentloaded"

2026-04-21 12:48:57  DEBUG     +918378192312    FAILED    Page load timed out
2026-04-21 12:49:19  DEBUG     +916711358597    FAILED    Page load timed out
2026-04-21 12:49:19  DEBUG     Batch 41/50 — 5 pair(s)
2026-04-21 12:49:41  DEBUG     +918633367273    FAILED    Page load timed out
2026-04-21 12:50:04  DEBUG     +916802381023    FAILED    Page load timed out
2026-04-21 12:50:26  DEBUG     +916201456337    FAILED    Page load timed out
2026-04-21 12:50:49  DEBUG     +916261854351    FAILED    Page load timed out
2026-04-21 12:51:11  DEBUG     +917461494892    FAILED    Page load timed out
2026-04-21 12:51:11  DEBUG     Batch 42/50 — 5 pair(s)
2026-04-21 12:51:34  DEBUG     +918040215567    FAILED    Page load timed out
2026-04-21 12:51:56  DEBUG     +917483662402    FAILED    Page load timed out
2026-04-21 12:52:19  DEBUG     +916159457293    FAILED    Page load timed out
2026-04-21 12:52:41  DEBUG     +919394966980    FAILED    Page load timed out
2026-04-21 12:52:46  DEBUG     +916890188133    FAILED    Navigation error: Page.goto: net::ERR_CONNECTION_RESET at https://greendotball.com/?utm_source=ViralFission&utm_medium=VF95
Call log:
navigating to "https://greendotball.com/?utm_source=ViralFission&utm_medium=VF95", waiting until "domcontentloaded"

2026-04-21 12:52:46  DEBUG     Batch 43/50 — 5 pair(s)
2026-04-21 12:53:09  DEBUG     +918690427786    FAILED    Page load timed out
2026-04-21 12:53:31  DEBUG     +919334297636    FAILED    Page load timed out
2026-04-21 12:53:54  DEBUG     +916544115397    FAILED    Page load timed out
2026-04-21 12:54:16  DEBUG     +917739217126    FAILED    Page load timed out
2026-04-21 12:54:39  DEBUG     +917951615451    FAILED    Page load timed out
2026-04-21 12:54:39  DEBUG     Batch 44/50 — 5 pair(s)
2026-04-21 12:54:46  DEBUG     +919365453452    FAILED    Navigation error: Page.goto: net::ERR_CONNECTION_RESET at https://greendotball.com/?utm_source=ViralFission&utm_medium=VF95
Call log:
navigating to "https://greendotball.com/?utm_source=ViralFission&utm_medium=VF95", waiting until "domcontentloaded"

2026-04-21 12:55:09  DEBUG     +919831669344    FAILED    Page load timed out
2026-04-21 12:55:22  DEBUG     +916137481889    FAILED    Navigation error: Page.goto: net::ERR_CONNECTION_RESET at https://greendotball.com/?utm_source=ViralFission&utm_medium=VF95
Call log:
navigating to "https://greendotball.com/?utm_source=ViralFission&utm_medium=VF95", waiting until "domcontentloaded"

2026-04-21 12:55:31  DEBUG     +917793084349    FAILED    Navigation error: Page.goto: net::ERR_CONNECTION_RESET at https://greendotball.com/?utm_source=ViralFission&utm_medium=VF95
Call log:
navigating to "https://greendotball.com/?utm_source=ViralFission&utm_medium=VF95", waiting until "domcontentloaded"

2026-04-21 12:55:35  DEBUG     +918463645909    FAILED    Navigation error: Page.goto: net::ERR_CONNECTION_RESET at https://greendotball.com/?utm_source=ViralFission&utm_medium=VF95
Call log:
navigating to "https://greendotball.com/?utm_source=ViralFission&utm_medium=VF95", waiting until "domcontentloaded"

2026-04-21 12:55:35  DEBUG     Batch 45/50 — 5 pair(s)
2026-04-21 12:55:58  DEBUG     +917868733404    FAILED    Page load timed out
2026-04-21 12:56:20  DEBUG     +917522017277    FAILED    Page load timed out
2026-04-21 12:56:29  DEBUG     +916413093800    FAILED    Navigation error: Page.goto: net::ERR_CONNECTION_RESET at https://greendotball.com/?utm_source=ViralFission&utm_medium=VF95
Call log:
navigating to "https://greendotball.com/?utm_source=ViralFission&utm_medium=VF95", waiting until "domcontentloaded"

2026-04-21 12:56:32  DEBUG     +918290580599    FAILED    Navigation error: Page.goto: net::ERR_NETWORK_IO_SUSPENDED at https://greendotball.com/?utm_source=ViralFission&utm_medium=VF95
Call log:
navigating to "https://greendotball.com/?utm_source=ViralFission&utm_medium=VF95", waiting until "domcontentloaded"

2026-04-21 14:46:42  DEBUG     +916968027245    FAILED    Navigation error: Page.goto: net::ERR_INTERNET_DISCONNECTED at https://greendotball.com/?utm_source=ViralFission&utm_medium=VF95
Call log:
navigating to "https://greendotball.com/?utm_source=ViralFission&utm_medium=VF95", waiting until "domcontentloaded"

2026-04-21 14:46:42  DEBUG     Batch 46/50 — 5 pair(s)
2026-04-21 14:46:44  DEBUG     +919743685075    FAILED    Navigation error: Page.goto: net::ERR_INTERNET_DISCONNECTED at https://greendotball.com/?utm_source=ViralFission&utm_medium=VF95
Call log:
navigating to "https://greendotball.com/?utm_source=ViralFission&utm_medium=VF95", waiting until "domcontentloaded"

2026-04-21 14:46:55  DEBUG     +916189671982    SUCCESS   Thanks for participating! 1 image submitted successfully.
Follow us on Instagram to increase your chances of winning.
2026-04-21 14:47:03  DEBUG     +918850663517    SUCCESS   Thanks for participating! 1 image submitted successfully.
Follow us on Instagram to increase your chances of winning.
2026-04-21 14:47:11  DEBUG     +917864124339    SUCCESS   Thanks for participating! 1 image submitted successfully.
Follow us on Instagram to increase your chances of winning.
2026-04-21 14:47:22  DEBUG     +916911128441    SUCCESS   Thanks for participating! 1 image submitted successfully.
Follow us on Instagram to increase your chances of winning.
2026-04-21 14:47:22  DEBUG     Batch 47/50 — 5 pair(s)
2026-04-21 14:47:33  DEBUG     +919705416975    SUCCESS   Thanks for participating! 1 image submitted successfully.
Follow us on Instagram to increase your chances of winning.
2026-04-21 14:47:44  DEBUG     +918238258791    SUCCESS   Thanks for participating! 1 image submitted successfully.
Follow us on Instagram to increase your chances of winning.
2026-04-21 14:48:05  DEBUG     +917638641485    SUCCESS   Thanks for participating! 1 image submitted successfully.
Follow us on Instagram to increase your chances of winning.
2026-04-21 14:48:16  DEBUG     +919660174861    SUCCESS   Thanks for participating! 1 image submitted successfully.
Follow us on Instagram to increase your chances of winning.
2026-04-21 14:48:25  DEBUG     +917074022441    SUCCESS   Thanks for participating! 1 image submitted successfully.
Follow us on Instagram to increase your chances of winning.
2026-04-21 14:48:25  DEBUG     Batch 48/50 — 5 pair(s)
2026-04-21 14:48:36  DEBUG     +919099300698    SUCCESS   Thanks for participating! 1 image submitted successfully.
Follow us on Instagram to increase your chances of winning.
2026-04-21 14:48:45  DEBUG     +918726273107    SUCCESS   Thanks for participating! 1 image submitted successfully.
Follow us on Instagram to increase your chances of winning.
2026-04-21 14:48:54  DEBUG     +916420545670    SUCCESS   Thanks for participating! 1 image submitted successfully.
Follow us on Instagram to increase your chances of winning.
2026-04-21 14:49:02  DEBUG     +917443273991    SUCCESS   Thanks for participating! 1 image submitted successfully.
Follow us on Instagram to increase your chances of winning.
2026-04-21 14:49:11  DEBUG     +919382698774    SUCCESS   Thanks for participating! 1 image submitted successfully.
Follow us on Instagram to increase your chances of winning.
2026-04-21 14:49:11  DEBUG     Batch 49/50 — 5 pair(s)
2026-04-21 14:49:19  DEBUG     +916676907470    SUCCESS   Thanks for participating! 1 image submitted successfully.
Follow us on Instagram to increase your chances of winning.
2026-04-21 14:49:30  DEBUG     +916332171054    SUCCESS   Thanks for participating! 1 image submitted successfully.
Follow us on Instagram to increase your chances of winning.
2026-04-21 14:49:38  DEBUG     +919341173255    SUCCESS   Thanks for participating! 1 image submitted successfully.
Follow us on Instagram to increase your chances of winning.
2026-04-21 14:49:45  DEBUG     +917281945497    SUCCESS   Thanks for participating! 1 image submitted successfully.
Follow us on Instagram to increase your chances of winning.
2026-04-21 14:49:54  DEBUG     +917793738482    SUCCESS   Thanks for participating! 1 image submitted successfully.
Follow us on Instagram to increase your chances of winning.
2026-04-21 14:49:54  DEBUG     Batch 50/50 — 5 pair(s)
2026-04-21 14:50:02  DEBUG     +919331100261    SUCCESS   Thanks for participating! 1 image submitted successfully.
Follow us on Instagram to increase your chances of winning.
2026-04-21 14:50:10  DEBUG     +917167229259    SUCCESS   Thanks for participating! 1 image submitted successfully.
Follow us on Instagram to increase your chances of winning.
2026-04-21 14:50:21  DEBUG     +916035924627    SUCCESS   Thanks for participating! 1 image submitted successfully.
Follow us on Instagram to increase your chances of winning.
2026-04-21 14:50:29  DEBUG     +917995839110    SUCCESS   Thanks for participating! 1 image submitted successfully.
Follow us on Instagram to increase your chances of winning.
2026-04-21 14:50:40  DEBUG     +919442752568    SUCCESS   Thanks for participating! 1 image submitted successfully.
Follow us on Instagram to increase your chances of winning.
2026-04-21 14:50:40  INFO      Exporting results…
2026-04-21 14:50:40  INFO      Successful numbers → /home/amaan/green-automation/successful_numbers.csv
2026-04-21 14:50:40  INFO      Failed numbers     → /home/amaan/green-automation/failed_numbers.csv
2026-04-21 14:50:40  INFO      Run complete — attempted=3602  success=3303  failed=299
2026-04-21 14:50:40  INFO      Cleaning up images folder…
2026-04-21 14:50:40  INFO      Images folder removed.
2026-04-21 14:50:40  INFO      Run finished.
2026-04-21 17:12:23  INFO      Run started — count=500  batch_size=5  dry_run=False  resume=True
2026-04-21 17:12:23  INFO      --resume: no exhausted numbers found, nothing to skip
2026-04-21 17:12:23  INFO      Generating phone numbers…
2026-04-21 17:12:23  INFO      Generated 500 phone number(s) (0 skipped via --resume)
2026-04-21 17:12:23  INFO      Generating 500 image(s)…
2026-04-21 17:12:40  INFO      Images written to: /home/amaan/green-automation/images
2026-04-21 17:12:40  INFO      Starting live registrations in batches of 5…
2026-04-21 17:12:40  DEBUG     Batch 1/100 — 5 pair(s)
2026-04-21 17:12:55  DEBUG     +918001250009    SUCCESS   Thanks for participating! 1 image submitted successfully.
Follow us on Instagram to increase your chances of winning.
2026-04-21 17:13:02  DEBUG     +918795634229    SUCCESS   Thanks for participating! 1 image submitted successfully.
Follow us on Instagram to increase your chances of winning.
2026-04-21 17:13:10  DEBUG     +916814227829    SUCCESS   Thanks for participating! 1 image submitted successfully.
Follow us on Instagram to increase your chances of winning.
2026-04-21 17:13:18  DEBUG     +918187696169    SUCCESS   Thanks for participating! 1 image submitted successfully.
Follow us on Instagram to increase your chances of winning.
2026-04-21 17:13:29  DEBUG     +916687550880    SUCCESS   Thanks for participating! 1 image submitted successfully.
Follow us on Instagram to increase your chances of winning.
2026-04-21 17:13:29  DEBUG     Batch 2/100 — 5 pair(s)
2026-04-21 17:13:37  DEBUG     +917924648648    SUCCESS   Thanks for participating! 1 image submitted successfully.
Follow us on Instagram to increase your chances of winning.
2026-04-21 17:13:44  DEBUG     +917660116758    SUCCESS   Thanks for participating! 1 image submitted successfully.
Follow us on Instagram to increase your chances of winning.
2026-04-21 17:13:53  DEBUG     +916882648364    SUCCESS   Thanks for participating! 1 image submitted successfully.
Follow us on Instagram to increase your chances of winning.
2026-04-21 17:14:01  DEBUG     +919657080094    SUCCESS   Thanks for participating! 1 image submitted successfully.
Follow us on Instagram to increase your chances of winning.
2026-04-21 17:14:09  DEBUG     +917129920589    SUCCESS   Thanks for participating! 1 image submitted successfully.
Follow us on Instagram to increase your chances of winning.
2026-04-21 17:14:09  DEBUG     Batch 3/100 — 5 pair(s)
2026-04-21 17:14:17  DEBUG     +918503736709    SUCCESS   Thanks for participating! 1 image submitted successfully.
Follow us on Instagram to increase your chances of winning.
2026-04-21 17:14:25  DEBUG     +916915114281    SUCCESS   Thanks for participating! 1 image submitted successfully.
Follow us on Instagram to increase your chances of winning.
2026-04-21 17:14:33  DEBUG     +919524753431    SUCCESS   Thanks for participating! 1 image submitted successfully.
Follow us on Instagram to increase your chances of winning.
2026-04-21 17:14:41  DEBUG     +916596586860    SUCCESS   Thanks for participating! 1 image submitted successfully.
Follow us on Instagram to increase your chances of winning.
2026-04-21 17:14:48  DEBUG     +918314949342    SUCCESS   Thanks for participating! 1 image submitted successfully.
Follow us on Instagram to increase your chances of winning.
2026-04-21 17:14:48  DEBUG     Batch 4/100 — 5 pair(s)
2026-04-21 17:14:58  DEBUG     +917064790015    SUCCESS   Thanks for participating! 1 image submitted successfully.
Follow us on Instagram to increase your chances of winning.
2026-04-21 17:15:10  DEBUG     +919316983205    SUCCESS   Thanks for participating! 1 image submitted successfully.
Follow us on Instagram to increase your chances of winning.
2026-04-21 17:15:17  DEBUG     +919255088854    SUCCESS   Thanks for participating! 1 image submitted successfully.
Follow us on Instagram to increase your chances of winning.
2026-04-21 17:15:24  DEBUG     +919602395228    SUCCESS   Thanks for participating! 1 image submitted successfully.
Follow us on Instagram to increase your chances of winning.
2026-04-21 17:15:35  DEBUG     +916522419463    SUCCESS   Thanks for participating! 1 image submitted successfully.
Follow us on Instagram to increase your chances of winning.
2026-04-21 17:15:35  DEBUG     Batch 5/100 — 5 pair(s)
2026-04-21 17:15:51  DEBUG     +916811108589    SUCCESS   Thanks for participating! 1 image submitted successfully.
Follow us on Instagram to increase your chances of winning.
2026-04-21 17:15:58  DEBUG     +916074344053    SUCCESS   Thanks for participating! 1 image submitted successfully.
Follow us on Instagram to increase your chances of winning.
2026-04-21 17:16:07  DEBUG     +917581013234    SUCCESS   Thanks for participating! 1 image submitted successfully.
Follow us on Instagram to increase your chances of winning.
2026-04-21 17:16:15  DEBUG     +917648795803    SUCCESS   Thanks for participating! 1 image submitted successfully.
Follow us on Instagram to increase your chances of winning.
2026-04-21 17:16:25  DEBUG     +916396894476    SUCCESS   Thanks for participating! 1 image submitted successfully.
Follow us on Instagram to increase your chances of winning.
2026-04-21 17:16:25  DEBUG     Batch 6/100 — 5 pair(s)
2026-04-21 17:16:32  DEBUG     +919623288704    SUCCESS   Thanks for participating! 1 image submitted successfully.
Follow us on Instagram to increase your chances of winning.
2026-04-21 17:16:42  DEBUG     +919722158528    SUCCESS   Thanks for participating! 1 image submitted successfully.
Follow us on Instagram to increase your chances of winning.
2026-04-21 17:16:52  DEBUG     +916302724074    SUCCESS   Thanks for participating! 1 image submitted successfully.
Follow us on Instagram to increase your chances of winning.
2026-04-21 17:17:01  DEBUG     +919160132210    SUCCESS   Thanks for participating! 1 image submitted successfully.
Follow us on Instagram to increase your chances of winning.
2026-04-21 17:17:08  DEBUG     +917846003096    SUCCESS   Thanks for participating! 1 image submitted successfully.
Follow us on Instagram to increase your chances of winning.
2026-04-21 17:17:08  DEBUG     Batch 7/100 — 5 pair(s)
2026-04-21 17:17:19  DEBUG     +918118343686    SUCCESS   Thanks for participating! 1 image submitted successfully.
Follow us on Instagram to increase your chances of winning.
2026-04-21 17:17:26  DEBUG     +919422542593    SUCCESS   Thanks for participating! 1 image submitted successfully.
Follow us on Instagram to increase your chances of winning.
2026-04-21 17:17:36  DEBUG     +918534180755    SUCCESS   Thanks for participating! 1 image submitted successfully.
Follow us on Instagram to increase your chances of winning.
2026-04-21 17:17:45  DEBUG     +918069065219    SUCCESS   Thanks for participating! 1 image submitted successfully.
Follow us on Instagram to increase your chances of winning.
2026-04-21 17:17:53  DEBUG     +918238680431    SUCCESS   Thanks for participating! 1 image submitted successfully.
Follow us on Instagram to increase your chances of winning.
2026-04-21 17:17:53  DEBUG     Batch 8/100 — 5 pair(s)
2026-04-21 17:18:04  DEBUG     +916102175010    SUCCESS   Thanks for participating! 1 image submitted successfully.
Follow us on Instagram to increase your chances of winning.
2026-04-21 17:18:14  DEBUG     +917674515931    SUCCESS   Thanks for participating! 1 image submitted successfully.
Follow us on Instagram to increase your chances of winning.
2026-04-21 17:18:24  DEBUG     +917516791568    SUCCESS   Thanks for participating! 1 image submitted successfully.
Follow us on Instagram to increase your chances of winning.
2026-04-21 17:18:34  DEBUG     +916167865581    SUCCESS   Thanks for participating! 1 image submitted successfully.
Follow us on Instagram to increase your chances of winning.
2026-04-21 17:18:43  DEBUG     +918581523687    SUCCESS   Thanks for participating! 1 image submitted successfully.
Follow us on Instagram to increase your chances of winning.
2026-04-21 17:18:43  DEBUG     Batch 9/100 — 5 pair(s)
2026-04-21 17:18:51  DEBUG     +919746836921    SUCCESS   Thanks for participating! 1 image submitted successfully.
Follow us on Instagram to increase your chances of winning.
2026-04-21 17:18:58  DEBUG     +916368759685    SUCCESS   Thanks for participating! 1 image submitted successfully.
Follow us on Instagram to increase your chances of winning.
2026-04-21 17:19:06  DEBUG     +919373552841    SUCCESS   Thanks for participating! 1 image submitted successfully.
Follow us on Instagram to increase your chances of winning.
2026-04-21 17:19:15  DEBUG     +918055677358    SUCCESS   Thanks for participating! 1 image submitted successfully.
Follow us on Instagram to increase your chances of winning.
2026-04-21 17:19:23  DEBUG     +919730057638    SUCCESS   Thanks for participating! 1 image submitted successfully.
Follow us on Instagram to increase your chances of winning.
2026-04-21 17:19:23  DEBUG     Batch 10/100 — 5 pair(s)
2026-04-21 17:19:31  DEBUG     +918449668869    SUCCESS   Thanks for participating! 1 image submitted successfully.
Follow us on Instagram to increase your chances of winning.
2026-04-21 17:19:38  DEBUG     +919605226700    SUCCESS   Thanks for participating! 1 image submitted successfully.
Follow us on Instagram to increase your chances of winning.
2026-04-21 17:19:49  DEBUG     +917071104250    SUCCESS   Thanks for participating! 1 image submitted successfully.
Follow us on Instagram to increase your chances of winning.
2026-04-21 17:19:57  DEBUG     +917824799923    SUCCESS   Thanks for participating! 1 image submitted successfully.
Follow us on Instagram to increase your chances of winning.
2026-04-21 17:20:04  DEBUG     +918673669042    SUCCESS   Thanks for participating! 1 image submitted successfully.
Follow us on Instagram to increase your chances of winning.
2026-04-21 17:20:04  DEBUG     Batch 11/100 — 5 pair(s)
2026-04-21 17:20:14  DEBUG     +919711031410    SUCCESS   Thanks for participating! 1 image submitted successfully.
Follow us on Instagram to increase your chances of winning.
2026-04-21 17:20:23  DEBUG     +917804457261    SUCCESS   Thanks for participating! 1 image submitted successfully.
Follow us on Instagram to increase your chances of winning.
2026-04-21 17:20:55  DEBUG     +918265560461    SUCCESS   Thanks for participating! 1 image submitted successfully.
Follow us on Instagram to increase your chances of winning.
2026-04-21 17:21:03  DEBUG     +917421159065    SUCCESS   Thanks for participating! 1 image submitted successfully.
Follow us on Instagram to increase your chances of winning.
2026-04-21 17:21:10  DEBUG     +919107090541    SUCCESS   Thanks for participating! 1 image submitted successfully.
Follow us on Instagram to increase your chances of winning.
2026-04-21 17:21:10  DEBUG     Batch 12/100 — 5 pair(s)
2026-04-21 17:21:19  DEBUG     +917969577981    SUCCESS   Thanks for participating! 1 image submitted successfully.
Follow us on Instagram to increase your chances of winning.
2026-04-21 17:21:27  DEBUG     +919366663039    SUCCESS   Thanks for participating! 1 image submitted successfully.
Follow us on Instagram to increase your chances of winning.
2026-04-21 17:21:35  DEBUG     +919435194299    SUCCESS   Thanks for participating! 1 image submitted successfully.
Follow us on Instagram to increase your chances of winning.
2026-04-21 17:21:43  DEBUG     +919658881627    SUCCESS   Thanks for participating! 1 image submitted successfully.
Follow us on Instagram to increase your chances of winning.
2026-04-21 17:21:50  DEBUG     +916708859158    SUCCESS   Thanks for participating! 1 image submitted successfully.
Follow us on Instagram to increase your chances of winning.
2026-04-21 17:21:50  DEBUG     Batch 13/100 — 5 pair(s)
2026-04-21 17:22:01  DEBUG     +917115451205    SUCCESS   Thanks for participating! 1 image submitted successfully.
Follow us on Instagram to increase your chances of winning.
2026-04-21 17:22:32  DEBUG     +917104066424    SUCCESS   Thanks for participating! 1 image submitted successfully.
Follow us on Instagram to increase your chances of winning.
2026-04-21 17:22:44  DEBUG     +916820653783    SUCCESS   Thanks for participating! 1 image submitted successfully.
Follow us on Instagram to increase your chances of winning.
2026-04-21 17:22:53  DEBUG     +917771279000    SUCCESS   Thanks for participating! 1 image submitted successfully.
Follow us on Instagram to increase your chances of winning.
2026-04-21 17:23:01  DEBUG     +918909986870    SUCCESS   Thanks for participating! 1 image submitted successfully.
Follow us on Instagram to increase your chances of winning.
2026-04-21 17:23:01  DEBUG     Batch 14/100 — 5 pair(s)
2026-04-21 17:23:09  DEBUG     +918528173010    SUCCESS   Thanks for participating! 1 image submitted successfully.
Follow us on Instagram to increase your chances of winning.
2026-04-21 17:23:17  DEBUG     +919549728994    SUCCESS   Thanks for participating! 1 image submitted successfully.
Follow us on Instagram to increase your chances of winning.
2026-04-21 17:23:24  DEBUG     +917313316743    SUCCESS   Thanks for participating! 1 image submitted successfully.
Follow us on Instagram to increase your chances of winning.
2026-04-21 17:23:36  DEBUG     +917578584506    SUCCESS   Thanks for participating! 1 image submitted successfully.
Follow us on Instagram to increase your chances of winning.
2026-04-21 17:23:47  DEBUG     +919410215148    SUCCESS   Thanks for participating! 1 image submitted successfully.
Follow us on Instagram to increase your chances of winning.
2026-04-21 17:23:47  DEBUG     Batch 15/100 — 5 pair(s)
2026-04-21 17:23:55  DEBUG     +916653729297    SUCCESS   Thanks for participating! 1 image submitted successfully.
Follow us on Instagram to increase your chances of winning.
2026-04-21 17:24:03  DEBUG     +917244026481    SUCCESS   Thanks for participating! 1 image submitted successfully.
Follow us on Instagram to increase your chances of winning.
2026-04-21 17:24:11  DEBUG     +917446594820    SUCCESS   Thanks for participating! 1 image submitted successfully.
Follow us on Instagram to increase your chances of winning.
2026-04-21 17:24:19  DEBUG     +919643441193    SUCCESS   Thanks for participating! 1 image submitted successfully.
Follow us on Instagram to increase your chances of winning.
2026-04-21 17:24:29  DEBUG     +916656943138    SUCCESS   Thanks for participating! 1 image submitted successfully.
Follow us on Instagram to increase your chances of winning.
2026-04-21 17:24:29  DEBUG     Batch 16/100 — 5 pair(s)
2026-04-21 17:24:40  DEBUG     +919350203099    SUCCESS   Thanks for participating! 1 image submitted successfully.
Follow us on Instagram to increase your chances of winning.
2026-04-21 17:24:52  DEBUG     +916815261388    SUCCESS   Thanks for participating! 1 image submitted successfully.
Follow us on Instagram to increase your chances of winning.
2026-04-21 17:25:03  DEBUG     +917584895619    SUCCESS   Thanks for participating! 1 image submitted successfully.
Follow us on Instagram to increase your chances of winning.
2026-04-21 17:25:11  DEBUG     +918481859416    SUCCESS   Thanks for participating! 1 image submitted successfully.
Follow us on Instagram to increase your chances of winning.
2026-04-21 17:25:19  DEBUG     +918129226101    SUCCESS   Thanks for participating! 1 image submitted successfully.
Follow us on Instagram to increase your chances of winning.
2026-04-21 17:25:19  DEBUG     Batch 17/100 — 5 pair(s)
2026-04-21 17:25:27  DEBUG     +916350209379    SUCCESS   Thanks for participating! 1 image submitted successfully.
Follow us on Instagram to increase your chances of winning.
2026-04-21 17:25:36  DEBUG     +919286586793    SUCCESS   Thanks for participating! 1 image submitted successfully.
Follow us on Instagram to increase your chances of winning.
2026-04-21 17:25:48  DEBUG     +919521274864    SUCCESS   Thanks for participating! 1 image submitted successfully.
Follow us on Instagram to increase your chances of winning.
2026-04-21 17:25:57  DEBUG     +916348701107    SUCCESS   Thanks for participating! 1 image submitted successfully.
Follow us on Instagram to increase your chances of winning.
2026-04-21 17:26:05  DEBUG     +917441865864    SUCCESS   Thanks for participating! 1 image submitted successfully.
Follow us on Instagram to increase your chances of winning.
2026-04-21 17:26:05  DEBUG     Batch 18/100 — 5 pair(s)
2026-04-21 17:26:14  DEBUG     +918096771904    SUCCESS   Thanks for participating! 1 image submitted successfully.
Follow us on Instagram to increase your chances of winning.
2026-04-21 17:26:23  DEBUG     +917040398780    SUCCESS   Thanks for participating! 1 image submitted successfully.
Follow us on Instagram to increase your chances of winning.
2026-04-21 17:26:31  DEBUG     +919988780989    SUCCESS   Thanks for participating! 1 image submitted successfully.
Follow us on Instagram to increase your chances of winning.
2026-04-21 17:26:39  DEBUG     +918713054368    SUCCESS   Thanks for participating! 1 image submitted successfully.
Follow us on Instagram to increase your chances of winning.
2026-04-21 17:26:48  DEBUG     +917164296105    SUCCESS   Thanks for participating! 1 image submitted successfully.
Follow us on Instagram to increase your chances of winning.
2026-04-21 17:26:48  DEBUG     Batch 19/100 — 5 pair(s)
2026-04-21 17:26:57  DEBUG     +916903786471    SUCCESS   Thanks for participating! 1 image submitted successfully.
Follow us on Instagram to increase your chances of winning.
2026-04-21 17:27:08  DEBUG     +919535356077    SUCCESS   Thanks for participating! 1 image submitted successfully.
Follow us on Instagram to increase your chances of winning.
2026-04-21 17:27:16  DEBUG     +917578317287    SUCCESS   Thanks for participating! 1 image submitted successfully.
Follow us on Instagram to increase your chances of winning.
2026-04-21 17:27:28  DEBUG     +918579860219    SUCCESS   Thanks for participating! 1 image submitted successfully.
Follow us on Instagram to increase your chances of winning.
2026-04-21 17:27:39  DEBUG     +916729507657    SUCCESS   Thanks for participating! 1 image submitted successfully.
Follow us on Instagram to increase your chances of winning.
2026-04-21 17:27:39  DEBUG     Batch 20/100 — 5 pair(s)
2026-04-21 17:27:47  DEBUG     +918967579240    SUCCESS   Thanks for participating! 1 image submitted successfully.
Follow us on Instagram to increase your chances of winning.
2026-04-21 17:27:59  DEBUG     +917595054361    SUCCESS   Thanks for participating! 1 image submitted successfully.
Follow us on Instagram to increase your chances of winning.
2026-04-21 17:28:09  DEBUG     +918935619366    SUCCESS   Thanks for participating! 1 image submitted successfully.
Follow us on Instagram to increase your chances of winning.
2026-04-21 17:28:21  DEBUG     +917900875774    SUCCESS   Thanks for participating! 1 image submitted successfully.
Follow us on Instagram to increase your chances of winning.
2026-04-21 17:28:31  DEBUG     +919377985818    SUCCESS   Thanks for participating! 1 image submitted successfully.
Follow us on Instagram to increase your chances of winning.
2026-04-21 17:28:31  DEBUG     Batch 21/100 — 5 pair(s)
2026-04-21 17:28:42  DEBUG     +916628310017    SUCCESS   Thanks for participating! 1 image submitted successfully.
Follow us on Instagram to increase your chances of winning.
2026-04-21 17:28:52  DEBUG     +916602004623    SUCCESS   Thanks for participating! 1 image submitted successfully.
Follow us on Instagram to increase your chances of winning.
2026-04-21 17:29:05  DEBUG     +918144069231    SUCCESS   Thanks for participating! 1 image submitted successfully.
Follow us on Instagram to increase your chances of winning.
2026-04-21 17:29:15  DEBUG     +918847167895    SUCCESS   Thanks for participating! 1 image submitted successfully.
Follow us on Instagram to increase your chances of winning.
2026-04-21 17:29:24  DEBUG     +917102566914    SUCCESS   Thanks for participating! 1 image submitted successfully.
Follow us on Instagram to increase your chances of winning.
2026-04-21 17:29:24  DEBUG     Batch 22/100 — 5 pair(s)
2026-04-21 17:29:37  DEBUG     +918858851139    SUCCESS   Thanks for participating! 1 image submitted successfully.
Follow us on Instagram to increase your chances of winning.
2026-04-21 17:29:45  DEBUG     +918845104670    SUCCESS   Thanks for participating! 1 image submitted successfully.
Follow us on Instagram to increase your chances of winning.
2026-04-21 17:29:55  DEBUG     +916600909589    SUCCESS   Thanks for participating! 1 image submitted successfully.
Follow us on Instagram to increase your chances of winning.
2026-04-21 17:30:03  DEBUG     +918824096272    SUCCESS   Thanks for participating! 1 image submitted successfully.
Follow us on Instagram to increase your chances of winning.
2026-04-21 17:30:15  DEBUG     +919221178628    SUCCESS   Thanks for participating! 1 image submitted successfully.
Follow us on Instagram to increase your chances of winning.
2026-04-21 17:30:15  DEBUG     Batch 23/100 — 5 pair(s)
2026-04-21 17:30:26  DEBUG     +917644393553    SUCCESS   Thanks for participating! 1 image submitted successfully.
Follow us on Instagram to increase your chances of winning.
2026-04-21 17:30:35  DEBUG     +918095091546    SUCCESS   Thanks for participating! 1 image submitted successfully.
Follow us on Instagram to increase your chances of winning.
2026-04-21 17:30:47  DEBUG     +917656046482    SUCCESS   Thanks for participating! 1 image submitted successfully.
Follow us on Instagram to increase your chances of winning.
2026-04-21 17:30:55  DEBUG     +919110318464    SUCCESS   Thanks for participating! 1 image submitted successfully.
Follow us on Instagram to increase your chances of winning.
2026-04-21 17:31:03  DEBUG     +916008366588    SUCCESS   Thanks for participating! 1 image submitted successfully.
Follow us on Instagram to increase your chances of winning.
2026-04-21 17:31:03  DEBUG     Batch 24/100 — 5 pair(s)
2026-04-21 17:31:15  DEBUG     +917043605171    SUCCESS   Thanks for participating! 1 image submitted successfully.
Follow us on Instagram to increase your chances of winning.
2026-04-21 17:31:26  DEBUG     +919583074904    SUCCESS   Thanks for participating! 1 image submitted successfully.
Follow us on Instagram to increase your chances of winning.
2026-04-21 17:31:38  DEBUG     +918036581372    SUCCESS   Thanks for participating! 1 image submitted successfully.
Follow us on Instagram to increase your chances of winning.
2026-04-21 17:31:47  DEBUG     +919813392155    SUCCESS   Thanks for participating! 1 image submitted successfully.
Follow us on Instagram to increase your chances of winning.
2026-04-21 17:32:00  DEBUG     +916616606943    SUCCESS   Thanks for participating! 1 image submitted successfully.
Follow us on Instagram to increase your chances of winning.
2026-04-21 17:32:00  DEBUG     Batch 25/100 — 5 pair(s)
2026-04-21 17:32:09  DEBUG     +917246881154    SUCCESS   Thanks for participating! 1 image submitted successfully.
Follow us on Instagram to increase your chances of winning.
2026-04-21 17:32:20  DEBUG     +916654663461    SUCCESS   Thanks for participating! 1 image submitted successfully.
Follow us on Instagram to increase your chances of winning.
2026-04-21 17:32:28  DEBUG     +918529748347    SUCCESS   Thanks for participating! 1 image submitted successfully.
Follow us on Instagram to increase your chances of winning.
2026-04-21 17:32:39  DEBUG     +916812112185    SUCCESS   Thanks for participating! 1 image submitted successfully.
Follow us on Instagram to increase your chances of winning.
2026-04-21 17:32:47  DEBUG     +919003028306    SUCCESS   Thanks for participating! 1 image submitted successfully.
Follow us on Instagram to increase your chances of winning.
2026-04-21 17:32:47  DEBUG     Batch 26/100 — 5 pair(s)
2026-04-21 17:32:55  DEBUG     +918978688169    SUCCESS   Thanks for participating! 1 image submitted successfully.
Follow us on Instagram to increase your chances of winning.
2026-04-21 17:33:07  DEBUG     +919087700262    SUCCESS   Thanks for participating! 1 image submitted successfully.
Follow us on Instagram to increase your chances of winning.
2026-04-21 17:33:17  DEBUG     +916508936889    SUCCESS   Thanks for participating! 1 image submitted successfully.
Follow us on Instagram to increase your chances of winning.
2026-04-21 17:33:29  DEBUG     +916643728097    SUCCESS   Thanks for participating! 1 image submitted successfully.
Follow us on Instagram to increase your chances of winning.
2026-04-21 17:33:41  DEBUG     +919944019693    SUCCESS   Thanks for participating! 1 image submitted successfully.
Follow us on Instagram to increase your chances of winning.
2026-04-21 17:33:41  DEBUG     Batch 27/100 — 5 pair(s)
2026-04-21 17:33:56  DEBUG     +917155501469    SUCCESS   Thanks for participating! 1 image submitted successfully.
Follow us on Instagram to increase your chances of winning.
2026-04-21 17:34:04  DEBUG     +918907567995    SUCCESS   Thanks for participating! 1 image submitted successfully.
Follow us on Instagram to increase your chances of winning.
2026-04-21 17:34:16  DEBUG     +919713235272    SUCCESS   Thanks for participating! 1 image submitted successfully.
Follow us on Instagram to increase your chances of winning.
2026-04-21 17:34:25  DEBUG     +918876594582    SUCCESS   Thanks for participating! 1 image submitted successfully.
Follow us on Instagram to increase your chances of winning.
2026-04-21 17:34:34  DEBUG     +918124587142    SUCCESS   Thanks for participating! 1 image submitted successfully.
Follow us on Instagram to increase your chances of winning.
2026-04-21 17:34:34  DEBUG     Batch 28/100 — 5 pair(s)
2026-04-21 17:34:44  DEBUG     +916347249412    SUCCESS   Thanks for participating! 1 image submitted successfully.
Follow us on Instagram to increase your chances of winning.
2026-04-21 17:34:56  DEBUG     +916739657501    SUCCESS   Thanks for participating! 1 image submitted successfully.
Follow us on Instagram to increase your chances of winning.
2026-04-21 17:35:08  DEBUG     +916283210424    SUCCESS   Thanks for participating! 1 image submitted successfully.
Follow us on Instagram to increase your chances of winning.
2026-04-21 17:35:17  DEBUG     +917935253810    SUCCESS   Thanks for participating! 1 image submitted successfully.
Follow us on Instagram to increase your chances of winning.
2026-04-21 17:35:26  DEBUG     +919784443091    SUCCESS   Thanks for participating! 1 image submitted successfully.
Follow us on Instagram to increase your chances of winning.
2026-04-21 17:35:26  DEBUG     Batch 29/100 — 5 pair(s)
2026-04-21 17:35:37  DEBUG     +919638135229    SUCCESS   Thanks for participating! 1 image submitted successfully.
Follow us on Instagram to increase your chances of winning.
2026-04-21 17:35:49  DEBUG     +916567394791    SUCCESS   Thanks for participating! 1 image submitted successfully.
Follow us on Instagram to increase your chances of winning.
2026-04-21 17:35:58  DEBUG     +919685323150    SUCCESS   Thanks for participating! 1 image submitted successfully.
Follow us on Instagram to increase your chances of winning.
2026-04-21 17:36:31  DEBUG     +918233778471    SUCCESS   Thanks for participating! 1 image submitted successfully.
Follow us on Instagram to increase your chances of winning.
2026-04-21 17:36:55  DEBUG     +917476462754    SUCCESS   Thanks for participating! 1 image submitted successfully.
Follow us on Instagram to increase your chances of winning.
2026-04-21 17:36:55  DEBUG     Batch 30/100 — 5 pair(s)
2026-04-21 17:37:04  DEBUG     +919032552001    SUCCESS   Thanks for participating! 1 image submitted successfully.
Follow us on Instagram to increase your chances of winning.
2026-04-21 17:37:12  DEBUG     +917776320992    SUCCESS   Thanks for participating! 1 image submitted successfully.
Follow us on Instagram to increase your chances of winning.
2026-04-21 17:37:22  DEBUG     +919567018870    SUCCESS   Thanks for participating! 1 image submitted successfully.
Follow us on Instagram to increase your chances of winning.
2026-04-21 17:37:31  DEBUG     +917092552238    SUCCESS   Thanks for participating! 1 image submitted successfully.
Follow us on Instagram to increase your chances of winning.
2026-04-21 17:37:40  DEBUG     +917991907142    SUCCESS   Thanks for participating! 1 image submitted successfully.
Follow us on Instagram to increase your chances of winning.
2026-04-21 17:37:40  DEBUG     Batch 31/100 — 5 pair(s)
2026-04-21 17:37:48  DEBUG     +919915281129    SUCCESS   Thanks for participating! 1 image submitted successfully.
Follow us on Instagram to increase your chances of winning.
2026-04-21 17:37:57  DEBUG     +919666753167    SUCCESS   Thanks for participating! 1 image submitted successfully.
Follow us on Instagram to increase your chances of winning.
2026-04-21 17:38:13  DEBUG     +917056993844    SUCCESS   Thanks for participating! 1 image submitted successfully.
Follow us on Instagram to increase your chances of winning.
2026-04-21 17:38:24  DEBUG     +917498414085    SUCCESS   Thanks for participating! 1 image submitted successfully.
Follow us on Instagram to increase your chances of winning.
2026-04-21 17:38:33  DEBUG     +919364233844    SUCCESS   Thanks for participating! 1 image submitted successfully.
Follow us on Instagram to increase your chances of winning.
2026-04-21 17:38:33  DEBUG     Batch 32/100 — 5 pair(s)
2026-04-21 17:38:41  DEBUG     +917282602759    SUCCESS   Thanks for participating! 1 image submitted successfully.
Follow us on Instagram to increase your chances of winning.
2026-04-21 17:38:49  DEBUG     +916174461794    SUCCESS   Thanks for participating! 1 image submitted successfully.
Follow us on Instagram to increase your chances of winning.
2026-04-21 17:38:58  DEBUG     +917233358010    SUCCESS   Thanks for participating! 1 image submitted successfully.
Follow us on Instagram to increase your chances of winning.
2026-04-21 17:39:09  DEBUG     +918947863343    SUCCESS   Thanks for participating! 1 image submitted successfully.
Follow us on Instagram to increase your chances of winning.
2026-04-21 17:39:18  DEBUG     +916758620931    SUCCESS   Thanks for participating! 1 image submitted successfully.
Follow us on Instagram to increase your chances of winning.
2026-04-21 17:39:18  DEBUG     Batch 33/100 — 5 pair(s)
2026-04-21 17:39:36  DEBUG     +919763490729    SUCCESS   Thanks for participating! 1 image submitted successfully.
Follow us on Instagram to increase your chances of winning.
2026-04-21 17:39:44  DEBUG     +919142678207    SUCCESS   Thanks for participating! 1 image submitted successfully.
Follow us on Instagram to increase your chances of winning.
2026-04-21 17:39:57  DEBUG     +917575367565    SUCCESS   Thanks for participating! 1 image submitted successfully.
Follow us on Instagram to increase your chances of winning.
2026-04-21 17:40:08  DEBUG     +919733137042    SUCCESS   Thanks for participating! 1 image submitted successfully.
Follow us on Instagram to increase your chances of winning.
2026-04-21 17:40:30  DEBUG     +917703189542    SUCCESS   Thanks for participating! 1 image submitted successfully.
Follow us on Instagram to increase your chances of winning.
2026-04-21 17:40:30  DEBUG     Batch 34/100 — 5 pair(s)
2026-04-21 17:41:01  DEBUG     +918409274831    SUCCESS   Thanks for participating! 1 image submitted successfully.
Follow us on Instagram to increase your chances of winning.
2026-04-21 17:41:17  DEBUG     +919279000735    SUCCESS   Thanks for participating! 1 image submitted successfully.
Follow us on Instagram to increase your chances of winning.
2026-04-21 17:41:33  DEBUG     +918067354866    SUCCESS   Thanks for participating! 1 image submitted successfully.
Follow us on Instagram to increase your chances of winning.
2026-04-21 17:41:43  DEBUG     +919152682515    SUCCESS   Thanks for participating! 1 image submitted successfully.
Follow us on Instagram to increase your chances of winning.
2026-04-21 17:41:55  DEBUG     +917241514239    SUCCESS   Thanks for participating! 1 image submitted successfully.
Follow us on Instagram to increase your chances of winning.
2026-04-21 17:41:55  DEBUG     Batch 35/100 — 5 pair(s)
2026-04-21 17:42:04  DEBUG     +918593275525    SUCCESS   Thanks for participating! 1 image submitted successfully.
Follow us on Instagram to increase your chances of winning.
2026-04-21 17:42:12  DEBUG     +917492428408    SUCCESS   Thanks for participating! 1 image submitted successfully.
Follow us on Instagram to increase your chances of winning.
2026-04-21 17:42:20  DEBUG     +916723015191    SUCCESS   Thanks for participating! 1 image submitted successfully.
Follow us on Instagram to increase your chances of winning.
2026-04-21 17:42:29  DEBUG     +918794976462    SUCCESS   Thanks for participating! 1 image submitted successfully.
Follow us on Instagram to increase your chances of winning.
2026-04-21 17:42:38  DEBUG     +919704928500    SUCCESS   Thanks for participating! 1 image submitted successfully.
Follow us on Instagram to increase your chances of winning.
2026-04-21 17:42:38  DEBUG     Batch 36/100 — 5 pair(s)
2026-04-21 17:42:50  DEBUG     +916273619188    SUCCESS   Thanks for participating! 1 image submitted successfully.
Follow us on Instagram to increase your chances of winning.
2026-04-21 17:43:00  DEBUG     +918574412020    SUCCESS   Thanks for participating! 1 image submitted successfully.
Follow us on Instagram to increase your chances of winning.
2026-04-21 17:43:08  DEBUG     +919987640636    SUCCESS   Thanks for participating! 1 image submitted successfully.
Follow us on Instagram to increase your chances of winning.
2026-04-21 17:43:19  DEBUG     +916756610273    SUCCESS   Thanks for participating! 1 image submitted successfully.
Follow us on Instagram to increase your chances of winning.
2026-04-21 17:43:28  DEBUG     +916654252676    SUCCESS   Thanks for participating! 1 image submitted successfully.
Follow us on Instagram to increase your chances of winning.
2026-04-21 17:43:28  DEBUG     Batch 37/100 — 5 pair(s)
2026-04-21 17:43:39  DEBUG     +919593489928    SUCCESS   Thanks for participating! 1 image submitted successfully.
Follow us on Instagram to increase your chances of winning.
2026-04-21 17:43:48  DEBUG     +918449999054    SUCCESS   Thanks for participating! 1 image submitted successfully.
Follow us on Instagram to increase your chances of winning.
2026-04-21 17:44:12  DEBUG     +918976700420    SUCCESS   Thanks for participating! 1 image submitted successfully.
Follow us on Instagram to increase your chances of winning.
2026-04-21 17:44:43  DEBUG     +918376498150    SUCCESS   Thanks for participating! 1 image submitted successfully.
Follow us on Instagram to increase your chances of winning.
2026-04-21 17:44:57  DEBUG     +918207223315    SUCCESS   Thanks for participating! 1 image submitted successfully.
Follow us on Instagram to increase your chances of winning.
2026-04-21 17:44:57  DEBUG     Batch 38/100 — 5 pair(s)
2026-04-21 17:45:06  DEBUG     +919750934111    SUCCESS   Thanks for participating! 1 image submitted successfully.
Follow us on Instagram to increase your chances of winning.
2026-04-21 17:45:16  DEBUG     +918047665625    SUCCESS   Thanks for participating! 1 image submitted successfully.
Follow us on Instagram to increase your chances of winning.
2026-04-21 17:45:25  DEBUG     +918234996684    SUCCESS   Thanks for participating! 1 image submitted successfully.
Follow us on Instagram to increase your chances of winning.
2026-04-21 17:45:36  DEBUG     +916124412032    SUCCESS   Thanks for participating! 1 image submitted successfully.
Follow us on Instagram to increase your chances of winning.
2026-04-21 17:45:44  DEBUG     +919388888818    SUCCESS   Thanks for participating! 1 image submitted successfully.
Follow us on Instagram to increase your chances of winning.
2026-04-21 17:45:44  DEBUG     Batch 39/100 — 5 pair(s)
2026-04-21 17:45:55  DEBUG     +917579845380    SUCCESS   Thanks for participating! 1 image submitted successfully.
Follow us on Instagram to increase your chances of winning.
2026-04-21 17:46:04  DEBUG     +919134433015    SUCCESS   Thanks for participating! 1 image submitted successfully.
Follow us on Instagram to increase your chances of winning.
2026-04-21 17:46:12  DEBUG     +918734181018    SUCCESS   Thanks for participating! 1 image submitted successfully.
Follow us on Instagram to increase your chances of winning.
2026-04-21 17:46:24  DEBUG     +918127594293    SUCCESS   Thanks for participating! 1 image submitted successfully.
Follow us on Instagram to increase your chances of winning.
2026-04-21 17:46:32  DEBUG     +918897131231    SUCCESS   Thanks for participating! 1 image submitted successfully.
Follow us on Instagram to increase your chances of winning.
2026-04-21 17:46:32  DEBUG     Batch 40/100 — 5 pair(s)
2026-04-21 17:46:40  DEBUG     +917375737962    SUCCESS   Thanks for participating! 1 image submitted successfully.
Follow us on Instagram to increase your chances of winning.
2026-04-21 17:46:49  DEBUG     +918781626723    SUCCESS   Thanks for participating! 1 image submitted successfully.
Follow us on Instagram to increase your chances of winning.
2026-04-21 17:47:00  DEBUG     +918357321830    SUCCESS   Thanks for participating! 1 image submitted successfully.
Follow us on Instagram to increase your chances of winning.
2026-04-21 17:47:08  DEBUG     +916533548530    SUCCESS   Thanks for participating! 1 image submitted successfully.
Follow us on Instagram to increase your chances of winning.
2026-04-21 17:47:26  DEBUG     +916131895413    SUCCESS   Thanks for participating! 1 image submitted successfully.
Follow us on Instagram to increase your chances of winning.
2026-04-21 17:47:26  DEBUG     Batch 41/100 — 5 pair(s)
2026-04-21 17:47:53  DEBUG     +918743956516    SUCCESS   Thanks for participating! 1 image submitted successfully.
Follow us on Instagram to increase your chances of winning.
2026-04-21 17:48:03  DEBUG     +916986314628    SUCCESS   Thanks for participating! 1 image submitted successfully.
Follow us on Instagram to increase your chances of winning.
2026-04-21 17:48:14  DEBUG     +916754427676    SUCCESS   Thanks for participating! 1 image submitted successfully.
Follow us on Instagram to increase your chances of winning.
2026-04-21 17:48:22  DEBUG     +919148997771    SUCCESS   Thanks for participating! 1 image submitted successfully.
Follow us on Instagram to increase your chances of winning.
2026-04-21 17:48:30  DEBUG     +919132140340    SUCCESS   Thanks for participating! 1 image submitted successfully.
Follow us on Instagram to increase your chances of winning.
2026-04-21 17:48:30  DEBUG     Batch 42/100 — 5 pair(s)
2026-04-21 17:48:38  DEBUG     +918623052548    SUCCESS   Thanks for participating! 1 image submitted successfully.
Follow us on Instagram to increase your chances of winning.
2026-04-21 17:48:46  DEBUG     +916554167251    SUCCESS   Thanks for participating! 1 image submitted successfully.
Follow us on Instagram to increase your chances of winning.
2026-04-21 17:48:54  DEBUG     +916910548608    SUCCESS   Thanks for participating! 1 image submitted successfully.
Follow us on Instagram to increase your chances of winning.
2026-04-21 17:49:05  DEBUG     +916835601089    SUCCESS   Thanks for participating! 1 image submitted successfully.
Follow us on Instagram to increase your chances of winning.
2026-04-21 17:49:15  DEBUG     +918707199499    SUCCESS   Thanks for participating! 1 image submitted successfully.
Follow us on Instagram to increase your chances of winning.
2026-04-21 17:49:15  DEBUG     Batch 43/100 — 5 pair(s)
2026-04-21 17:49:26  DEBUG     +917716958188    SUCCESS   Thanks for participating! 1 image submitted successfully.
Follow us on Instagram to increase your chances of winning.
2026-04-21 17:49:34  DEBUG     +917224887068    SUCCESS   Thanks for participating! 1 image submitted successfully.
Follow us on Instagram to increase your chances of winning.
2026-04-21 17:49:45  DEBUG     +919942894969    SUCCESS   Thanks for participating! 1 image submitted successfully.
Follow us on Instagram to increase your chances of winning.
2026-04-21 17:49:54  DEBUG     +918564493527    SUCCESS   Thanks for participating! 1 image submitted successfully.
Follow us on Instagram to increase your chances of winning.
2026-04-21 17:50:02  DEBUG     +916260693846    SUCCESS   Thanks for participating! 1 image submitted successfully.
Follow us on Instagram to increase your chances of winning.
2026-04-21 17:50:02  DEBUG     Batch 44/100 — 5 pair(s)
2026-04-21 17:50:10  DEBUG     +919499984536    SUCCESS   Thanks for participating! 1 image submitted successfully.
Follow us on Instagram to increase your chances of winning.
2026-04-21 17:50:18  DEBUG     +917077086262    SUCCESS   Thanks for participating! 1 image submitted successfully.
Follow us on Instagram to increase your chances of winning.
2026-04-21 17:50:26  DEBUG     +917011766496    SUCCESS   Thanks for participating! 1 image submitted successfully.
Follow us on Instagram to increase your chances of winning.
2026-04-21 17:50:34  DEBUG     +917090990084    SUCCESS   Thanks for participating! 1 image submitted successfully.
Follow us on Instagram to increase your chances of winning.
2026-04-21 17:50:46  DEBUG     +917214338301    SUCCESS   Thanks for participating! 1 image submitted successfully.
Follow us on Instagram to increase your chances of winning.
2026-04-21 17:50:46  DEBUG     Batch 45/100 — 5 pair(s)
2026-04-21 17:50:54  DEBUG     +916772712845    SUCCESS   Thanks for participating! 1 image submitted successfully.
Follow us on Instagram to increase your chances of winning.
2026-04-21 17:51:02  DEBUG     +918938148676    SUCCESS   Thanks for participating! 1 image submitted successfully.
Follow us on Instagram to increase your chances of winning.
2026-04-21 17:51:13  DEBUG     +919375638405    SUCCESS   Thanks for participating! 1 image submitted successfully.
Follow us on Instagram to increase your chances of winning.
2026-04-21 17:51:23  DEBUG     +918282130717    SUCCESS   Thanks for participating! 1 image submitted successfully.
Follow us on Instagram to increase your chances of winning.
2026-04-21 17:51:34  DEBUG     +918963707443    SUCCESS   Thanks for participating! 1 image submitted successfully.
Follow us on Instagram to increase your chances of winning.
2026-04-21 17:51:34  DEBUG     Batch 46/100 — 5 pair(s)
2026-04-21 17:51:42  DEBUG     +918827594048    SUCCESS   Thanks for participating! 1 image submitted successfully.
Follow us on Instagram to increase your chances of winning.
2026-04-21 17:51:50  DEBUG     +917573077049    SUCCESS   Thanks for participating! 1 image submitted successfully.
Follow us on Instagram to increase your chances of winning.
2026-04-21 17:52:00  DEBUG     +918519513220    SUCCESS   Thanks for participating! 1 image submitted successfully.
Follow us on Instagram to increase your chances of winning.
2026-04-21 17:52:09  DEBUG     +916513286303    SUCCESS   Thanks for participating! 1 image submitted successfully.
Follow us on Instagram to increase your chances of winning.
2026-04-21 17:52:18  DEBUG     +916793395523    SUCCESS   Thanks for participating! 1 image submitted successfully.
Follow us on Instagram to increase your chances of winning.
2026-04-21 17:52:18  DEBUG     Batch 47/100 — 5 pair(s)
2026-04-21 17:52:26  DEBUG     +916190523601    SUCCESS   Thanks for participating! 1 image submitted successfully.
Follow us on Instagram to increase your chances of winning.
2026-04-21 17:52:38  DEBUG     +916364444793    SUCCESS   Thanks for participating! 1 image submitted successfully.
Follow us on Instagram to increase your chances of winning.
2026-04-21 17:52:46  DEBUG     +916479660185    SUCCESS   Thanks for participating! 1 image submitted successfully.
Follow us on Instagram to increase your chances of winning.
2026-04-21 17:52:54  DEBUG     +919515123222    SUCCESS   Thanks for participating! 1 image submitted successfully.
Follow us on Instagram to increase your chances of winning.
2026-04-21 17:53:06  DEBUG     +916997611814    SUCCESS   Thanks for participating! 1 image submitted successfully.
Follow us on Instagram to increase your chances of winning.
2026-04-21 17:53:06  DEBUG     Batch 48/100 — 5 pair(s)
2026-04-21 17:53:14  DEBUG     +917126543735    SUCCESS   Thanks for participating! 1 image submitted successfully.
Follow us on Instagram to increase your chances of winning.
2026-04-21 17:53:22  DEBUG     +919443103121    SUCCESS   Thanks for participating! 1 image submitted successfully.
Follow us on Instagram to increase your chances of winning.
2026-04-21 17:53:29  DEBUG     +918875335403    SUCCESS   Thanks for participating! 1 image submitted successfully.
Follow us on Instagram to increase your chances of winning.
2026-04-21 17:53:38  DEBUG     +918990379841    SUCCESS   Thanks for participating! 1 image submitted successfully.
Follow us on Instagram to increase your chances of winning.
2026-04-21 17:53:46  DEBUG     +919463309640    SUCCESS   Thanks for participating! 1 image submitted successfully.
Follow us on Instagram to increase your chances of winning.
2026-04-21 17:53:46  DEBUG     Batch 49/100 — 5 pair(s)
2026-04-21 17:53:53  DEBUG     +917101942031    SUCCESS   Thanks for participating! 1 image submitted successfully.
Follow us on Instagram to increase your chances of winning.
2026-04-21 17:54:02  DEBUG     +919070471443    SUCCESS   Thanks for participating! 1 image submitted successfully.
Follow us on Instagram to increase your chances of winning.
2026-04-21 17:54:10  DEBUG     +918880667919    SUCCESS   Thanks for participating! 1 image submitted successfully.
Follow us on Instagram to increase your chances of winning.
2026-04-21 17:54:18  DEBUG     +919299189668    SUCCESS   Thanks for participating! 1 image submitted successfully.
Follow us on Instagram to increase your chances of winning.
2026-04-21 17:54:26  DEBUG     +917552407440    SUCCESS   Thanks for participating! 1 image submitted successfully.
Follow us on Instagram to increase your chances of winning.
2026-04-21 17:54:26  DEBUG     Batch 50/100 — 5 pair(s)
2026-04-21 17:54:35  DEBUG     +916429302885    SUCCESS   Thanks for participating! 1 image submitted successfully.
Follow us on Instagram to increase your chances of winning.
2026-04-21 17:54:46  DEBUG     +919165115627    SUCCESS   Thanks for participating! 1 image submitted successfully.
Follow us on Instagram to increase your chances of winning.
2026-04-21 17:54:54  DEBUG     +916286076898    SUCCESS   Thanks for participating! 1 image submitted successfully.
Follow us on Instagram to increase your chances of winning.
2026-04-21 17:55:02  DEBUG     +919933268804    SUCCESS   Thanks for participating! 1 image submitted successfully.
Follow us on Instagram to increase your chances of winning.
2026-04-21 17:55:12  DEBUG     +918559805786    SUCCESS   Thanks for participating! 1 image submitted successfully.
Follow us on Instagram to increase your chances of winning.
2026-04-21 17:55:12  DEBUG     Batch 51/100 — 5 pair(s)
2026-04-21 17:55:23  DEBUG     +916426507290    SUCCESS   Thanks for participating! 1 image submitted successfully.
Follow us on Instagram to increase your chances of winning.
2026-04-21 17:55:35  DEBUG     +918434853088    SUCCESS   Thanks for participating! 1 image submitted successfully.
Follow us on Instagram to increase your chances of winning.
2026-04-21 17:55:45  DEBUG     +919622601616    SUCCESS   Thanks for participating! 1 image submitted successfully.
Follow us on Instagram to increase your chances of winning.
2026-04-21 17:55:56  DEBUG     +917081758640    SUCCESS   Thanks for participating! 1 image submitted successfully.
Follow us on Instagram to increase your chances of winning.
2026-04-21 17:56:04  DEBUG     +919019829339    SUCCESS   Thanks for participating! 1 image submitted successfully.
Follow us on Instagram to increase your chances of winning.
2026-04-21 17:56:04  DEBUG     Batch 52/100 — 5 pair(s)
2026-04-21 17:56:13  DEBUG     +918580254038    SUCCESS   Thanks for participating! 1 image submitted successfully.
Follow us on Instagram to increase your chances of winning.
2026-04-21 17:56:23  DEBUG     +917870374958    SUCCESS   Thanks for participating! 1 image submitted successfully.
Follow us on Instagram to increase your chances of winning.
2026-04-21 17:56:33  DEBUG     +917001636257    SUCCESS   Thanks for participating! 1 image submitted successfully.
Follow us on Instagram to increase your chances of winning.
2026-04-21 17:56:43  DEBUG     +917285214864    SUCCESS   Thanks for participating! 1 image submitted successfully.
Follow us on Instagram to increase your chances of winning.
2026-04-21 17:56:54  DEBUG     +917982686111    SUCCESS   Thanks for participating! 1 image submitted successfully.
Follow us on Instagram to increase your chances of winning.
2026-04-21 17:56:54  DEBUG     Batch 53/100 — 5 pair(s)
2026-04-21 17:57:01  DEBUG     +917102590266    SUCCESS   Thanks for participating! 1 image submitted successfully.
Follow us on Instagram to increase your chances of winning.
2026-04-21 17:57:09  DEBUG     +916044267326    SUCCESS   Thanks for participating! 1 image submitted successfully.
Follow us on Instagram to increase your chances of winning.
2026-04-21 17:57:20  DEBUG     +917971179656    SUCCESS   Thanks for participating! 1 image submitted successfully.
Follow us on Instagram to increase your chances of winning.
2026-04-21 17:57:28  DEBUG     +919882043111    SUCCESS   Thanks for participating! 1 image submitted successfully.
Follow us on Instagram to increase your chances of winning.
2026-04-21 17:57:39  DEBUG     +918685812407    SUCCESS   Thanks for participating! 1 image submitted successfully.
Follow us on Instagram to increase your chances of winning.
2026-04-21 17:57:39  DEBUG     Batch 54/100 — 5 pair(s)
2026-04-21 17:57:47  DEBUG     +917762102063    SUCCESS   Thanks for participating! 1 image submitted successfully.
Follow us on Instagram to increase your chances of winning.
2026-04-21 17:57:57  DEBUG     +917327307446    SUCCESS   Thanks for participating! 1 image submitted successfully.
Follow us on Instagram to increase your chances of winning.
2026-04-21 17:58:08  DEBUG     +917101171082    SUCCESS   Thanks for participating! 1 image submitted successfully.
Follow us on Instagram to increase your chances of winning.
2026-04-21 17:58:16  DEBUG     +918640321605    SUCCESS   Thanks for participating! 1 image submitted successfully.
Follow us on Instagram to increase your chances of winning.
2026-04-21 17:58:25  DEBUG     +918680047149    SUCCESS   Thanks for participating! 1 image submitted successfully.
Follow us on Instagram to increase your chances of winning.
2026-04-21 17:58:25  DEBUG     Batch 55/100 — 5 pair(s)
2026-04-21 17:58:33  DEBUG     +919596049720    SUCCESS   Thanks for participating! 1 image submitted successfully.
Follow us on Instagram to increase your chances of winning.
2026-04-21 17:58:42  DEBUG     +916050551288    SUCCESS   Thanks for participating! 1 image submitted successfully.
Follow us on Instagram to increase your chances of winning.
2026-04-21 17:58:51  DEBUG     +916525429579    SUCCESS   Thanks for participating! 1 image submitted successfully.
Follow us on Instagram to increase your chances of winning.
2026-04-21 17:59:02  DEBUG     +919855162188    SUCCESS   Thanks for participating! 1 image submitted successfully.
Follow us on Instagram to increase your chances of winning.
2026-04-21 17:59:10  DEBUG     +916448135007    SUCCESS   Thanks for participating! 1 image submitted successfully.
Follow us on Instagram to increase your chances of winning.
2026-04-21 17:59:10  DEBUG     Batch 56/100 — 5 pair(s)
2026-04-21 17:59:18  DEBUG     +917697616359    SUCCESS   Thanks for participating! 1 image submitted successfully.
Follow us on Instagram to increase your chances of winning.
2026-04-21 17:59:26  DEBUG     +919051012314    SUCCESS   Thanks for participating! 1 image submitted successfully.
Follow us on Instagram to increase your chances of winning.
2026-04-21 17:59:34  DEBUG     +917494333535    SUCCESS   Thanks for participating! 1 image submitted successfully.
Follow us on Instagram to increase your chances of winning.
2026-04-21 17:59:42  DEBUG     +919242729302    SUCCESS   Thanks for participating! 1 image submitted successfully.
Follow us on Instagram to increase your chances of winning.
2026-04-21 17:59:52  DEBUG     +916137494258    SUCCESS   Thanks for participating! 1 image submitted successfully.
Follow us on Instagram to increase your chances of winning.
2026-04-21 17:59:52  DEBUG     Batch 57/100 — 5 pair(s)
2026-04-21 18:00:00  DEBUG     +916226103419    SUCCESS   Thanks for participating! 1 image submitted successfully.
Follow us on Instagram to increase your chances of winning.
2026-04-21 18:00:08  DEBUG     +917265301350    SUCCESS   Thanks for participating! 1 image submitted successfully.
Follow us on Instagram to increase your chances of winning.
2026-04-21 18:00:16  DEBUG     +919746470873    SUCCESS   Thanks for participating! 1 image submitted successfully.
Follow us on Instagram to increase your chances of winning.
2026-04-21 18:00:24  DEBUG     +918940965988    SUCCESS   Thanks for participating! 1 image submitted successfully.
Follow us on Instagram to increase your chances of winning.
2026-04-21 18:00:33  DEBUG     +916033852317    SUCCESS   Thanks for participating! 1 image submitted successfully.
Follow us on Instagram to increase your chances of winning.
2026-04-21 18:00:33  DEBUG     Batch 58/100 — 5 pair(s)
2026-04-21 18:00:42  DEBUG     +918670002317    SUCCESS   Thanks for participating! 1 image submitted successfully.
Follow us on Instagram to increase your chances of winning.
2026-04-21 18:00:50  DEBUG     +917292327171    SUCCESS   Thanks for participating! 1 image submitted successfully.
Follow us on Instagram to increase your chances of winning.
2026-04-21 18:01:00  DEBUG     +918255537455    SUCCESS   Thanks for participating! 1 image submitted successfully.
Follow us on Instagram to increase your chances of winning.
2026-04-21 18:01:12  DEBUG     +917228402926    SUCCESS   Thanks for participating! 1 image submitted successfully.
Follow us on Instagram to increase your chances of winning.
2026-04-21 18:01:20  DEBUG     +916246921067    SUCCESS   Thanks for participating! 1 image submitted successfully.
Follow us on Instagram to increase your chances of winning.
2026-04-21 18:01:20  DEBUG     Batch 59/100 — 5 pair(s)
2026-04-21 18:01:30  DEBUG     +917704543507    SUCCESS   Thanks for participating! 1 image submitted successfully.
Follow us on Instagram to increase your chances of winning.
2026-04-21 18:01:42  DEBUG     +919526432419    SUCCESS   Thanks for participating! 1 image submitted successfully.
Follow us on Instagram to increase your chances of winning.
2026-04-21 18:01:50  DEBUG     +916463523837    SUCCESS   Thanks for participating! 1 image submitted successfully.
Follow us on Instagram to increase your chances of winning.
2026-04-21 18:01:58  DEBUG     +918249170999    SUCCESS   Thanks for participating! 1 image submitted successfully.
Follow us on Instagram to increase your chances of winning.
2026-04-21 18:02:10  DEBUG     +919326002021    SUCCESS   Thanks for participating! 1 image submitted successfully.
Follow us on Instagram to increase your chances of winning.
2026-04-21 18:02:10  DEBUG     Batch 60/100 — 5 pair(s)
2026-04-21 18:02:27  DEBUG     +918854105800    SUCCESS   Thanks for participating! 1 image submitted successfully.
Follow us on Instagram to increase your chances of winning.
2026-04-21 18:02:35  DEBUG     +919897749509    SUCCESS   Thanks for participating! 1 image submitted successfully.
Follow us on Instagram to increase your chances of winning.
2026-04-21 18:02:44  DEBUG     +918001115116    SUCCESS   Thanks for participating! 1 image submitted successfully.
Follow us on Instagram to increase your chances of winning.
2026-04-21 18:02:52  DEBUG     +916060224835    SUCCESS   Thanks for participating! 1 image submitted successfully.
Follow us on Instagram to increase your chances of winning.
2026-04-21 18:03:00  DEBUG     +917527823601    SUCCESS   Thanks for participating! 1 image submitted successfully.
Follow us on Instagram to increase your chances of winning.
2026-04-21 18:03:00  DEBUG     Batch 61/100 — 5 pair(s)
2026-04-21 18:03:08  DEBUG     +916530992453    SUCCESS   Thanks for participating! 1 image submitted successfully.
Follow us on Instagram to increase your chances of winning.
2026-04-21 18:03:20  DEBUG     +918282158965    SUCCESS   Thanks for participating! 1 image submitted successfully.
Follow us on Instagram to increase your chances of winning.
2026-04-21 18:03:31  DEBUG     +916720658245    SUCCESS   Thanks for participating! 1 image submitted successfully.
Follow us on Instagram to increase your chances of winning.
2026-04-21 18:03:42  DEBUG     +917128478540    SUCCESS   Thanks for participating! 1 image submitted successfully.
Follow us on Instagram to increase your chances of winning.
2026-04-21 18:03:50  DEBUG     +918897848736    SUCCESS   Thanks for participating! 1 image submitted successfully.
Follow us on Instagram to increase your chances of winning.
2026-04-21 18:03:50  DEBUG     Batch 62/100 — 5 pair(s)
2026-04-21 18:03:58  DEBUG     +917105405486    SUCCESS   Thanks for participating! 1 image submitted successfully.
Follow us on Instagram to increase your chances of winning.
2026-04-21 18:04:07  DEBUG     +919614436325    SUCCESS   Thanks for participating! 1 image submitted successfully.
Follow us on Instagram to increase your chances of winning.
2026-04-21 18:04:16  DEBUG     +919054773197    SUCCESS   Thanks for participating! 1 image submitted successfully.
Follow us on Instagram to increase your chances of winning.
2026-04-21 18:04:24  DEBUG     +919894199509    SUCCESS   Thanks for participating! 1 image submitted successfully.
Follow us on Instagram to increase your chances of winning.
2026-04-21 18:04:32  DEBUG     +917301808575    SUCCESS   Thanks for participating! 1 image submitted successfully.
Follow us on Instagram to increase your chances of winning.
2026-04-21 18:04:32  DEBUG     Batch 63/100 — 5 pair(s)
2026-04-21 18:04:40  DEBUG     +919789091658    SUCCESS   Thanks for participating! 1 image submitted successfully.
Follow us on Instagram to increase your chances of winning.
2026-04-21 18:04:48  DEBUG     +919811196830    SUCCESS   Thanks for participating! 1 image submitted successfully.
Follow us on Instagram to increase your chances of winning.
2026-04-21 18:05:00  DEBUG     +916889490498    SUCCESS   Thanks for participating! 1 image submitted successfully.
Follow us on Instagram to increase your chances of winning.
2026-04-21 18:05:11  DEBUG     +916861056783    SUCCESS   Thanks for participating! 1 image submitted successfully.
Follow us on Instagram to increase your chances of winning.
2026-04-21 18:05:21  DEBUG     +919238578689    SUCCESS   Thanks for participating! 1 image submitted successfully.
Follow us on Instagram to increase your chances of winning.
2026-04-21 18:05:21  DEBUG     Batch 64/100 — 5 pair(s)
2026-04-21 18:05:32  DEBUG     +917795372634    SUCCESS   Thanks for participating! 1 image submitted successfully.
Follow us on Instagram to increase your chances of winning.
2026-04-21 18:05:40  DEBUG     +918282266418    SUCCESS   Thanks for participating! 1 image submitted successfully.
Follow us on Instagram to increase your chances of winning.
2026-04-21 18:05:47  DEBUG     +916423135127    SUCCESS   Thanks for participating! 1 image submitted successfully.
Follow us on Instagram to increase your chances of winning.
2026-04-21 18:05:59  DEBUG     +918063084960    SUCCESS   Thanks for participating! 1 image submitted successfully.
Follow us on Instagram to increase your chances of winning.
2026-04-21 18:06:10  DEBUG     +918647837468    SUCCESS   Thanks for participating! 1 image submitted successfully.
Follow us on Instagram to increase your chances of winning.
2026-04-21 18:06:10  DEBUG     Batch 65/100 — 5 pair(s)
2026-04-21 18:06:18  DEBUG     +916862199247    SUCCESS   Thanks for participating! 1 image submitted successfully.
Follow us on Instagram to increase your chances of winning.
2026-04-21 18:06:26  DEBUG     +918990114754    SUCCESS   Thanks for participating! 1 image submitted successfully.
Follow us on Instagram to increase your chances of winning.
2026-04-21 18:06:34  DEBUG     +916428086605    SUCCESS   Thanks for participating! 1 image submitted successfully.
Follow us on Instagram to increase your chances of winning.
2026-04-21 18:06:45  DEBUG     +916169386926    SUCCESS   Thanks for participating! 1 image submitted successfully.
Follow us on Instagram to increase your chances of winning.
2026-04-21 18:06:54  DEBUG     +919488624781    SUCCESS   Thanks for participating! 1 image submitted successfully.
Follow us on Instagram to increase your chances of winning.
2026-04-21 18:06:54  DEBUG     Batch 66/100 — 5 pair(s)
2026-04-21 18:07:06  DEBUG     +917967880660    SUCCESS   Thanks for participating! 1 image submitted successfully.
Follow us on Instagram to increase your chances of winning.
2026-04-21 18:07:14  DEBUG     +918573788484    SUCCESS   Thanks for participating! 1 image submitted successfully.
Follow us on Instagram to increase your chances of winning.
2026-04-21 18:07:23  DEBUG     +918012338279    SUCCESS   Thanks for participating! 1 image submitted successfully.
Follow us on Instagram to increase your chances of winning.
2026-04-21 18:07:33  DEBUG     +918119465144    SUCCESS   Thanks for participating! 1 image submitted successfully.
Follow us on Instagram to increase your chances of winning.
2026-04-21 18:07:41  DEBUG     +918136811748    SUCCESS   Thanks for participating! 1 image submitted successfully.
Follow us on Instagram to increase your chances of winning.
2026-04-21 18:07:41  DEBUG     Batch 67/100 — 5 pair(s)
2026-04-21 18:07:50  DEBUG     +919567323403    SUCCESS   Thanks for participating! 1 image submitted successfully.
Follow us on Instagram to increase your chances of winning.
2026-04-21 18:07:58  DEBUG     +918047044504    SUCCESS   Thanks for participating! 1 image submitted successfully.
Follow us on Instagram to increase your chances of winning.
2026-04-21 18:08:06  DEBUG     +917384309880    SUCCESS   Thanks for participating! 1 image submitted successfully.
Follow us on Instagram to increase your chances of winning.
2026-04-21 18:08:14  DEBUG     +916053170070    SUCCESS   Thanks for participating! 1 image submitted successfully.
Follow us on Instagram to increase your chances of winning.
2026-04-21 18:08:22  DEBUG     +918277933748    SUCCESS   Thanks for participating! 1 image submitted successfully.
Follow us on Instagram to increase your chances of winning.
2026-04-21 18:08:22  DEBUG     Batch 68/100 — 5 pair(s)
2026-04-21 18:08:30  DEBUG     +917904537024    SUCCESS   Thanks for participating! 1 image submitted successfully.
Follow us on Instagram to increase your chances of winning.
2026-04-21 18:08:40  DEBUG     +916407993884    SUCCESS   Thanks for participating! 1 image submitted successfully.
Follow us on Instagram to increase your chances of winning.
2026-04-21 18:08:50  DEBUG     +917998929165    SUCCESS   Thanks for participating! 1 image submitted successfully.
Follow us on Instagram to increase your chances of winning.
2026-04-21 18:08:58  DEBUG     +919784889157    SUCCESS   Thanks for participating! 1 image submitted successfully.
Follow us on Instagram to increase your chances of winning.
2026-04-21 18:09:07  DEBUG     +918227413821    SUCCESS   Thanks for participating! 1 image submitted successfully.
Follow us on Instagram to increase your chances of winning.
2026-04-21 18:09:07  DEBUG     Batch 69/100 — 5 pair(s)
2026-04-21 18:09:15  DEBUG     +916898484823    SUCCESS   Thanks for participating! 1 image submitted successfully.
Follow us on Instagram to increase your chances of winning.
2026-04-21 18:09:24  DEBUG     +919459693326    SUCCESS   Thanks for participating! 1 image submitted successfully.
Follow us on Instagram to increase your chances of winning.
2026-04-21 18:09:32  DEBUG     +916849840604    SUCCESS   Thanks for participating! 1 image submitted successfully.
Follow us on Instagram to increase your chances of winning.
2026-04-21 18:09:40  DEBUG     +918485226605    SUCCESS   Thanks for participating! 1 image submitted successfully.
Follow us on Instagram to increase your chances of winning.
2026-04-21 18:09:49  DEBUG     +916425553515    SUCCESS   Thanks for participating! 1 image submitted successfully.
Follow us on Instagram to increase your chances of winning.
2026-04-21 18:09:49  DEBUG     Batch 70/100 — 5 pair(s)
2026-04-21 18:09:59  DEBUG     +916691039323    SUCCESS   Thanks for participating! 1 image submitted successfully.
Follow us on Instagram to increase your chances of winning.
2026-04-21 18:10:08  DEBUG     +919166060092    SUCCESS   Thanks for participating! 1 image submitted successfully.
Follow us on Instagram to increase your chances of winning.
2026-04-21 18:10:16  DEBUG     +917162134500    SUCCESS   Thanks for participating! 1 image submitted successfully.
Follow us on Instagram to increase your chances of winning.
2026-04-21 18:10:24  DEBUG     +918238711995    SUCCESS   Thanks for participating! 1 image submitted successfully.
Follow us on Instagram to increase your chances of winning.
2026-04-21 18:10:33  DEBUG     +918962756011    SUCCESS   Thanks for participating! 1 image submitted successfully.
Follow us on Instagram to increase your chances of winning.
2026-04-21 18:10:33  DEBUG     Batch 71/100 — 5 pair(s)
2026-04-21 18:10:45  DEBUG     +916867871958    SUCCESS   Thanks for participating! 1 image submitted successfully.
Follow us on Instagram to increase your chances of winning.
2026-04-21 18:10:56  DEBUG     +917775276732    SUCCESS   Thanks for participating! 1 image submitted successfully.
Follow us on Instagram to increase your chances of winning.
2026-04-21 18:11:04  DEBUG     +918080763418    SUCCESS   Thanks for participating! 1 image submitted successfully.
Follow us on Instagram to increase your chances of winning.
2026-04-21 18:11:11  DEBUG     +917723647490    SUCCESS   Thanks for participating! 1 image submitted successfully.
Follow us on Instagram to increase your chances of winning.
2026-04-21 18:11:22  DEBUG     +919588829200    SUCCESS   Thanks for participating! 1 image submitted successfully.
Follow us on Instagram to increase your chances of winning.
2026-04-21 18:11:22  DEBUG     Batch 72/100 — 5 pair(s)
2026-04-21 18:11:30  DEBUG     +919369783485    SUCCESS   Thanks for participating! 1 image submitted successfully.
Follow us on Instagram to increase your chances of winning.
2026-04-21 18:11:40  DEBUG     +916583709778    SUCCESS   Thanks for participating! 1 image submitted successfully.
Follow us on Instagram to increase your chances of winning.
2026-04-21 18:11:48  DEBUG     +917011911423    SUCCESS   Thanks for participating! 1 image submitted successfully.
Follow us on Instagram to increase your chances of winning.
2026-04-21 18:11:59  DEBUG     +916815034593    SUCCESS   Thanks for participating! 1 image submitted successfully.
Follow us on Instagram to increase your chances of winning.
2026-04-21 18:12:07  DEBUG     +919936116294    SUCCESS   Thanks for participating! 1 image submitted successfully.
Follow us on Instagram to increase your chances of winning.
2026-04-21 18:12:07  DEBUG     Batch 73/100 — 5 pair(s)
2026-04-21 18:12:18  DEBUG     +916846941921    SUCCESS   Thanks for participating! 1 image submitted successfully.
Follow us on Instagram to increase your chances of winning.
2026-04-21 18:12:26  DEBUG     +918247745472    SUCCESS   Thanks for participating! 1 image submitted successfully.
Follow us on Instagram to increase your chances of winning.
2026-04-21 18:12:34  DEBUG     +918957313190    SUCCESS   Thanks for participating! 1 image submitted successfully.
Follow us on Instagram to increase your chances of winning.
2026-04-21 18:12:42  DEBUG     +918102051507    SUCCESS   Thanks for participating! 1 image submitted successfully.
Follow us on Instagram to increase your chances of winning.
2026-04-21 18:12:50  DEBUG     +916470236939    SUCCESS   Thanks for participating! 1 image submitted successfully.
Follow us on Instagram to increase your chances of winning.
2026-04-21 18:12:50  DEBUG     Batch 74/100 — 5 pair(s)
2026-04-21 18:13:02  DEBUG     +918132983553    SUCCESS   Thanks for participating! 1 image submitted successfully.
Follow us on Instagram to increase your chances of winning.
2026-04-21 18:13:10  DEBUG     +919300405447    SUCCESS   Thanks for participating! 1 image submitted successfully.
Follow us on Instagram to increase your chances of winning.
2026-04-21 18:13:18  DEBUG     +917788865587    SUCCESS   Thanks for participating! 1 image submitted successfully.
Follow us on Instagram to increase your chances of winning.
2026-04-21 18:13:26  DEBUG     +918559716547    SUCCESS   Thanks for participating! 1 image submitted successfully.
Follow us on Instagram to increase your chances of winning.
2026-04-21 18:13:34  DEBUG     +916155545027    SUCCESS   Thanks for participating! 1 image submitted successfully.
Follow us on Instagram to increase your chances of winning.
2026-04-21 18:13:34  DEBUG     Batch 75/100 — 5 pair(s)
2026-04-21 18:13:42  DEBUG     +916490893624    SUCCESS   Thanks for participating! 1 image submitted successfully.
Follow us on Instagram to increase your chances of winning.
2026-04-21 18:13:50  DEBUG     +916133772760    SUCCESS   Thanks for participating! 1 image submitted successfully.
Follow us on Instagram to increase your chances of winning.
2026-04-21 18:13:58  DEBUG     +918725102711    SUCCESS   Thanks for participating! 1 image submitted successfully.
Follow us on Instagram to increase your chances of winning.
2026-04-21 18:14:06  DEBUG     +917458314848    SUCCESS   Thanks for participating! 1 image submitted successfully.
Follow us on Instagram to increase your chances of winning.
2026-04-21 18:14:14  DEBUG     +918947909946    SUCCESS   Thanks for participating! 1 image submitted successfully.
Follow us on Instagram to increase your chances of winning.
2026-04-21 18:14:14  DEBUG     Batch 76/100 — 5 pair(s)
2026-04-21 18:14:22  DEBUG     +919978312431    SUCCESS   Thanks for participating! 1 image submitted successfully.
Follow us on Instagram to increase your chances of winning.
2026-04-21 18:14:29  DEBUG     +917493048671    SUCCESS   Thanks for participating! 1 image submitted successfully.
Follow us on Instagram to increase your chances of winning.
2026-04-21 18:14:39  DEBUG     +917217668040    SUCCESS   Thanks for participating! 1 image submitted successfully.
Follow us on Instagram to increase your chances of winning.
2026-04-21 18:14:50  DEBUG     +917208193769    SUCCESS   Thanks for participating! 1 image submitted successfully.
Follow us on Instagram to increase your chances of winning.
2026-04-21 18:14:58  DEBUG     +918720751083    SUCCESS   Thanks for participating! 1 image submitted successfully.
Follow us on Instagram to increase your chances of winning.
2026-04-21 18:14:58  DEBUG     Batch 77/100 — 5 pair(s)
2026-04-21 18:15:06  DEBUG     +918192944677    SUCCESS   Thanks for participating! 1 image submitted successfully.
Follow us on Instagram to increase your chances of winning.
2026-04-21 18:15:13  DEBUG     +916845435726    SUCCESS   Thanks for participating! 1 image submitted successfully.
Follow us on Instagram to increase your chances of winning.
2026-04-21 18:15:22  DEBUG     +916256828658    SUCCESS   Thanks for participating! 1 image submitted successfully.
Follow us on Instagram to increase your chances of winning.
2026-04-21 18:15:33  DEBUG     +916045528545    SUCCESS   Thanks for participating! 1 image submitted successfully.
Follow us on Instagram to increase your chances of winning.
2026-04-21 18:15:41  DEBUG     +917174597081    SUCCESS   Thanks for participating! 1 image submitted successfully.
Follow us on Instagram to increase your chances of winning.
2026-04-21 18:15:41  DEBUG     Batch 78/100 — 5 pair(s)
2026-04-21 18:15:50  DEBUG     +919933447033    SUCCESS   Thanks for participating! 1 image submitted successfully.
Follow us on Instagram to increase your chances of winning.
2026-04-21 18:15:58  DEBUG     +919020792561    SUCCESS   Thanks for participating! 1 image submitted successfully.
Follow us on Instagram to increase your chances of winning.
2026-04-21 18:16:06  DEBUG     +916305219164    SUCCESS   Thanks for participating! 1 image submitted successfully.
Follow us on Instagram to increase your chances of winning.
2026-04-21 18:16:14  DEBUG     +919955578007    SUCCESS   Thanks for participating! 1 image submitted successfully.
Follow us on Instagram to increase your chances of winning.
2026-04-21 18:16:22  DEBUG     +919077980936    SUCCESS   Thanks for participating! 1 image submitted successfully.
Follow us on Instagram to increase your chances of winning.
2026-04-21 18:16:22  DEBUG     Batch 79/100 — 5 pair(s)
2026-04-21 18:16:30  DEBUG     +918811607381    SUCCESS   Thanks for participating! 1 image submitted successfully.
Follow us on Instagram to increase your chances of winning.
2026-04-21 18:16:39  DEBUG     +916564966602    SUCCESS   Thanks for participating! 1 image submitted successfully.
Follow us on Instagram to increase your chances of winning.
2026-04-21 18:16:47  DEBUG     +918027609992    SUCCESS   Thanks for participating! 1 image submitted successfully.
Follow us on Instagram to increase your chances of winning.
2026-04-21 18:16:55  DEBUG     +918717068453    SUCCESS   Thanks for participating! 1 image submitted successfully.
Follow us on Instagram to increase your chances of winning.
2026-04-21 18:17:07  DEBUG     +919345969657    SUCCESS   Thanks for participating! 1 image submitted successfully.
Follow us on Instagram to increase your chances of winning.
2026-04-21 18:17:07  DEBUG     Batch 80/100 — 5 pair(s)
2026-04-21 18:17:19  DEBUG     +919925930753    SUCCESS   Thanks for participating! 1 image submitted successfully.
Follow us on Instagram to increase your chances of winning.
2026-04-21 18:17:29  DEBUG     +917060781925    SUCCESS   Thanks for participating! 1 image submitted successfully.
Follow us on Instagram to increase your chances of winning.
2026-04-21 18:17:39  DEBUG     +919116774945    SUCCESS   Thanks for participating! 1 image submitted successfully.
Follow us on Instagram to increase your chances of winning.
2026-04-21 18:17:49  DEBUG     +917206987639    SUCCESS   Thanks for participating! 1 image submitted successfully.
Follow us on Instagram to increase your chances of winning.
2026-04-21 18:18:00  DEBUG     +917969580826    SUCCESS   Thanks for participating! 1 image submitted successfully.
Follow us on Instagram to increase your chances of winning.
2026-04-21 18:18:00  DEBUG     Batch 81/100 — 5 pair(s)
2026-04-21 18:18:08  DEBUG     +918972658682    SUCCESS   Thanks for participating! 1 image submitted successfully.
Follow us on Instagram to increase your chances of winning.
2026-04-21 18:18:17  DEBUG     +919990440177    SUCCESS   Thanks for participating! 1 image submitted successfully.
Follow us on Instagram to increase your chances of winning.
2026-04-21 18:18:29  DEBUG     +917206883383    SUCCESS   Thanks for participating! 1 image submitted successfully.
Follow us on Instagram to increase your chances of winning.
2026-04-21 18:18:39  DEBUG     +917937090570    SUCCESS   Thanks for participating! 1 image submitted successfully.
Follow us on Instagram to increase your chances of winning.
2026-04-21 18:18:48  DEBUG     +919764424593    SUCCESS   Thanks for participating! 1 image submitted successfully.
Follow us on Instagram to increase your chances of winning.
2026-04-21 18:18:48  DEBUG     Batch 82/100 — 5 pair(s)
2026-04-21 18:18:59  DEBUG     +917909205746    SUCCESS   Thanks for participating! 1 image submitted successfully.
Follow us on Instagram to increase your chances of winning.
2026-04-21 18:19:08  DEBUG     +919392361642    SUCCESS   Thanks for participating! 1 image submitted successfully.
Follow us on Instagram to increase your chances of winning.
2026-04-21 18:19:16  DEBUG     +919524671736    SUCCESS   Thanks for participating! 1 image submitted successfully.
Follow us on Instagram to increase your chances of winning.
2026-04-21 18:19:24  DEBUG     +917336887509    SUCCESS   Thanks for participating! 1 image submitted successfully.
Follow us on Instagram to increase your chances of winning.
2026-04-21 18:19:33  DEBUG     +917567370247    SUCCESS   Thanks for participating! 1 image submitted successfully.
Follow us on Instagram to increase your chances of winning.
2026-04-21 18:19:33  DEBUG     Batch 83/100 — 5 pair(s)
2026-04-21 18:19:44  DEBUG     +917606493256    SUCCESS   Thanks for participating! 1 image submitted successfully.
Follow us on Instagram to increase your chances of winning.
2026-04-21 18:19:52  DEBUG     +919589697299    SUCCESS   Thanks for participating! 1 image submitted successfully.
Follow us on Instagram to increase your chances of winning.
2026-04-21 18:20:00  DEBUG     +917815231231    SUCCESS   Thanks for participating! 1 image submitted successfully.
Follow us on Instagram to increase your chances of winning.
2026-04-21 18:20:08  DEBUG     +917084537436    SUCCESS   Thanks for participating! 1 image submitted successfully.
Follow us on Instagram to increase your chances of winning.
2026-04-21 18:20:17  DEBUG     +918204290213    SUCCESS   Thanks for participating! 1 image submitted successfully.
Follow us on Instagram to increase your chances of winning.
2026-04-21 18:20:17  DEBUG     Batch 84/100 — 5 pair(s)
2026-04-21 18:20:26  DEBUG     +916006956127    SUCCESS   Thanks for participating! 1 image submitted successfully.
Follow us on Instagram to increase your chances of winning.
2026-04-21 18:20:34  DEBUG     +916879772649    SUCCESS   Thanks for participating! 1 image submitted successfully.
Follow us on Instagram to increase your chances of winning.
2026-04-21 18:20:42  DEBUG     +919980135008    SUCCESS   Thanks for participating! 1 image submitted successfully.
Follow us on Instagram to increase your chances of winning.
2026-04-21 18:20:50  DEBUG     +919937461255    SUCCESS   Thanks for participating! 1 image submitted successfully.
Follow us on Instagram to increase your chances of winning.
2026-04-21 18:21:00  DEBUG     +916943148621    SUCCESS   Thanks for participating! 1 image submitted successfully.
Follow us on Instagram to increase your chances of winning.
2026-04-21 18:21:00  DEBUG     Batch 85/100 — 5 pair(s)
2026-04-21 18:21:12  DEBUG     +918155487565    SUCCESS   Thanks for participating! 1 image submitted successfully.
Follow us on Instagram to increase your chances of winning.
2026-04-21 18:21:20  DEBUG     +919783060094    SUCCESS   Thanks for participating! 1 image submitted successfully.
Follow us on Instagram to increase your chances of winning.
2026-04-21 18:21:29  DEBUG     +916262049821    SUCCESS   Thanks for participating! 1 image submitted successfully.
Follow us on Instagram to increase your chances of winning.
2026-04-21 18:21:40  DEBUG     +919341978261    SUCCESS   Thanks for participating! 1 image submitted successfully.
Follow us on Instagram to increase your chances of winning.
2026-04-21 18:21:48  DEBUG     +918571761339    SUCCESS   Thanks for participating! 1 image submitted successfully.
Follow us on Instagram to increase your chances of winning.
2026-04-21 18:21:48  DEBUG     Batch 86/100 — 5 pair(s)
2026-04-21 18:21:56  DEBUG     +916736224125    SUCCESS   Thanks for participating! 1 image submitted successfully.
Follow us on Instagram to increase your chances of winning.
2026-04-21 18:22:03  DEBUG     +916425814634    SUCCESS   Thanks for participating! 1 image submitted successfully.
Follow us on Instagram to increase your chances of winning.
2026-04-21 18:22:13  DEBUG     +916205732662    SUCCESS   Thanks for participating! 1 image submitted successfully.
Follow us on Instagram to increase your chances of winning.
2026-04-21 18:22:24  DEBUG     +918631190293    SUCCESS   Thanks for participating! 1 image submitted successfully.
Follow us on Instagram to increase your chances of winning.
2026-04-21 18:22:31  DEBUG     +917190937299    SUCCESS   Thanks for participating! 1 image submitted successfully.
Follow us on Instagram to increase your chances of winning.
2026-04-21 18:22:31  DEBUG     Batch 87/100 — 5 pair(s)
2026-04-21 18:22:40  DEBUG     +919235967260    SUCCESS   Thanks for participating! 1 image submitted successfully.
Follow us on Instagram to increase your chances of winning.
2026-04-21 18:22:51  DEBUG     +916906870144    SUCCESS   Thanks for participating! 1 image submitted successfully.
Follow us on Instagram to increase your chances of winning.
2026-04-21 18:23:01  DEBUG     +916440398707    SUCCESS   Thanks for participating! 1 image submitted successfully.
Follow us on Instagram to increase your chances of winning.
2026-04-21 18:23:09  DEBUG     +916694056245    SUCCESS   Thanks for participating! 1 image submitted successfully.
Follow us on Instagram to increase your chances of winning.
2026-04-21 18:23:19  DEBUG     +917095209821    SUCCESS   Thanks for participating! 1 image submitted successfully.
Follow us on Instagram to increase your chances of winning.
2026-04-21 18:23:19  DEBUG     Batch 88/100 — 5 pair(s)
2026-04-21 18:23:30  DEBUG     +916648854976    SUCCESS   Thanks for participating! 1 image submitted successfully.
Follow us on Instagram to increase your chances of winning.
2026-04-21 18:23:38  DEBUG     +918691707113    SUCCESS   Thanks for participating! 1 image submitted successfully.
Follow us on Instagram to increase your chances of winning.
2026-04-21 18:23:47  DEBUG     +919584577563    SUCCESS   Thanks for participating! 1 image submitted successfully.
Follow us on Instagram to increase your chances of winning.
2026-04-21 18:23:55  DEBUG     +917657477459    SUCCESS   Thanks for participating! 1 image submitted successfully.
Follow us on Instagram to increase your chances of winning.
2026-04-21 18:24:03  DEBUG     +918029329580    SUCCESS   Thanks for participating! 1 image submitted successfully.
Follow us on Instagram to increase your chances of winning.
2026-04-21 18:24:03  DEBUG     Batch 89/100 — 5 pair(s)
2026-04-21 18:24:12  DEBUG     +919547706110    SUCCESS   Thanks for participating! 1 image submitted successfully.
Follow us on Instagram to increase your chances of winning.
2026-04-21 18:24:27  DEBUG     +916836266270    SUCCESS   Thanks for participating! 1 image submitted successfully.
Follow us on Instagram to increase your chances of winning.
2026-04-21 18:24:37  DEBUG     +919669459526    SUCCESS   Thanks for participating! 1 image submitted successfully.
Follow us on Instagram to increase your chances of winning.
2026-04-21 18:24:46  DEBUG     +917767695729    SUCCESS   Thanks for participating! 1 image submitted successfully.
Follow us on Instagram to increase your chances of winning.
2026-04-21 18:24:54  DEBUG     +917456717154    SUCCESS   Thanks for participating! 1 image submitted successfully.
Follow us on Instagram to increase your chances of winning.
2026-04-21 18:24:54  DEBUG     Batch 90/100 — 5 pair(s)
2026-04-21 18:25:02  DEBUG     +919156738320    SUCCESS   Thanks for participating! 1 image submitted successfully.
Follow us on Instagram to increase your chances of winning.
2026-04-21 18:25:10  DEBUG     +918992248340    SUCCESS   Thanks for participating! 1 image submitted successfully.
Follow us on Instagram to increase your chances of winning.
2026-04-21 18:25:22  DEBUG     +919049823379    SUCCESS   Thanks for participating! 1 image submitted successfully.
Follow us on Instagram to increase your chances of winning.
2026-04-21 18:25:33  DEBUG     +918337746238    SUCCESS   Thanks for participating! 1 image submitted successfully.
Follow us on Instagram to increase your chances of winning.
2026-04-21 18:25:44  DEBUG     +919614045327    SUCCESS   Thanks for participating! 1 image submitted successfully.
Follow us on Instagram to increase your chances of winning.
2026-04-21 18:25:44  DEBUG     Batch 91/100 — 5 pair(s)
2026-04-21 18:25:55  DEBUG     +919916780696    SUCCESS   Thanks for participating! 1 image submitted successfully.
Follow us on Instagram to increase your chances of winning.
2026-04-21 18:26:06  DEBUG     +916518693285    SUCCESS   Thanks for participating! 1 image submitted successfully.
Follow us on Instagram to increase your chances of winning.
2026-04-21 18:26:15  DEBUG     +917551337292    SUCCESS   Thanks for participating! 1 image submitted successfully.
Follow us on Instagram to increase your chances of winning.
2026-04-21 18:26:23  DEBUG     +918182425929    SUCCESS   Thanks for participating! 1 image submitted successfully.
Follow us on Instagram to increase your chances of winning.
2026-04-21 18:26:32  DEBUG     +917552342900    SUCCESS   Thanks for participating! 1 image submitted successfully.
Follow us on Instagram to increase your chances of winning.
2026-04-21 18:26:32  DEBUG     Batch 92/100 — 5 pair(s)
2026-04-21 18:26:40  DEBUG     +918480930222    SUCCESS   Thanks for participating! 1 image submitted successfully.
Follow us on Instagram to increase your chances of winning.
2026-04-21 18:26:48  DEBUG     +918799590366    SUCCESS   Thanks for participating! 1 image submitted successfully.
Follow us on Instagram to increase your chances of winning.
2026-04-21 18:26:56  DEBUG     +919871381283    SUCCESS   Thanks for participating! 1 image submitted successfully.
Follow us on Instagram to increase your chances of winning.
2026-04-21 18:27:07  DEBUG     +916717965328    SUCCESS   Thanks for participating! 1 image submitted successfully.
Follow us on Instagram to increase your chances of winning.
2026-04-21 18:27:16  DEBUG     +918310618372    SUCCESS   Thanks for participating! 1 image submitted successfully.
Follow us on Instagram to increase your chances of winning.
2026-04-21 18:27:16  DEBUG     Batch 93/100 — 5 pair(s)
2026-04-21 18:27:24  DEBUG     +918448868006    SUCCESS   Thanks for participating! 1 image submitted successfully.
Follow us on Instagram to increase your chances of winning.
2026-04-21 18:27:31  DEBUG     +918913762442    SUCCESS   Thanks for participating! 1 image submitted successfully.
Follow us on Instagram to increase your chances of winning.
2026-04-21 18:27:41  DEBUG     +916176979331    SUCCESS   Thanks for participating! 1 image submitted successfully.
Follow us on Instagram to increase your chances of winning.
2026-04-21 18:27:49  DEBUG     +918257451858    SUCCESS   Thanks for participating! 1 image submitted successfully.
Follow us on Instagram to increase your chances of winning.
2026-04-21 18:28:00  DEBUG     +919522604335    SUCCESS   Thanks for participating! 1 image submitted successfully.
Follow us on Instagram to increase your chances of winning.
2026-04-21 18:28:00  DEBUG     Batch 94/100 — 5 pair(s)
2026-04-21 18:28:09  DEBUG     +916032187404    SUCCESS   Thanks for participating! 1 image submitted successfully.
Follow us on Instagram to increase your chances of winning.
2026-04-21 18:28:20  DEBUG     +919523173019    SUCCESS   Thanks for participating! 1 image submitted successfully.
Follow us on Instagram to increase your chances of winning.
2026-04-21 18:28:29  DEBUG     +917077740121    SUCCESS   Thanks for participating! 1 image submitted successfully.
Follow us on Instagram to increase your chances of winning.
2026-04-21 18:28:40  DEBUG     +917109766359    SUCCESS   Thanks for participating! 1 image submitted successfully.
Follow us on Instagram to increase your chances of winning.
2026-04-21 18:28:48  DEBUG     +916293245769    SUCCESS   Thanks for participating! 1 image submitted successfully.
Follow us on Instagram to increase your chances of winning.
2026-04-21 18:28:48  DEBUG     Batch 95/100 — 5 pair(s)
2026-04-21 18:28:55  DEBUG     +916527094657    SUCCESS   Thanks for participating! 1 image submitted successfully.
Follow us on Instagram to increase your chances of winning.
2026-04-21 18:29:04  DEBUG     +916980953151    SUCCESS   Thanks for participating! 1 image submitted successfully.
Follow us on Instagram to increase your chances of winning.
2026-04-21 18:29:12  DEBUG     +919283034543    SUCCESS   Thanks for participating! 1 image submitted successfully.
Follow us on Instagram to increase your chances of winning.
2026-04-21 18:29:20  DEBUG     +919817288875    SUCCESS   Thanks for participating! 1 image submitted successfully.
Follow us on Instagram to increase your chances of winning.
2026-04-21 18:29:28  DEBUG     +919154039686    SUCCESS   Thanks for participating! 1 image submitted successfully.
Follow us on Instagram to increase your chances of winning.
2026-04-21 18:29:28  DEBUG     Batch 96/100 — 5 pair(s)
2026-04-21 18:29:36  DEBUG     +917074900320    SUCCESS   Thanks for participating! 1 image submitted successfully.
Follow us on Instagram to increase your chances of winning.
2026-04-21 18:29:47  DEBUG     +916871338908    SUCCESS   Thanks for participating! 1 image submitted successfully.
Follow us on Instagram to increase your chances of winning.
2026-04-21 18:29:58  DEBUG     +917405707793    SUCCESS   Thanks for participating! 1 image submitted successfully.
Follow us on Instagram to increase your chances of winning.
2026-04-21 18:30:09  DEBUG     +919992851335    SUCCESS   Thanks for participating! 1 image submitted successfully.
Follow us on Instagram to increase your chances of winning.
2026-04-21 18:30:18  DEBUG     +918866424917    SUCCESS   Thanks for participating! 1 image submitted successfully.
Follow us on Instagram to increase your chances of winning.
2026-04-21 18:30:18  DEBUG     Batch 97/100 — 5 pair(s)
2026-04-21 18:30:26  DEBUG     +917138329124    SUCCESS   Thanks for participating! 1 image submitted successfully.
Follow us on Instagram to increase your chances of winning.
2026-04-21 18:30:34  DEBUG     +917018712308    SUCCESS   Thanks for participating! 1 image submitted successfully.
Follow us on Instagram to increase your chances of winning.
2026-04-21 18:30:42  DEBUG     +917103480012    SUCCESS   Thanks for participating! 1 image submitted successfully.
Follow us on Instagram to increase your chances of winning.
2026-04-21 18:30:50  DEBUG     +919343846408    SUCCESS   Thanks for participating! 1 image submitted successfully.
Follow us on Instagram to increase your chances of winning.
2026-04-21 18:31:01  DEBUG     +919888102753    SUCCESS   Thanks for participating! 1 image submitted successfully.
Follow us on Instagram to increase your chances of winning.
2026-04-21 18:31:01  DEBUG     Batch 98/100 — 5 pair(s)
2026-04-21 18:31:13  DEBUG     +916139414388    SUCCESS   Thanks for participating! 1 image submitted successfully.
Follow us on Instagram to increase your chances of winning.
2026-04-21 18:31:24  DEBUG     +917322665751    SUCCESS   Thanks for participating! 1 image submitted successfully.
Follow us on Instagram to increase your chances of winning.
2026-04-21 18:31:32  DEBUG     +918210085294    SUCCESS   Thanks for participating! 1 image submitted successfully.
Follow us on Instagram to increase your chances of winning.
2026-04-21 18:31:40  DEBUG     +916350361952    SUCCESS   Thanks for participating! 1 image submitted successfully.
Follow us on Instagram to increase your chances of winning.
2026-04-21 18:31:48  DEBUG     +918643818945    SUCCESS   Thanks for participating! 1 image submitted successfully.
Follow us on Instagram to increase your chances of winning.
2026-04-21 18:31:48  DEBUG     Batch 99/100 — 5 pair(s)
2026-04-21 18:31:56  DEBUG     +918801082755    SUCCESS   Thanks for participating! 1 image submitted successfully.
Follow us on Instagram to increase your chances of winning.
2026-04-21 18:32:04  DEBUG     +919742253107    SUCCESS   Thanks for participating! 1 image submitted successfully.
Follow us on Instagram to increase your chances of winning.
2026-04-21 18:32:12  DEBUG     +917616051548    SUCCESS   Thanks for participating! 1 image submitted successfully.
Follow us on Instagram to increase your chances of winning.
2026-04-21 18:32:20  DEBUG     +916258147504    SUCCESS   Thanks for participating! 1 image submitted successfully.
Follow us on Instagram to increase your chances of winning.
2026-04-21 18:32:31  DEBUG     +918674230169    SUCCESS   Thanks for participating! 1 image submitted successfully.
Follow us on Instagram to increase your chances of winning.
2026-04-21 18:32:31  DEBUG     Batch 100/100 — 5 pair(s)
2026-04-21 18:32:42  DEBUG     +917089165625    SUCCESS   Thanks for participating! 1 image submitted successfully.
Follow us on Instagram to increase your chances of winning.
2026-04-21 18:32:53  DEBUG     +917871177059    SUCCESS   Thanks for participating! 1 image submitted successfully.
Follow us on Instagram to increase your chances of winning.
2026-04-21 18:33:02  DEBUG     +916136848543    SUCCESS   Thanks for participating! 1 image submitted successfully.
Follow us on Instagram to increase your chances of winning.
2026-04-21 18:33:10  DEBUG     +919058414280    SUCCESS   Thanks for participating! 1 image submitted successfully.
Follow us on Instagram to increase your chances of winning.
2026-04-21 18:33:18  DEBUG     +919076873934    SUCCESS   Thanks for participating! 1 image submitted successfully.
Follow us on Instagram to increase your chances of winning.
2026-04-21 18:33:18  INFO      Exporting results…
2026-04-21 18:33:18  INFO      Successful numbers → /home/amaan/green-automation/successful_numbers.csv
2026-04-21 18:33:18  INFO      Failed numbers     → /home/amaan/green-automation/failed_numbers.csv
2026-04-21 18:33:18  INFO      Run complete — attempted=4102  success=3803  failed=299
2026-04-21 18:33:18  INFO      Cleaning up images folder…
2026-04-21 18:33:18  INFO      Images folder removed.
2026-04-21 18:33:18  INFO      Run finished.
2026-04-21 19:32:39  INFO      Run started — count=500  batch_size=5  dry_run=False  resume=True
2026-04-21 19:32:39  INFO      --resume: no exhausted numbers found, nothing to skip
2026-04-21 19:32:39  INFO      Generating phone numbers…
2026-04-21 19:32:39  INFO      Generated 500 phone number(s) (0 skipped via --resume)
2026-04-21 19:32:39  INFO      Generating 500 image(s)…
2026-04-21 19:33:01  INFO      Images written to: /home/amaan/green-automation/images
2026-04-21 19:33:01  INFO      Starting live registrations in batches of 5…
2026-04-21 19:33:01  DEBUG     Batch 1/100 — 5 pair(s)
2026-04-21 19:33:11  DEBUG     +919082906689    SUCCESS   Thanks for participating! 1 image submitted successfully.
Follow us on Instagram to increase your chances of winning.
2026-04-21 19:33:22  DEBUG     +916816880737    SUCCESS   Thanks for participating! 1 image submitted successfully.
Follow us on Instagram to increase your chances of winning.
2026-04-21 19:33:30  DEBUG     +917258394513    SUCCESS   Thanks for participating! 1 image submitted successfully.
Follow us on Instagram to increase your chances of winning.
2026-04-21 19:33:38  DEBUG     +916175238506    SUCCESS   Thanks for participating! 1 image submitted successfully.
Follow us on Instagram to increase your chances of winning.
2026-04-21 19:33:47  DEBUG     +916690844738    SUCCESS   Thanks for participating! 1 image submitted successfully.
Follow us on Instagram to increase your chances of winning.
2026-04-21 19:33:47  DEBUG     Batch 2/100 — 5 pair(s)
2026-04-21 19:33:55  DEBUG     +917435194866    SUCCESS   Thanks for participating! 1 image submitted successfully.
Follow us on Instagram to increase your chances of winning.
2026-04-21 19:34:06  DEBUG     +917748569443    SUCCESS   Thanks for participating! 1 image submitted successfully.
Follow us on Instagram to increase your chances of winning.
2026-04-21 19:34:14  DEBUG     +917689309607    SUCCESS   Thanks for participating! 1 image submitted successfully.
Follow us on Instagram to increase your chances of winning.
2026-04-21 19:34:22  DEBUG     +919037091062    SUCCESS   Thanks for participating! 1 image submitted successfully.
Follow us on Instagram to increase your chances of winning.
2026-04-21 19:34:33  DEBUG     +918963613730    SUCCESS   Thanks for participating! 1 image submitted successfully.
Follow us on Instagram to increase your chances of winning.
2026-04-21 19:34:33  DEBUG     Batch 3/100 — 5 pair(s)
2026-04-21 19:34:44  DEBUG     +916779406277    SUCCESS   Thanks for participating! 1 image submitted successfully.
Follow us on Instagram to increase your chances of winning.
2026-04-21 19:34:54  DEBUG     +916787124027    SUCCESS   Thanks for participating! 1 image submitted successfully.
Follow us on Instagram to increase your chances of winning.
2026-04-21 19:35:01  DEBUG     +919736442644    SUCCESS   Thanks for participating! 1 image submitted successfully.
Follow us on Instagram to increase your chances of winning.
2026-04-21 19:35:13  DEBUG     +919753544139    SUCCESS   Thanks for participating! 1 image submitted successfully.
Follow us on Instagram to increase your chances of winning.
2026-04-21 19:35:23  DEBUG     +916267406424    SUCCESS   Thanks for participating! 1 image submitted successfully.
Follow us on Instagram to increase your chances of winning.
2026-04-21 19:35:23  DEBUG     Batch 4/100 — 5 pair(s)
2026-04-21 19:35:32  DEBUG     +916110572475    SUCCESS   Thanks for participating! 1 image submitted successfully.
Follow us on Instagram to increase your chances of winning.
2026-04-21 19:35:40  DEBUG     +916528518594    SUCCESS   Thanks for participating! 1 image submitted successfully.
Follow us on Instagram to increase your chances of winning.
2026-04-21 19:35:49  DEBUG     +918706306830    SUCCESS   Thanks for participating! 1 image submitted successfully.
Follow us on Instagram to increase your chances of winning.
2026-04-21 19:36:00  DEBUG     +918698921674    SUCCESS   Thanks for participating! 1 image submitted successfully.
Follow us on Instagram to increase your chances of winning.
2026-04-21 19:36:08  DEBUG     +919495669741    SUCCESS   Thanks for participating! 1 image submitted successfully.
Follow us on Instagram to increase your chances of winning.
2026-04-21 19:36:08  DEBUG     Batch 5/100 — 5 pair(s)
2026-04-21 19:36:16  DEBUG     +919153403286    SUCCESS   Thanks for participating! 1 image submitted successfully.
Follow us on Instagram to increase your chances of winning.
2026-04-21 19:36:24  DEBUG     +916445393968    SUCCESS   Thanks for participating! 1 image submitted successfully.
Follow us on Instagram to increase your chances of winning.
2026-04-21 19:36:35  DEBUG     +916532586803    SUCCESS   Thanks for participating! 1 image submitted successfully.
Follow us on Instagram to increase your chances of winning.
2026-04-21 19:36:44  DEBUG     +916545568934    SUCCESS   Thanks for participating! 1 image submitted successfully.
Follow us on Instagram to increase your chances of winning.
2026-04-21 19:36:52  DEBUG     +917391939087    SUCCESS   Thanks for participating! 1 image submitted successfully.
Follow us on Instagram to increase your chances of winning.
2026-04-21 19:36:52  DEBUG     Batch 6/100 — 5 pair(s)
2026-04-21 19:37:00  DEBUG     +919618351550    SUCCESS   Thanks for participating! 1 image submitted successfully.
Follow us on Instagram to increase your chances of winning.
2026-04-21 19:37:12  DEBUG     +918489888401    SUCCESS   Thanks for participating! 1 image submitted successfully.
Follow us on Instagram to increase your chances of winning.
2026-04-21 19:37:20  DEBUG     +917848224554    SUCCESS   Thanks for participating! 1 image submitted successfully.
Follow us on Instagram to increase your chances of winning.
2026-04-21 19:37:28  DEBUG     +916134361557    SUCCESS   Thanks for participating! 1 image submitted successfully.
Follow us on Instagram to increase your chances of winning.
2026-04-21 19:37:36  DEBUG     +918584506938    SUCCESS   Thanks for participating! 1 image submitted successfully.
Follow us on Instagram to increase your chances of winning.
2026-04-21 19:37:36  DEBUG     Batch 7/100 — 5 pair(s)
2026-04-21 19:37:44  DEBUG     +918497288707    SUCCESS   Thanks for participating! 1 image submitted successfully.
Follow us on Instagram to increase your chances of winning.
2026-04-21 19:37:55  DEBUG     +919266794195    SUCCESS   Thanks for participating! 1 image submitted successfully.
Follow us on Instagram to increase your chances of winning.
2026-04-21 19:38:05  DEBUG     +917085240237    SUCCESS   Thanks for participating! 1 image submitted successfully.
Follow us on Instagram to increase your chances of winning.
2026-04-21 19:38:16  DEBUG     +919081912918    SUCCESS   Thanks for participating! 1 image submitted successfully.
Follow us on Instagram to increase your chances of winning.
2026-04-21 19:38:23  DEBUG     +918935715844    SUCCESS   Thanks for participating! 1 image submitted successfully.
Follow us on Instagram to increase your chances of winning.
2026-04-21 19:38:23  DEBUG     Batch 8/100 — 5 pair(s)
2026-04-21 19:38:34  DEBUG     +919799907007    SUCCESS   Thanks for participating! 1 image submitted successfully.
Follow us on Instagram to increase your chances of winning.
2026-04-21 19:38:42  DEBUG     +919242525755    SUCCESS   Thanks for participating! 1 image submitted successfully.
Follow us on Instagram to increase your chances of winning.
2026-04-21 19:38:50  DEBUG     +917599728250    SUCCESS   Thanks for participating! 1 image submitted successfully.
Follow us on Instagram to increase your chances of winning.
2026-04-21 19:38:58  DEBUG     +916402743724    SUCCESS   Thanks for participating! 1 image submitted successfully.
Follow us on Instagram to increase your chances of winning.
2026-04-21 19:39:06  DEBUG     +919934429436    SUCCESS   Thanks for participating! 1 image submitted successfully.
Follow us on Instagram to increase your chances of winning.
2026-04-21 19:39:06  DEBUG     Batch 9/100 — 5 pair(s)
2026-04-21 19:39:17  DEBUG     +917800060929    SUCCESS   Thanks for participating! 1 image submitted successfully.
Follow us on Instagram to increase your chances of winning.
2026-04-21 19:39:28  DEBUG     +916790237684    SUCCESS   Thanks for participating! 1 image submitted successfully.
Follow us on Instagram to increase your chances of winning.
2026-04-21 19:39:37  DEBUG     +916478839647    SUCCESS   Thanks for participating! 1 image submitted successfully.
Follow us on Instagram to increase your chances of winning.
2026-04-21 19:39:48  DEBUG     +917310702129    SUCCESS   Thanks for participating! 1 image submitted successfully.
Follow us on Instagram to increase your chances of winning.
2026-04-21 19:39:56  DEBUG     +916047391438    SUCCESS   Thanks for participating! 1 image submitted successfully.
Follow us on Instagram to increase your chances of winning.
2026-04-21 19:39:56  DEBUG     Batch 10/100 — 5 pair(s)
2026-04-21 19:40:05  DEBUG     +919831816788    SUCCESS   Thanks for participating! 1 image submitted successfully.
Follow us on Instagram to increase your chances of winning.
2026-04-21 19:40:16  DEBUG     +918790526746    SUCCESS   Thanks for participating! 1 image submitted successfully.
Follow us on Instagram to increase your chances of winning.
2026-04-21 19:40:24  DEBUG     +919986788591    SUCCESS   Thanks for participating! 1 image submitted successfully.
Follow us on Instagram to increase your chances of winning.
2026-04-21 19:40:32  DEBUG     +919064411859    SUCCESS   Thanks for participating! 1 image submitted successfully.
Follow us on Instagram to increase your chances of winning.
2026-04-21 19:40:40  DEBUG     +917771227686    SUCCESS   Thanks for participating! 1 image submitted successfully.
Follow us on Instagram to increase your chances of winning.
2026-04-21 19:40:40  DEBUG     Batch 11/100 — 5 pair(s)
2026-04-21 19:40:48  DEBUG     +917975809211    SUCCESS   Thanks for participating! 1 image submitted successfully.
Follow us on Instagram to increase your chances of winning.
2026-04-21 19:40:56  DEBUG     +919018131378    SUCCESS   Thanks for participating! 1 image submitted successfully.
Follow us on Instagram to increase your chances of winning.
2026-04-21 19:41:04  DEBUG     +918943539129    SUCCESS   Thanks for participating! 1 image submitted successfully.
Follow us on Instagram to increase your chances of winning.
2026-04-21 19:41:12  DEBUG     +916300737794    SUCCESS   Thanks for participating! 1 image submitted successfully.
Follow us on Instagram to increase your chances of winning.
2026-04-21 19:41:21  DEBUG     +917859929871    SUCCESS   Thanks for participating! 1 image submitted successfully.
Follow us on Instagram to increase your chances of winning.
2026-04-21 19:41:21  DEBUG     Batch 12/100 — 5 pair(s)
2026-04-21 19:41:32  DEBUG     +919975180636    SUCCESS   Thanks for participating! 1 image submitted successfully.
Follow us on Instagram to increase your chances of winning.
2026-04-21 19:41:40  DEBUG     +917636989473    SUCCESS   Thanks for participating! 1 image submitted successfully.
Follow us on Instagram to increase your chances of winning.
2026-04-21 19:41:48  DEBUG     +917213795332    SUCCESS   Thanks for participating! 1 image submitted successfully.
Follow us on Instagram to increase your chances of winning.
2026-04-21 19:41:56  DEBUG     +916203418909    SUCCESS   Thanks for participating! 1 image submitted successfully.
Follow us on Instagram to increase your chances of winning.
2026-04-21 19:42:05  DEBUG     +919877461194    SUCCESS   Thanks for participating! 1 image submitted successfully.
Follow us on Instagram to increase your chances of winning.
2026-04-21 19:42:05  DEBUG     Batch 13/100 — 5 pair(s)
2026-04-21 19:42:16  DEBUG     +917663586727    SUCCESS   Thanks for participating! 1 image submitted successfully.
Follow us on Instagram to increase your chances of winning.
2026-04-21 19:42:24  DEBUG     +918666845715    SUCCESS   Thanks for participating! 1 image submitted successfully.
Follow us on Instagram to increase your chances of winning.
2026-04-21 19:42:35  DEBUG     +919948813327    SUCCESS   Thanks for participating! 1 image submitted successfully.
Follow us on Instagram to increase your chances of winning.
2026-04-21 19:42:43  DEBUG     +919436644661    SUCCESS   Thanks for participating! 1 image submitted successfully.
Follow us on Instagram to increase your chances of winning.
2026-04-21 19:42:54  DEBUG     +919736890509    SUCCESS   Thanks for participating! 1 image submitted successfully.
Follow us on Instagram to increase your chances of winning.
2026-04-21 19:42:54  DEBUG     Batch 14/100 — 5 pair(s)
2026-04-21 19:43:02  DEBUG     +918602272064    SUCCESS   Thanks for participating! 1 image submitted successfully.
Follow us on Instagram to increase your chances of winning.
2026-04-21 19:43:12  DEBUG     +919089702201    SUCCESS   Thanks for participating! 1 image submitted successfully.
Follow us on Instagram to increase your chances of winning.
2026-04-21 19:43:20  DEBUG     +917189663346    SUCCESS   Thanks for participating! 1 image submitted successfully.
Follow us on Instagram to increase your chances of winning.
2026-04-21 19:43:28  DEBUG     +916897153388    SUCCESS   Thanks for participating! 1 image submitted successfully.
Follow us on Instagram to increase your chances of winning.
2026-04-21 19:43:39  DEBUG     +918864745569    SUCCESS   Thanks for participating! 1 image submitted successfully.
Follow us on Instagram to increase your chances of winning.
2026-04-21 19:43:39  DEBUG     Batch 15/100 — 5 pair(s)
2026-04-21 19:43:48  DEBUG     +916327221802    SUCCESS   Thanks for participating! 1 image submitted successfully.
Follow us on Instagram to increase your chances of winning.
2026-04-21 19:43:56  DEBUG     +918140627174    SUCCESS   Thanks for participating! 1 image submitted successfully.
Follow us on Instagram to increase your chances of winning.
2026-04-21 19:44:05  DEBUG     +916013038829    SUCCESS   Thanks for participating! 1 image submitted successfully.
Follow us on Instagram to increase your chances of winning.
2026-04-21 19:44:13  DEBUG     +917207531984    SUCCESS   Thanks for participating! 1 image submitted successfully.
Follow us on Instagram to increase your chances of winning.
2026-04-21 19:44:23  DEBUG     +916489191540    SUCCESS   Thanks for participating! 1 image submitted successfully.
Follow us on Instagram to increase your chances of winning.
2026-04-21 19:44:23  DEBUG     Batch 16/100 — 5 pair(s)
2026-04-21 19:44:31  DEBUG     +916852584890    SUCCESS   Thanks for participating! 1 image submitted successfully.
Follow us on Instagram to increase your chances of winning.
2026-04-21 19:44:42  DEBUG     +916729707513    SUCCESS   Thanks for participating! 1 image submitted successfully.
Follow us on Instagram to increase your chances of winning.
2026-04-21 19:44:51  DEBUG     +918446932679    SUCCESS   Thanks for participating! 1 image submitted successfully.
Follow us on Instagram to increase your chances of winning.
2026-04-21 19:45:01  DEBUG     +916964180484    SUCCESS   Thanks for participating! 1 image submitted successfully.
Follow us on Instagram to increase your chances of winning.
2026-04-21 19:45:13  DEBUG     +919110045024    SUCCESS   Thanks for participating! 1 image submitted successfully.
Follow us on Instagram to increase your chances of winning.
2026-04-21 19:45:13  DEBUG     Batch 17/100 — 5 pair(s)
2026-04-21 19:45:22  DEBUG     +919497140572    SUCCESS   Thanks for participating! 1 image submitted successfully.
Follow us on Instagram to increase your chances of winning.
2026-04-21 19:45:30  DEBUG     +919329493036    SUCCESS   Thanks for participating! 1 image submitted successfully.
Follow us on Instagram to increase your chances of winning.
2026-04-21 19:45:42  DEBUG     +919079934498    SUCCESS   Thanks for participating! 1 image submitted successfully.
Follow us on Instagram to increase your chances of winning.
2026-04-21 19:45:50  DEBUG     +918749857319    SUCCESS   Thanks for participating! 1 image submitted successfully.
Follow us on Instagram to increase your chances of winning.
2026-04-21 19:45:58  DEBUG     +917616088113    SUCCESS   Thanks for participating! 1 image submitted successfully.
Follow us on Instagram to increase your chances of winning.
2026-04-21 19:45:58  DEBUG     Batch 18/100 — 5 pair(s)
2026-04-21 19:46:06  DEBUG     +917265257025    SUCCESS   Thanks for participating! 1 image submitted successfully.
Follow us on Instagram to increase your chances of winning.
2026-04-21 19:46:14  DEBUG     +918131644601    SUCCESS   Thanks for participating! 1 image submitted successfully.
Follow us on Instagram to increase your chances of winning.
2026-04-21 19:46:25  DEBUG     +918761236889    SUCCESS   Thanks for participating! 1 image submitted successfully.
Follow us on Instagram to increase your chances of winning.
2026-04-21 19:46:36  DEBUG     +916426665681    SUCCESS   Thanks for participating! 1 image submitted successfully.
Follow us on Instagram to increase your chances of winning.
2026-04-21 19:46:48  DEBUG     +916185527781    SUCCESS   Thanks for participating! 1 image submitted successfully.
Follow us on Instagram to increase your chances of winning.
2026-04-21 19:46:48  DEBUG     Batch 19/100 — 5 pair(s)
2026-04-21 19:46:59  DEBUG     +919392541621    SUCCESS   Thanks for participating! 1 image submitted successfully.
Follow us on Instagram to increase your chances of winning.
2026-04-21 19:47:10  DEBUG     +917823595781    SUCCESS   Thanks for participating! 1 image submitted successfully.
Follow us on Instagram to increase your chances of winning.
2026-04-21 19:47:18  DEBUG     +918281885959    SUCCESS   Thanks for participating! 1 image submitted successfully.
Follow us on Instagram to increase your chances of winning.
2026-04-21 19:47:29  DEBUG     +916439923312    SUCCESS   Thanks for participating! 1 image submitted successfully.
Follow us on Instagram to increase your chances of winning.
2026-04-21 19:47:40  DEBUG     +919461137884    SUCCESS   Thanks for participating! 1 image submitted successfully.
Follow us on Instagram to increase your chances of winning.
2026-04-21 19:47:40  DEBUG     Batch 20/100 — 5 pair(s)
2026-04-21 19:47:48  DEBUG     +916567739612    SUCCESS   Thanks for participating! 1 image submitted successfully.
Follow us on Instagram to increase your chances of winning.
2026-04-21 19:47:59  DEBUG     +919706660665    SUCCESS   Thanks for participating! 1 image submitted successfully.
Follow us on Instagram to increase your chances of winning.
2026-04-21 19:48:10  DEBUG     +919889177180    SUCCESS   Thanks for participating! 1 image submitted successfully.
Follow us on Instagram to increase your chances of winning.
2026-04-21 19:48:21  DEBUG     +916505644538    SUCCESS   Thanks for participating! 1 image submitted successfully.
Follow us on Instagram to increase your chances of winning.
2026-04-21 19:48:30  DEBUG     +917063981075    SUCCESS   Thanks for participating! 1 image submitted successfully.
Follow us on Instagram to increase your chances of winning.
2026-04-21 19:48:30  DEBUG     Batch 21/100 — 5 pair(s)
2026-04-21 19:48:38  DEBUG     +916687962067    SUCCESS   Thanks for participating! 1 image submitted successfully.
Follow us on Instagram to increase your chances of winning.
2026-04-21 19:48:49  DEBUG     +916692733475    SUCCESS   Thanks for participating! 1 image submitted successfully.
Follow us on Instagram to increase your chances of winning.
2026-04-21 19:49:01  DEBUG     +919261409946    SUCCESS   Thanks for participating! 1 image submitted successfully.
Follow us on Instagram to increase your chances of winning.
2026-04-21 19:49:12  DEBUG     +917161793589    SUCCESS   Thanks for participating! 1 image submitted successfully.
Follow us on Instagram to increase your chances of winning.
2026-04-21 19:49:20  DEBUG     +916902117438    SUCCESS   Thanks for participating! 1 image submitted successfully.
Follow us on Instagram to increase your chances of winning.
2026-04-21 19:49:20  DEBUG     Batch 22/100 — 5 pair(s)
2026-04-21 19:49:31  DEBUG     +917475548481    SUCCESS   Thanks for participating! 1 image submitted successfully.
Follow us on Instagram to increase your chances of winning.
2026-04-21 19:49:41  DEBUG     +917893495608    SUCCESS   Thanks for participating! 1 image submitted successfully.
Follow us on Instagram to increase your chances of winning.
2026-04-21 19:49:49  DEBUG     +918454132590    SUCCESS   Thanks for participating! 1 image submitted successfully.
Follow us on Instagram to increase your chances of winning.
2026-04-21 19:50:05  DEBUG     +917557079910    SUCCESS   Thanks for participating! 1 image submitted successfully.
Follow us on Instagram to increase your chances of winning.
2026-04-21 19:50:13  DEBUG     +917040103494    SUCCESS   Thanks for participating! 1 image submitted successfully.
Follow us on Instagram to increase your chances of winning.
2026-04-21 19:50:13  DEBUG     Batch 23/100 — 5 pair(s)
2026-04-21 19:50:23  DEBUG     +918617027032    SUCCESS   Thanks for participating! 1 image submitted successfully.
Follow us on Instagram to increase your chances of winning.
2026-04-21 19:50:32  DEBUG     +917083585502    SUCCESS   Thanks for participating! 1 image submitted successfully.
Follow us on Instagram to increase your chances of winning.
2026-04-21 19:50:40  DEBUG     +918928000871    SUCCESS   Thanks for participating! 1 image submitted successfully.
Follow us on Instagram to increase your chances of winning.
2026-04-21 19:50:52  DEBUG     +919407664193    SUCCESS   Thanks for participating! 1 image submitted successfully.
Follow us on Instagram to increase your chances of winning.
2026-04-21 19:51:00  DEBUG     +916536461789    SUCCESS   Thanks for participating! 1 image submitted successfully.
Follow us on Instagram to increase your chances of winning.
2026-04-21 19:51:00  DEBUG     Batch 24/100 — 5 pair(s)
2026-04-21 19:51:07  DEBUG     +919821839388    SUCCESS   Thanks for participating! 1 image submitted successfully.
Follow us on Instagram to increase your chances of winning.
2026-04-21 19:51:16  DEBUG     +919070824617    SUCCESS   Thanks for participating! 1 image submitted successfully.
Follow us on Instagram to increase your chances of winning.
2026-04-21 19:51:24  DEBUG     +917688051017    SUCCESS   Thanks for participating! 1 image submitted successfully.
Follow us on Instagram to increase your chances of winning.
2026-04-21 19:51:39  DEBUG     +918188871246    SUCCESS   Thanks for participating! 1 image submitted successfully.
Follow us on Instagram to increase your chances of winning.
2026-04-21 19:51:48  DEBUG     +916550611404    SUCCESS   Thanks for participating! 1 image submitted successfully.
Follow us on Instagram to increase your chances of winning.
2026-04-21 19:51:48  DEBUG     Batch 25/100 — 5 pair(s)
2026-04-21 19:51:56  DEBUG     +916334773988    SUCCESS   Thanks for participating! 1 image submitted successfully.
Follow us on Instagram to increase your chances of winning.
2026-04-21 19:52:04  DEBUG     +916347240786    SUCCESS   Thanks for participating! 1 image submitted successfully.
Follow us on Instagram to increase your chances of winning.
2026-04-21 19:52:13  DEBUG     +916722470889    SUCCESS   Thanks for participating! 1 image submitted successfully.
Follow us on Instagram to increase your chances of winning.
2026-04-21 19:52:24  DEBUG     +919916092134    SUCCESS   Thanks for participating! 1 image submitted successfully.
Follow us on Instagram to increase your chances of winning.
2026-04-21 19:52:32  DEBUG     +918492210491    SUCCESS   Thanks for participating! 1 image submitted successfully.
Follow us on Instagram to increase your chances of winning.
2026-04-21 19:52:32  DEBUG     Batch 26/100 — 5 pair(s)
2026-04-21 19:52:41  DEBUG     +916004143390    SUCCESS   Thanks for participating! 1 image submitted successfully.
Follow us on Instagram to increase your chances of winning.
2026-04-21 19:52:51  DEBUG     +916367094426    SUCCESS   Thanks for participating! 1 image submitted successfully.
Follow us on Instagram to increase your chances of winning.
2026-04-21 19:53:01  DEBUG     +917976606550    SUCCESS   Thanks for participating! 1 image submitted successfully.
Follow us on Instagram to increase your chances of winning.
2026-04-21 19:53:10  DEBUG     +916832594971    SUCCESS   Thanks for participating! 1 image submitted successfully.
Follow us on Instagram to increase your chances of winning.
2026-04-21 19:53:19  DEBUG     +916554635324    SUCCESS   Thanks for participating! 1 image submitted successfully.
Follow us on Instagram to increase your chances of winning.
2026-04-21 19:53:19  DEBUG     Batch 27/100 — 5 pair(s)
2026-04-21 19:53:29  DEBUG     +918312789466    SUCCESS   Thanks for participating! 1 image submitted successfully.
Follow us on Instagram to increase your chances of winning.
2026-04-21 19:53:40  DEBUG     +918970278075    SUCCESS   Thanks for participating! 1 image submitted successfully.
Follow us on Instagram to increase your chances of winning.
2026-04-21 19:53:52  DEBUG     +918252974893    SUCCESS   Thanks for participating! 1 image submitted successfully.
Follow us on Instagram to increase your chances of winning.
2026-04-21 19:54:02  DEBUG     +918537296549    SUCCESS   Thanks for participating! 1 image submitted successfully.
Follow us on Instagram to increase your chances of winning.
2026-04-21 19:54:11  DEBUG     +918376439317    SUCCESS   Thanks for participating! 1 image submitted successfully.
Follow us on Instagram to increase your chances of winning.
2026-04-21 19:54:11  DEBUG     Batch 28/100 — 5 pair(s)
2026-04-21 19:54:22  DEBUG     +917713458569    SUCCESS   Thanks for participating! 1 image submitted successfully.
Follow us on Instagram to increase your chances of winning.
2026-04-21 19:54:30  DEBUG     +918612498318    SUCCESS   Thanks for participating! 1 image submitted successfully.
Follow us on Instagram to increase your chances of winning.
2026-04-21 19:54:38  DEBUG     +919640346725    SUCCESS   Thanks for participating! 1 image submitted successfully.
Follow us on Instagram to increase your chances of winning.
2026-04-21 19:54:53  DEBUG     +918885275960    SUCCESS   Thanks for participating! 1 image submitted successfully.
Follow us on Instagram to increase your chances of winning.
2026-04-21 19:55:02  DEBUG     +917412210845    SUCCESS   Thanks for participating! 1 image submitted successfully.
Follow us on Instagram to increase your chances of winning.
2026-04-21 19:55:02  DEBUG     Batch 29/100 — 5 pair(s)
2026-04-21 19:55:13  DEBUG     +916951066117    SUCCESS   Thanks for participating! 1 image submitted successfully.
Follow us on Instagram to increase your chances of winning.
2026-04-21 19:55:24  DEBUG     +919660180791    SUCCESS   Thanks for participating! 1 image submitted successfully.
Follow us on Instagram to increase your chances of winning.
2026-04-21 19:55:33  DEBUG     +918175738815    SUCCESS   Thanks for participating! 1 image submitted successfully.
Follow us on Instagram to increase your chances of winning.
2026-04-21 19:55:42  DEBUG     +919093663786    SUCCESS   Thanks for participating! 1 image submitted successfully.
Follow us on Instagram to increase your chances of winning.
2026-04-21 19:55:50  DEBUG     +919734435512    SUCCESS   Thanks for participating! 1 image submitted successfully.
Follow us on Instagram to increase your chances of winning.
2026-04-21 19:55:50  DEBUG     Batch 30/100 — 5 pair(s)
2026-04-21 19:55:58  DEBUG     +916448742705    SUCCESS   Thanks for participating! 1 image submitted successfully.
Follow us on Instagram to increase your chances of winning.
2026-04-21 19:56:06  DEBUG     +919132803323    SUCCESS   Thanks for participating! 1 image submitted successfully.
Follow us on Instagram to increase your chances of winning.
2026-04-21 19:56:17  DEBUG     +917714449997    SUCCESS   Thanks for participating! 1 image submitted successfully.
Follow us on Instagram to increase your chances of winning.
2026-04-21 19:56:26  DEBUG     +916866607697    SUCCESS   Thanks for participating! 1 image submitted successfully.
Follow us on Instagram to increase your chances of winning.
2026-04-21 19:56:35  DEBUG     +917206571157    SUCCESS   Thanks for participating! 1 image submitted successfully.
Follow us on Instagram to increase your chances of winning.
2026-04-21 19:56:35  DEBUG     Batch 31/100 — 5 pair(s)
2026-04-21 19:56:45  DEBUG     +917904407553    SUCCESS   Thanks for participating! 1 image submitted successfully.
Follow us on Instagram to increase your chances of winning.
2026-04-21 19:56:55  DEBUG     +916078696338    SUCCESS   Thanks for participating! 1 image submitted successfully.
Follow us on Instagram to increase your chances of winning.
2026-04-21 19:57:04  DEBUG     +916341977136    SUCCESS   Thanks for participating! 1 image submitted successfully.
Follow us on Instagram to increase your chances of winning.
2026-04-21 19:57:12  DEBUG     +918155621841    SUCCESS   Thanks for participating! 1 image submitted successfully.
Follow us on Instagram to increase your chances of winning.
2026-04-21 19:57:23  DEBUG     +916885288743    SUCCESS   Thanks for participating! 1 image submitted successfully.
Follow us on Instagram to increase your chances of winning.
2026-04-21 19:57:23  DEBUG     Batch 32/100 — 5 pair(s)
2026-04-21 19:57:33  DEBUG     +919409787611    SUCCESS   Thanks for participating! 1 image submitted successfully.
Follow us on Instagram to increase your chances of winning.
2026-04-21 19:57:41  DEBUG     +919385184741    SUCCESS   Thanks for participating! 1 image submitted successfully.
Follow us on Instagram to increase your chances of winning.
2026-04-21 19:57:52  DEBUG     +918019246943    SUCCESS   Thanks for participating! 1 image submitted successfully.
Follow us on Instagram to increase your chances of winning.
2026-04-21 19:58:00  DEBUG     +918076856107    SUCCESS   Thanks for participating! 1 image submitted successfully.
Follow us on Instagram to increase your chances of winning.
2026-04-21 19:58:08  DEBUG     +916537240013    SUCCESS   Thanks for participating! 1 image submitted successfully.
Follow us on Instagram to increase your chances of winning.
2026-04-21 19:58:08  DEBUG     Batch 33/100 — 5 pair(s)
2026-04-21 19:58:17  DEBUG     +916832008129    SUCCESS   Thanks for participating! 1 image submitted successfully.
Follow us on Instagram to increase your chances of winning.
2026-04-21 19:58:28  DEBUG     +918634783946    SUCCESS   Thanks for participating! 1 image submitted successfully.
Follow us on Instagram to increase your chances of winning.
2026-04-21 19:58:36  DEBUG     +917193697550    SUCCESS   Thanks for participating! 1 image submitted successfully.
Follow us on Instagram to increase your chances of winning.
2026-04-21 19:58:47  DEBUG     +917184818395    SUCCESS   Thanks for participating! 1 image submitted successfully.
Follow us on Instagram to increase your chances of winning.
2026-04-21 19:58:59  DEBUG     +916053096353    SUCCESS   Thanks for participating! 1 image submitted successfully.
Follow us on Instagram to increase your chances of winning.
2026-04-21 19:58:59  DEBUG     Batch 34/100 — 5 pair(s)
2026-04-21 19:59:09  DEBUG     +918607450097    SUCCESS   Thanks for participating! 1 image submitted successfully.
Follow us on Instagram to increase your chances of winning.
2026-04-21 19:59:19  DEBUG     +919222036812    SUCCESS   Thanks for participating! 1 image submitted successfully.
Follow us on Instagram to increase your chances of winning.
2026-04-21 19:59:30  DEBUG     +919418691907    SUCCESS   Thanks for participating! 1 image submitted successfully.
Follow us on Instagram to increase your chances of winning.
2026-04-21 19:59:38  DEBUG     +918491981268    SUCCESS   Thanks for participating! 1 image submitted successfully.
Follow us on Instagram to increase your chances of winning.
2026-04-21 19:59:49  DEBUG     +918285997214    SUCCESS   Thanks for participating! 1 image submitted successfully.
Follow us on Instagram to increase your chances of winning.
2026-04-21 19:59:49  DEBUG     Batch 35/100 — 5 pair(s)
2026-04-21 19:59:58  DEBUG     +916997252373    SUCCESS   Thanks for participating! 1 image submitted successfully.
Follow us on Instagram to increase your chances of winning.
2026-04-21 20:00:09  DEBUG     +916748115520    SUCCESS   Thanks for participating! 1 image submitted successfully.
Follow us on Instagram to increase your chances of winning.
2026-04-21 20:00:19  DEBUG     +916712762954    SUCCESS   Thanks for participating! 1 image submitted successfully.
Follow us on Instagram to increase your chances of winning.
2026-04-21 20:00:29  DEBUG     +918541853064    SUCCESS   Thanks for participating! 1 image submitted successfully.
Follow us on Instagram to increase your chances of winning.
2026-04-21 20:00:38  DEBUG     +919765681199    SUCCESS   Thanks for participating! 1 image submitted successfully.
Follow us on Instagram to increase your chances of winning.
2026-04-21 20:00:38  DEBUG     Batch 36/100 — 5 pair(s)
2026-04-21 20:00:49  DEBUG     +916638745619    SUCCESS   Thanks for participating! 1 image submitted successfully.
Follow us on Instagram to increase your chances of winning.
2026-04-21 20:00:58  DEBUG     +917636708386    SUCCESS   Thanks for participating! 1 image submitted successfully.
Follow us on Instagram to increase your chances of winning.
2026-04-21 20:01:06  DEBUG     +917627760923    SUCCESS   Thanks for participating! 1 image submitted successfully.
Follow us on Instagram to increase your chances of winning.
2026-04-21 20:01:15  DEBUG     +916352970585    SUCCESS   Thanks for participating! 1 image submitted successfully.
Follow us on Instagram to increase your chances of winning.
2026-04-21 20:01:26  DEBUG     +919193505488    SUCCESS   Thanks for participating! 1 image submitted successfully.
Follow us on Instagram to increase your chances of winning.
2026-04-21 20:01:26  DEBUG     Batch 37/100 — 5 pair(s)
2026-04-21 20:01:34  DEBUG     +916137744914    SUCCESS   Thanks for participating! 1 image submitted successfully.
Follow us on Instagram to increase your chances of winning.
2026-04-21 20:01:42  DEBUG     +919637737586    SUCCESS   Thanks for participating! 1 image submitted successfully.
Follow us on Instagram to increase your chances of winning.
2026-04-21 20:01:51  DEBUG     +918495611865    SUCCESS   Thanks for participating! 1 image submitted successfully.
Follow us on Instagram to increase your chances of winning.
2026-04-21 20:02:01  DEBUG     +917133288529    SUCCESS   Thanks for participating! 1 image submitted successfully.
Follow us on Instagram to increase your chances of winning.
2026-04-21 20:02:12  DEBUG     +919233022332    SUCCESS   Thanks for participating! 1 image submitted successfully.
Follow us on Instagram to increase your chances of winning.
2026-04-21 20:02:12  DEBUG     Batch 38/100 — 5 pair(s)
2026-04-21 20:02:23  DEBUG     +918330857225    SUCCESS   Thanks for participating! 1 image submitted successfully.
Follow us on Instagram to increase your chances of winning.
2026-04-21 20:02:34  DEBUG     +919590581040    SUCCESS   Thanks for participating! 1 image submitted successfully.
Follow us on Instagram to increase your chances of winning.
2026-04-21 20:02:42  DEBUG     +919210858155    SUCCESS   Thanks for participating! 1 image submitted successfully.
Follow us on Instagram to increase your chances of winning.
2026-04-21 20:02:53  DEBUG     +916818673810    SUCCESS   Thanks for participating! 1 image submitted successfully.
Follow us on Instagram to increase your chances of winning.
2026-04-21 20:03:04  DEBUG     +916365055068    SUCCESS   Thanks for participating! 1 image submitted successfully.
Follow us on Instagram to increase your chances of winning.
2026-04-21 20:03:04  DEBUG     Batch 39/100 — 5 pair(s)
2026-04-21 20:03:12  DEBUG     +917096446882    SUCCESS   Thanks for participating! 1 image submitted successfully.
Follow us on Instagram to increase your chances of winning.
2026-04-21 20:03:20  DEBUG     +919377561734    SUCCESS   Thanks for participating! 1 image submitted successfully.
Follow us on Instagram to increase your chances of winning.
2026-04-21 20:03:29  DEBUG     +917057263629    SUCCESS   Thanks for participating! 1 image submitted successfully.
Follow us on Instagram to increase your chances of winning.
2026-04-21 20:03:40  DEBUG     +917068604083    SUCCESS   Thanks for participating! 1 image submitted successfully.
Follow us on Instagram to increase your chances of winning.
2026-04-21 20:03:48  DEBUG     +917078556239    SUCCESS   Thanks for participating! 1 image submitted successfully.
Follow us on Instagram to increase your chances of winning.
2026-04-21 20:03:48  DEBUG     Batch 40/100 — 5 pair(s)
2026-04-21 20:03:58  DEBUG     +917997504894    SUCCESS   Thanks for participating! 1 image submitted successfully.
Follow us on Instagram to increase your chances of winning.
2026-04-21 20:04:10  DEBUG     +919586810150    SUCCESS   Thanks for participating! 1 image submitted successfully.
Follow us on Instagram to increase your chances of winning.
2026-04-21 20:04:18  DEBUG     +916893942164    SUCCESS   Thanks for participating! 1 image submitted successfully.
Follow us on Instagram to increase your chances of winning.
2026-04-21 20:04:27  DEBUG     +917747632407    SUCCESS   Thanks for participating! 1 image submitted successfully.
Follow us on Instagram to increase your chances of winning.
2026-04-21 20:04:36  DEBUG     +918768709994    SUCCESS   Thanks for participating! 1 image submitted successfully.
Follow us on Instagram to increase your chances of winning.
2026-04-21 20:04:36  DEBUG     Batch 41/100 — 5 pair(s)
2026-04-21 20:04:44  DEBUG     +917084821764    SUCCESS   Thanks for participating! 1 image submitted successfully.
Follow us on Instagram to increase your chances of winning.
2026-04-21 20:04:53  DEBUG     +917970632341    SUCCESS   Thanks for participating! 1 image submitted successfully.
Follow us on Instagram to increase your chances of winning.
2026-04-21 20:05:04  DEBUG     +916255954141    SUCCESS   Thanks for participating! 1 image submitted successfully.
Follow us on Instagram to increase your chances of winning.
2026-04-21 20:05:12  DEBUG     +919062908763    SUCCESS   Thanks for participating! 1 image submitted successfully.
Follow us on Instagram to increase your chances of winning.
2026-04-21 20:05:23  DEBUG     +916313637102    SUCCESS   Thanks for participating! 1 image submitted successfully.
Follow us on Instagram to increase your chances of winning.
2026-04-21 20:05:23  DEBUG     Batch 42/100 — 5 pair(s)
2026-04-21 20:05:35  DEBUG     +917935393318    SUCCESS   Thanks for participating! 1 image submitted successfully.
Follow us on Instagram to increase your chances of winning.
2026-04-21 20:05:44  DEBUG     +919929350047    SUCCESS   Thanks for participating! 1 image submitted successfully.
Follow us on Instagram to increase your chances of winning.
2026-04-21 20:05:55  DEBUG     +917615742103    SUCCESS   Thanks for participating! 1 image submitted successfully.
Follow us on Instagram to increase your chances of winning.
2026-04-21 20:06:05  DEBUG     +916262112769    SUCCESS   Thanks for participating! 1 image submitted successfully.
Follow us on Instagram to increase your chances of winning.
2026-04-21 20:06:16  DEBUG     +916536575284    SUCCESS   Thanks for participating! 1 image submitted successfully.
Follow us on Instagram to increase your chances of winning.
2026-04-21 20:06:16  DEBUG     Batch 43/100 — 5 pair(s)
2026-04-21 20:06:27  DEBUG     +918278468617    SUCCESS   Thanks for participating! 1 image submitted successfully.
Follow us on Instagram to increase your chances of winning.
2026-04-21 20:06:39  DEBUG     +919550268057    SUCCESS   Thanks for participating! 1 image submitted successfully.
Follow us on Instagram to increase your chances of winning.
2026-04-21 20:06:49  DEBUG     +919957350641    SUCCESS   Thanks for participating! 1 image submitted successfully.
Follow us on Instagram to increase your chances of winning.
2026-04-21 20:06:57  DEBUG     +917970299581    SUCCESS   Thanks for participating! 1 image submitted successfully.
Follow us on Instagram to increase your chances of winning.
2026-04-21 20:07:06  DEBUG     +918418232725    SUCCESS   Thanks for participating! 1 image submitted successfully.
Follow us on Instagram to increase your chances of winning.
2026-04-21 20:07:06  DEBUG     Batch 44/100 — 5 pair(s)
2026-04-21 20:07:14  DEBUG     +917663561217    SUCCESS   Thanks for participating! 1 image submitted successfully.
Follow us on Instagram to increase your chances of winning.
2026-04-21 20:07:22  DEBUG     +919679582812    SUCCESS   Thanks for participating! 1 image submitted successfully.
Follow us on Instagram to increase your chances of winning.
2026-04-21 20:07:32  DEBUG     +916529341039    SUCCESS   Thanks for participating! 1 image submitted successfully.
Follow us on Instagram to increase your chances of winning.
2026-04-21 20:07:44  DEBUG     +917476340389    SUCCESS   Thanks for participating! 1 image submitted successfully.
Follow us on Instagram to increase your chances of winning.
2026-04-21 20:07:52  DEBUG     +917583207208    SUCCESS   Thanks for participating! 1 image submitted successfully.
Follow us on Instagram to increase your chances of winning.
2026-04-21 20:07:52  DEBUG     Batch 45/100 — 5 pair(s)
2026-04-21 20:08:04  DEBUG     +918001675966    SUCCESS   Thanks for participating! 1 image submitted successfully.
Follow us on Instagram to increase your chances of winning.
2026-04-21 20:08:12  DEBUG     +918921084764    SUCCESS   Thanks for participating! 1 image submitted successfully.
Follow us on Instagram to increase your chances of winning.
2026-04-21 20:08:20  DEBUG     +917264220743    SUCCESS   Thanks for participating! 1 image submitted successfully.
Follow us on Instagram to increase your chances of winning.
2026-04-21 20:08:31  DEBUG     +919928434997    SUCCESS   Thanks for participating! 1 image submitted successfully.
Follow us on Instagram to increase your chances of winning.
2026-04-21 20:08:41  DEBUG     +918139994191    SUCCESS   Thanks for participating! 1 image submitted successfully.
Follow us on Instagram to increase your chances of winning.
2026-04-21 20:08:41  DEBUG     Batch 46/100 — 5 pair(s)
2026-04-21 20:08:50  DEBUG     +919658243805    SUCCESS   Thanks for participating! 1 image submitted successfully.
Follow us on Instagram to increase your chances of winning.
2026-04-21 20:09:01  DEBUG     +916352868674    SUCCESS   Thanks for participating! 1 image submitted successfully.
Follow us on Instagram to increase your chances of winning.
2026-04-21 20:09:10  DEBUG     +918743879610    SUCCESS   Thanks for participating! 1 image submitted successfully.
Follow us on Instagram to increase your chances of winning.
2026-04-21 20:09:22  DEBUG     +917261103100    SUCCESS   Thanks for participating! 1 image submitted successfully.
Follow us on Instagram to increase your chances of winning.
2026-04-21 20:09:30  DEBUG     +919602934438    SUCCESS   Thanks for participating! 1 image submitted successfully.
Follow us on Instagram to increase your chances of winning.
2026-04-21 20:09:30  DEBUG     Batch 47/100 — 5 pair(s)
2026-04-21 20:09:42  DEBUG     +916563017450    SUCCESS   Thanks for participating! 1 image submitted successfully.
Follow us on Instagram to increase your chances of winning.
2026-04-21 20:09:50  DEBUG     +917779799782    SUCCESS   Thanks for participating! 1 image submitted successfully.
Follow us on Instagram to increase your chances of winning.
2026-04-21 20:09:59  DEBUG     +917965632663    SUCCESS   Thanks for participating! 1 image submitted successfully.
Follow us on Instagram to increase your chances of winning.
2026-04-21 20:10:10  DEBUG     +917928048420    SUCCESS   Thanks for participating! 1 image submitted successfully.
Follow us on Instagram to increase your chances of winning.
2026-04-21 20:10:20  DEBUG     +919666448634    SUCCESS   Thanks for participating! 1 image submitted successfully.
Follow us on Instagram to increase your chances of winning.
2026-04-21 20:10:20  DEBUG     Batch 48/100 — 5 pair(s)
2026-04-21 20:10:31  DEBUG     +919288898171    SUCCESS   Thanks for participating! 1 image submitted successfully.
Follow us on Instagram to increase your chances of winning.
2026-04-21 20:10:40  DEBUG     +919837919679    SUCCESS   Thanks for participating! 1 image submitted successfully.
Follow us on Instagram to increase your chances of winning.
2026-04-21 20:10:49  DEBUG     +916527063605    SUCCESS   Thanks for participating! 1 image submitted successfully.
Follow us on Instagram to increase your chances of winning.
2026-04-21 20:11:00  DEBUG     +918215849266    SUCCESS   Thanks for participating! 1 image submitted successfully.
Follow us on Instagram to increase your chances of winning.
2026-04-21 20:11:09  DEBUG     +919307587856    SUCCESS   Thanks for participating! 1 image submitted successfully.
Follow us on Instagram to increase your chances of winning.
2026-04-21 20:11:09  DEBUG     Batch 49/100 — 5 pair(s)
2026-04-21 20:11:18  DEBUG     +917336162911    SUCCESS   Thanks for participating! 1 image submitted successfully.
Follow us on Instagram to increase your chances of winning.
2026-04-21 20:11:26  DEBUG     +917547691943    SUCCESS   Thanks for participating! 1 image submitted successfully.
Follow us on Instagram to increase your chances of winning.
2026-04-21 20:11:37  DEBUG     +919954090669    SUCCESS   Thanks for participating! 1 image submitted successfully.
Follow us on Instagram to increase your chances of winning.
2026-04-21 20:11:49  DEBUG     +918762655361    SUCCESS   Thanks for participating! 1 image submitted successfully.
Follow us on Instagram to increase your chances of winning.
2026-04-21 20:11:58  DEBUG     +916272864857    SUCCESS   Thanks for participating! 1 image submitted successfully.
Follow us on Instagram to increase your chances of winning.
2026-04-21 20:11:58  DEBUG     Batch 50/100 — 5 pair(s)
2026-04-21 20:12:06  DEBUG     +917772716909    SUCCESS   Thanks for participating! 1 image submitted successfully.
Follow us on Instagram to increase your chances of winning.
2026-04-21 20:12:16  DEBUG     +916461011032    SUCCESS   Thanks for participating! 1 image submitted successfully.
Follow us on Instagram to increase your chances of winning.
2026-04-21 20:12:24  DEBUG     +917601657812    SUCCESS   Thanks for participating! 1 image submitted successfully.
Follow us on Instagram to increase your chances of winning.
2026-04-21 20:12:35  DEBUG     +918706347816    SUCCESS   Thanks for participating! 1 image submitted successfully.
Follow us on Instagram to increase your chances of winning.
2026-04-21 20:12:46  DEBUG     +917366517735    SUCCESS   Thanks for participating! 1 image submitted successfully.
Follow us on Instagram to increase your chances of winning.
2026-04-21 20:12:46  DEBUG     Batch 51/100 — 5 pair(s)
2026-04-21 20:12:55  DEBUG     +916793440519    SUCCESS   Thanks for participating! 1 image submitted successfully.
Follow us on Instagram to increase your chances of winning.
2026-04-21 20:13:06  DEBUG     +916142624826    SUCCESS   Thanks for participating! 1 image submitted successfully.
Follow us on Instagram to increase your chances of winning.
2026-04-21 20:13:15  DEBUG     +916136202993    SUCCESS   Thanks for participating! 1 image submitted successfully.
Follow us on Instagram to increase your chances of winning.
2026-04-21 20:13:26  DEBUG     +917317714014    SUCCESS   Thanks for participating! 1 image submitted successfully.
Follow us on Instagram to increase your chances of winning.
2026-04-21 20:13:34  DEBUG     +917160399533    SUCCESS   Thanks for participating! 1 image submitted successfully.
Follow us on Instagram to increase your chances of winning.
2026-04-21 20:13:34  DEBUG     Batch 52/100 — 5 pair(s)
2026-04-21 20:13:43  DEBUG     +916290680246    SUCCESS   Thanks for participating! 1 image submitted successfully.
Follow us on Instagram to increase your chances of winning.
2026-04-21 20:13:53  DEBUG     +919399441383    SUCCESS   Thanks for participating! 1 image submitted successfully.
Follow us on Instagram to increase your chances of winning.
2026-04-21 20:14:01  DEBUG     +918803762880    SUCCESS   Thanks for participating! 1 image submitted successfully.
Follow us on Instagram to increase your chances of winning.
2026-04-21 20:14:09  DEBUG     +917658525030    SUCCESS   Thanks for participating! 1 image submitted successfully.
Follow us on Instagram to increase your chances of winning.
2026-04-21 20:14:20  DEBUG     +919714176307    SUCCESS   Thanks for participating! 1 image submitted successfully.
Follow us on Instagram to increase your chances of winning.
2026-04-21 20:14:20  DEBUG     Batch 53/100 — 5 pair(s)
2026-04-21 20:14:32  DEBUG     +918647014810    SUCCESS   Thanks for participating! 1 image submitted successfully.
Follow us on Instagram to increase your chances of winning.
2026-04-21 20:14:40  DEBUG     +918951605315    SUCCESS   Thanks for participating! 1 image submitted successfully.
Follow us on Instagram to increase your chances of winning.
2026-04-21 20:14:52  DEBUG     +916425836392    SUCCESS   Thanks for participating! 1 image submitted successfully.
Follow us on Instagram to increase your chances of winning.
2026-04-21 20:15:00  DEBUG     +918194413914    SUCCESS   Thanks for participating! 1 image submitted successfully.
Follow us on Instagram to increase your chances of winning.
2026-04-21 20:15:10  DEBUG     +916268097942    SUCCESS   Thanks for participating! 1 image submitted successfully.
Follow us on Instagram to increase your chances of winning.
2026-04-21 20:15:10  DEBUG     Batch 54/100 — 5 pair(s)
2026-04-21 20:15:18  DEBUG     +919543461531    SUCCESS   Thanks for participating! 1 image submitted successfully.
Follow us on Instagram to increase your chances of winning.
2026-04-21 20:15:28  DEBUG     +919096253039    SUCCESS   Thanks for participating! 1 image submitted successfully.
Follow us on Instagram to increase your chances of winning.
2026-04-21 20:15:36  DEBUG     +918129956636    SUCCESS   Thanks for participating! 1 image submitted successfully.
Follow us on Instagram to increase your chances of winning.
2026-04-21 20:15:44  DEBUG     +919485923394    SUCCESS   Thanks for participating! 1 image submitted successfully.
Follow us on Instagram to increase your chances of winning.
2026-04-21 20:15:56  DEBUG     +918851820321    SUCCESS   Thanks for participating! 1 image submitted successfully.
Follow us on Instagram to increase your chances of winning.
2026-04-21 20:15:56  DEBUG     Batch 55/100 — 5 pair(s)
2026-04-21 20:16:04  DEBUG     +916965003857    SUCCESS   Thanks for participating! 1 image submitted successfully.
Follow us on Instagram to increase your chances of winning.
2026-04-21 20:16:13  DEBUG     +918206502326    SUCCESS   Thanks for participating! 1 image submitted successfully.
Follow us on Instagram to increase your chances of winning.
2026-04-21 20:16:23  DEBUG     +919647702918    SUCCESS   Thanks for participating! 1 image submitted successfully.
Follow us on Instagram to increase your chances of winning.
2026-04-21 20:16:32  DEBUG     +917638389664    SUCCESS   Thanks for participating! 1 image submitted successfully.
Follow us on Instagram to increase your chances of winning.
2026-04-21 20:16:41  DEBUG     +916178741260    SUCCESS   Thanks for participating! 1 image submitted successfully.
Follow us on Instagram to increase your chances of winning.
2026-04-21 20:16:41  DEBUG     Batch 56/100 — 5 pair(s)
2026-04-21 20:16:50  DEBUG     +919514012315    SUCCESS   Thanks for participating! 1 image submitted successfully.
Follow us on Instagram to increase your chances of winning.
2026-04-21 20:17:00  DEBUG     +919770011523    SUCCESS   Thanks for participating! 1 image submitted successfully.
Follow us on Instagram to increase your chances of winning.
2026-04-21 20:17:12  DEBUG     +918868694227    SUCCESS   Thanks for participating! 1 image submitted successfully.
Follow us on Instagram to increase your chances of winning.
2026-04-21 20:17:27  DEBUG     +919740248267    SUCCESS   Thanks for participating! 1 image submitted successfully.
Follow us on Instagram to increase your chances of winning.
2026-04-21 20:17:38  DEBUG     +917155221054    SUCCESS   Thanks for participating! 1 image submitted successfully.
Follow us on Instagram to increase your chances of winning.
2026-04-21 20:17:38  DEBUG     Batch 57/100 — 5 pair(s)
2026-04-21 20:17:49  DEBUG     +918566522018    SUCCESS   Thanks for participating! 1 image submitted successfully.
Follow us on Instagram to increase your chances of winning.
2026-04-21 20:17:58  DEBUG     +916835825668    SUCCESS   Thanks for participating! 1 image submitted successfully.
Follow us on Instagram to increase your chances of winning.
2026-04-21 20:18:09  DEBUG     +916517243610    SUCCESS   Thanks for participating! 1 image submitted successfully.
Follow us on Instagram to increase your chances of winning.
2026-04-21 20:18:17  DEBUG     +916610479736    SUCCESS   Thanks for participating! 1 image submitted successfully.
Follow us on Instagram to increase your chances of winning.
2026-04-21 20:18:26  DEBUG     +919355081886    SUCCESS   Thanks for participating! 1 image submitted successfully.
Follow us on Instagram to increase your chances of winning.
2026-04-21 20:18:26  DEBUG     Batch 58/100 — 5 pair(s)
2026-04-21 20:18:34  DEBUG     +919291098172    SUCCESS   Thanks for participating! 1 image submitted successfully.
Follow us on Instagram to increase your chances of winning.
2026-04-21 20:18:44  DEBUG     +918957865902    SUCCESS   Thanks for participating! 1 image submitted successfully.
Follow us on Instagram to increase your chances of winning.
2026-04-21 20:18:52  DEBUG     +918144528626    SUCCESS   Thanks for participating! 1 image submitted successfully.
Follow us on Instagram to increase your chances of winning.
2026-04-21 20:19:00  DEBUG     +916143632702    SUCCESS   Thanks for participating! 1 image submitted successfully.
Follow us on Instagram to increase your chances of winning.
2026-04-21 20:19:09  DEBUG     +919440122999    SUCCESS   Thanks for participating! 1 image submitted successfully.
Follow us on Instagram to increase your chances of winning.
2026-04-21 20:19:09  DEBUG     Batch 59/100 — 5 pair(s)
2026-04-21 20:19:18  DEBUG     +919150635465    SUCCESS   Thanks for participating! 1 image submitted successfully.
Follow us on Instagram to increase your chances of winning.
2026-04-21 20:19:26  DEBUG     +916739880459    SUCCESS   Thanks for participating! 1 image submitted successfully.
Follow us on Instagram to increase your chances of winning.
2026-04-21 20:19:38  DEBUG     +918204036586    SUCCESS   Thanks for participating! 1 image submitted successfully.
Follow us on Instagram to increase your chances of winning.
2026-04-21 20:19:53  DEBUG     +916794336099    SUCCESS   Thanks for participating! 1 image submitted successfully.
Follow us on Instagram to increase your chances of winning.
2026-04-21 20:20:03  DEBUG     +917215355467    SUCCESS   Thanks for participating! 1 image submitted successfully.
Follow us on Instagram to increase your chances of winning.
2026-04-21 20:20:03  DEBUG     Batch 60/100 — 5 pair(s)
2026-04-21 20:20:14  DEBUG     +917401330036    SUCCESS   Thanks for participating! 1 image submitted successfully.
Follow us on Instagram to increase your chances of winning.
2026-04-21 20:20:26  DEBUG     +916603779591    SUCCESS   Thanks for participating! 1 image submitted successfully.
Follow us on Instagram to increase your chances of winning.
2026-04-21 20:20:34  DEBUG     +916848803619    SUCCESS   Thanks for participating! 1 image submitted successfully.
Follow us on Instagram to increase your chances of winning.
2026-04-21 20:20:42  DEBUG     +918582702434    SUCCESS   Thanks for participating! 1 image submitted successfully.
Follow us on Instagram to increase your chances of winning.
2026-04-21 20:20:50  DEBUG     +917824581758    SUCCESS   Thanks for participating! 1 image submitted successfully.
Follow us on Instagram to increase your chances of winning.
2026-04-21 20:20:50  DEBUG     Batch 61/100 — 5 pair(s)
2026-04-21 20:21:01  DEBUG     +917222347532    SUCCESS   Thanks for participating! 1 image submitted successfully.
Follow us on Instagram to increase your chances of winning.
2026-04-21 20:21:11  DEBUG     +918092503687    SUCCESS   Thanks for participating! 1 image submitted successfully.
Follow us on Instagram to increase your chances of winning.
2026-04-21 20:21:20  DEBUG     +917583583182    SUCCESS   Thanks for participating! 1 image submitted successfully.
Follow us on Instagram to increase your chances of winning.
2026-04-21 20:21:28  DEBUG     +918167619356    SUCCESS   Thanks for participating! 1 image submitted successfully.
Follow us on Instagram to increase your chances of winning.
2026-04-21 20:21:39  DEBUG     +916765068720    SUCCESS   Thanks for participating! 1 image submitted successfully.
Follow us on Instagram to increase your chances of winning.
2026-04-21 20:21:39  DEBUG     Batch 62/100 — 5 pair(s)
2026-04-21 20:21:48  DEBUG     +918331187338    SUCCESS   Thanks for participating! 1 image submitted successfully.
Follow us on Instagram to increase your chances of winning.
2026-04-21 20:21:56  DEBUG     +919849955207    SUCCESS   Thanks for participating! 1 image submitted successfully.
Follow us on Instagram to increase your chances of winning.
2026-04-21 20:22:06  DEBUG     +917917974095    SUCCESS   Thanks for participating! 1 image submitted successfully.
Follow us on Instagram to increase your chances of winning.
2026-04-21 20:22:18  DEBUG     +917173025774    SUCCESS   Thanks for participating! 1 image submitted successfully.
Follow us on Instagram to increase your chances of winning.
2026-04-21 20:22:26  DEBUG     +918737792851    SUCCESS   Thanks for participating! 1 image submitted successfully.
Follow us on Instagram to increase your chances of winning.
2026-04-21 20:22:26  DEBUG     Batch 63/100 — 5 pair(s)
2026-04-21 20:22:38  DEBUG     +916681662027    SUCCESS   Thanks for participating! 1 image submitted successfully.
Follow us on Instagram to increase your chances of winning.
2026-04-21 20:22:47  DEBUG     +917382579179    SUCCESS   Thanks for participating! 1 image submitted successfully.
Follow us on Instagram to increase your chances of winning.
2026-04-21 20:22:56  DEBUG     +918923511262    SUCCESS   Thanks for participating! 1 image submitted successfully.
Follow us on Instagram to increase your chances of winning.
2026-04-21 20:23:07  DEBUG     +917077668519    SUCCESS   Thanks for participating! 1 image submitted successfully.
Follow us on Instagram to increase your chances of winning.
2026-04-21 20:23:19  DEBUG     +918584424097    SUCCESS   Thanks for participating! 1 image submitted successfully.
Follow us on Instagram to increase your chances of winning.
2026-04-21 20:23:19  DEBUG     Batch 64/100 — 5 pair(s)
2026-04-21 20:23:30  DEBUG     +916904278818    SUCCESS   Thanks for participating! 1 image submitted successfully.
Follow us on Instagram to increase your chances of winning.
2026-04-21 20:23:42  DEBUG     +916506322067    SUCCESS   Thanks for participating! 1 image submitted successfully.
Follow us on Instagram to increase your chances of winning.
2026-04-21 20:23:51  DEBUG     +919523082464    SUCCESS   Thanks for participating! 1 image submitted successfully.
Follow us on Instagram to increase your chances of winning.
2026-04-21 20:24:02  DEBUG     +919324773239    SUCCESS   Thanks for participating! 1 image submitted successfully.
Follow us on Instagram to increase your chances of winning.
2026-04-21 20:24:13  DEBUG     +916548912253    SUCCESS   Thanks for participating! 1 image submitted successfully.
Follow us on Instagram to increase your chances of winning.
2026-04-21 20:24:13  DEBUG     Batch 65/100 — 5 pair(s)
2026-04-21 20:24:22  DEBUG     +918455887696    SUCCESS   Thanks for participating! 1 image submitted successfully.
Follow us on Instagram to increase your chances of winning.
2026-04-21 20:24:34  DEBUG     +916751304508    SUCCESS   Thanks for participating! 1 image submitted successfully.
Follow us on Instagram to increase your chances of winning.
2026-04-21 20:24:46  DEBUG     +918711395653    SUCCESS   Thanks for participating! 1 image submitted successfully.
Follow us on Instagram to increase your chances of winning.
2026-04-21 20:24:58  DEBUG     +916963914650    SUCCESS   Thanks for participating! 1 image submitted successfully.
Follow us on Instagram to increase your chances of winning.
2026-04-21 20:25:06  DEBUG     +919954751024    SUCCESS   Thanks for participating! 1 image submitted successfully.
Follow us on Instagram to increase your chances of winning.
2026-04-21 20:25:06  DEBUG     Batch 66/100 — 5 pair(s)
2026-04-21 20:25:14  DEBUG     +917637005339    SUCCESS   Thanks for participating! 1 image submitted successfully.
Follow us on Instagram to increase your chances of winning.
2026-04-21 20:25:25  DEBUG     +919115906309    SUCCESS   Thanks for participating! 1 image submitted successfully.
Follow us on Instagram to increase your chances of winning.
2026-04-21 20:25:34  DEBUG     +918190006398    SUCCESS   Thanks for participating! 1 image submitted successfully.
Follow us on Instagram to increase your chances of winning.
2026-04-21 20:25:44  DEBUG     +916846929004    SUCCESS   Thanks for participating! 1 image submitted successfully.
Follow us on Instagram to increase your chances of winning.
2026-04-21 20:25:56  DEBUG     +918361329216    SUCCESS   Thanks for participating! 1 image submitted successfully.
Follow us on Instagram to increase your chances of winning.
2026-04-21 20:25:56  DEBUG     Batch 67/100 — 5 pair(s)
2026-04-21 20:26:04  DEBUG     +918691427550    SUCCESS   Thanks for participating! 1 image submitted successfully.
Follow us on Instagram to increase your chances of winning.
2026-04-21 20:26:13  DEBUG     +916365156146    SUCCESS   Thanks for participating! 1 image submitted successfully.
Follow us on Instagram to increase your chances of winning.
2026-04-21 20:26:22  DEBUG     +916157078576    SUCCESS   Thanks for participating! 1 image submitted successfully.
Follow us on Instagram to increase your chances of winning.
2026-04-21 20:26:31  DEBUG     +919825361025    SUCCESS   Thanks for participating! 1 image submitted successfully.
Follow us on Instagram to increase your chances of winning.
2026-04-21 20:26:42  DEBUG     +917997344828    SUCCESS   Thanks for participating! 1 image submitted successfully.
Follow us on Instagram to increase your chances of winning.
2026-04-21 20:26:42  DEBUG     Batch 68/100 — 5 pair(s)
2026-04-21 20:26:50  DEBUG     +916733172988    SUCCESS   Thanks for participating! 1 image submitted successfully.
Follow us on Instagram to increase your chances of winning.
2026-04-21 20:27:01  DEBUG     +917900899589    SUCCESS   Thanks for participating! 1 image submitted successfully.
Follow us on Instagram to increase your chances of winning.
2026-04-21 20:27:10  DEBUG     +918014057715    SUCCESS   Thanks for participating! 1 image submitted successfully.
Follow us on Instagram to increase your chances of winning.
2026-04-21 20:27:18  DEBUG     +918597136174    SUCCESS   Thanks for participating! 1 image submitted successfully.
Follow us on Instagram to increase your chances of winning.
2026-04-21 20:27:29  DEBUG     +916870060241    SUCCESS   Thanks for participating! 1 image submitted successfully.
Follow us on Instagram to increase your chances of winning.
2026-04-21 20:27:29  DEBUG     Batch 69/100 — 5 pair(s)
2026-04-21 20:27:38  DEBUG     +917813226129    SUCCESS   Thanks for participating! 1 image submitted successfully.
Follow us on Instagram to increase your chances of winning.
2026-04-21 20:27:46  DEBUG     +919049806649    SUCCESS   Thanks for participating! 1 image submitted successfully.
Follow us on Instagram to increase your chances of winning.
2026-04-21 20:27:58  DEBUG     +918154602165    SUCCESS   Thanks for participating! 1 image submitted successfully.
Follow us on Instagram to increase your chances of winning.
2026-04-21 20:28:06  DEBUG     +917877335863    SUCCESS   Thanks for participating! 1 image submitted successfully.
Follow us on Instagram to increase your chances of winning.
2026-04-21 20:28:14  DEBUG     +918601737236    SUCCESS   Thanks for participating! 1 image submitted successfully.
Follow us on Instagram to increase your chances of winning.
2026-04-21 20:28:14  DEBUG     Batch 70/100 — 5 pair(s)
2026-04-21 20:28:22  DEBUG     +916459699767    SUCCESS   Thanks for participating! 1 image submitted successfully.
Follow us on Instagram to increase your chances of winning.
2026-04-21 20:28:34  DEBUG     +918142002077    SUCCESS   Thanks for participating! 1 image submitted successfully.
Follow us on Instagram to increase your chances of winning.
2026-04-21 20:28:42  DEBUG     +918008797437    SUCCESS   Thanks for participating! 1 image submitted successfully.
Follow us on Instagram to increase your chances of winning.
2026-04-21 20:28:51  DEBUG     +919974034153    SUCCESS   Thanks for participating! 1 image submitted successfully.
Follow us on Instagram to increase your chances of winning.
2026-04-21 20:29:02  DEBUG     +918163773428    SUCCESS   Thanks for participating! 1 image submitted successfully.
Follow us on Instagram to increase your chances of winning.
2026-04-21 20:29:02  DEBUG     Batch 71/100 — 5 pair(s)
2026-04-21 20:29:13  DEBUG     +916355354433    SUCCESS   Thanks for participating! 1 image submitted successfully.
Follow us on Instagram to increase your chances of winning.
2026-04-21 20:29:22  DEBUG     +917618554589    SUCCESS   Thanks for participating! 1 image submitted successfully.
Follow us on Instagram to increase your chances of winning.
2026-04-21 20:29:33  DEBUG     +919396250829    SUCCESS   Thanks for participating! 1 image submitted successfully.
Follow us on Instagram to increase your chances of winning.
2026-04-21 20:29:42  DEBUG     +918098458338    SUCCESS   Thanks for participating! 1 image submitted successfully.
Follow us on Instagram to increase your chances of winning.
2026-04-21 20:29:50  DEBUG     +917477896416    SUCCESS   Thanks for participating! 1 image submitted successfully.
Follow us on Instagram to increase your chances of winning.
2026-04-21 20:29:50  DEBUG     Batch 72/100 — 5 pair(s)
2026-04-21 20:29:58  DEBUG     +919415651942    SUCCESS   Thanks for participating! 1 image submitted successfully.
Follow us on Instagram to increase your chances of winning.
2026-04-21 20:30:06  DEBUG     +917307573107    SUCCESS   Thanks for participating! 1 image submitted successfully.
Follow us on Instagram to increase your chances of winning.
2026-04-21 20:30:18  DEBUG     +917915042475    SUCCESS   Thanks for participating! 1 image submitted successfully.
Follow us on Instagram to increase your chances of winning.
2026-04-21 20:30:26  DEBUG     +917957024539    SUCCESS   Thanks for participating! 1 image submitted successfully.
Follow us on Instagram to increase your chances of winning.
2026-04-21 20:30:37  DEBUG     +916789248945    SUCCESS   Thanks for participating! 1 image submitted successfully.
Follow us on Instagram to increase your chances of winning.
2026-04-21 20:30:37  DEBUG     Batch 73/100 — 5 pair(s)
2026-04-21 20:30:46  DEBUG     +918271799509    SUCCESS   Thanks for participating! 1 image submitted successfully.
Follow us on Instagram to increase your chances of winning.
2026-04-21 20:30:54  DEBUG     +918557699469    SUCCESS   Thanks for participating! 1 image submitted successfully.
Follow us on Instagram to increase your chances of winning.
2026-04-21 20:31:02  DEBUG     +919008071096    SUCCESS   Thanks for participating! 1 image submitted successfully.
Follow us on Instagram to increase your chances of winning.
2026-04-21 20:31:11  DEBUG     +916957143778    SUCCESS   Thanks for participating! 1 image submitted successfully.
Follow us on Instagram to increase your chances of winning.
2026-04-23 14:24:20  INFO      Run started — count=200  batch_size=10  dry_run=False  resume=True
2026-04-23 14:24:20  INFO      --resume: no exhausted numbers found, nothing to skip
2026-04-23 14:24:20  INFO      Generating phone numbers…
2026-04-23 14:24:20  INFO      Generated 200 phone number(s) (0 skipped via --resume)
2026-04-23 14:24:20  INFO      Generating 200 image(s)…
2026-04-23 14:24:30  INFO      Images written to: /home/amaan/green-automation/images
2026-04-23 14:24:30  INFO      Starting live registrations in batches of 10…
2026-04-23 14:24:30  DEBUG     Batch 1/20 — 10 pair(s)
2026-04-23 14:24:39  DEBUG     +919789956300    SUCCESS   Thanks for participating! 1 image submitted successfully.
Follow us on Instagram to increase your chances of winning.
2026-04-23 14:24:47  DEBUG     +918026636860    SUCCESS   Thanks for participating! 1 image submitted successfully.
Follow us on Instagram to increase your chances of winning.
2026-04-23 14:24:55  DEBUG     +916312553234    SUCCESS   Thanks for participating! 1 image submitted successfully.
Follow us on Instagram to increase your chances of winning.
2026-04-23 14:25:03  DEBUG     +916632113137    SUCCESS   Thanks for participating! 1 image submitted successfully.
Follow us on Instagram to increase your chances of winning.
2026-04-23 14:25:12  DEBUG     +919749725115    SUCCESS   Thanks for participating! 1 image submitted successfully.
Follow us on Instagram to increase your chances of winning.
2026-04-23 14:25:20  DEBUG     +917216202572    SUCCESS   Thanks for participating! 1 image submitted successfully.
Follow us on Instagram to increase your chances of winning.
2026-04-23 14:25:31  DEBUG     +916041776013    SUCCESS   Thanks for participating! 1 image submitted successfully.
Follow us on Instagram to increase your chances of winning.
2026-04-23 14:25:39  DEBUG     +917484721838    SUCCESS   Thanks for participating! 1 image submitted successfully.
Follow us on Instagram to increase your chances of winning.
2026-04-23 14:25:47  DEBUG     +918860197594    SUCCESS   Thanks for participating! 1 image submitted successfully.
Follow us on Instagram to increase your chances of winning.
2026-04-23 14:25:55  DEBUG     +917803367722    SUCCESS   Thanks for participating! 1 image submitted successfully.
Follow us on Instagram to increase your chances of winning.
2026-04-23 14:25:55  DEBUG     Batch 2/20 — 10 pair(s)
2026-04-23 14:26:03  DEBUG     +917376398062    SUCCESS   Thanks for participating! 1 image submitted successfully.
Follow us on Instagram to increase your chances of winning.
2026-04-23 14:26:12  DEBUG     +919093199952    SUCCESS   Thanks for participating! 1 image submitted successfully.
Follow us on Instagram to increase your chances of winning.
2026-04-23 14:26:23  DEBUG     +917496902314    SUCCESS   Thanks for participating! 1 image submitted successfully.
Follow us on Instagram to increase your chances of winning.
2026-04-23 14:26:31  DEBUG     +916998864741    SUCCESS   Thanks for participating! 1 image submitted successfully.
Follow us on Instagram to increase your chances of winning.
2026-04-23 14:26:39  DEBUG     +918653043278    SUCCESS   Thanks for participating! 1 image submitted successfully.
Follow us on Instagram to increase your chances of winning.
2026-04-23 14:26:47  DEBUG     +918120445065    SUCCESS   Thanks for participating! 1 image submitted successfully.
Follow us on Instagram to increase your chances of winning.
2026-04-23 14:26:55  DEBUG     +918353717190    SUCCESS   Thanks for participating! 1 image submitted successfully.
Follow us on Instagram to increase your chances of winning.
2026-04-23 14:27:04  DEBUG     +917547685365    SUCCESS   Thanks for participating! 1 image submitted successfully.
Follow us on Instagram to increase your chances of winning.
2026-04-23 14:27:15  DEBUG     +919755230471    SUCCESS   Thanks for participating! 1 image submitted successfully.
Follow us on Instagram to increase your chances of winning.
2026-04-23 14:27:23  DEBUG     +918385543987    SUCCESS   Thanks for participating! 1 image submitted successfully.
Follow us on Instagram to increase your chances of winning.
2026-04-23 14:27:23  DEBUG     Batch 3/20 — 10 pair(s)
2026-04-23 14:27:31  DEBUG     +918715606162    SUCCESS   Thanks for participating! 1 image submitted successfully.
Follow us on Instagram to increase your chances of winning.
2026-04-23 14:27:39  DEBUG     +916433409382    SUCCESS   Thanks for participating! 1 image submitted successfully.
Follow us on Instagram to increase your chances of winning.
2026-04-23 14:27:47  DEBUG     +919928981018    SUCCESS   Thanks for participating! 1 image submitted successfully.
Follow us on Instagram to increase your chances of winning.
2026-04-23 14:27:55  DEBUG     +916533467071    SUCCESS   Thanks for participating! 1 image submitted successfully.
Follow us on Instagram to increase your chances of winning.
2026-04-23 14:28:03  DEBUG     +919451423344    SUCCESS   Thanks for participating! 1 image submitted successfully.
Follow us on Instagram to increase your chances of winning.
2026-04-23 14:28:11  DEBUG     +918304784302    SUCCESS   Thanks for participating! 1 image submitted successfully.
Follow us on Instagram to increase your chances of winning.
2026-04-23 14:28:19  DEBUG     +916013681331    SUCCESS   Thanks for participating! 1 image submitted successfully.
Follow us on Instagram to increase your chances of winning.
2026-04-23 14:28:30  DEBUG     +916411820525    SUCCESS   Thanks for participating! 1 image submitted successfully.
Follow us on Instagram to increase your chances of winning.
2026-04-23 14:28:40  DEBUG     +916082619070    SUCCESS   Thanks for participating! 1 image submitted successfully.
Follow us on Instagram to increase your chances of winning.
2026-04-23 14:28:49  DEBUG     +919145989654    SUCCESS   Thanks for participating! 1 image submitted successfully.
Follow us on Instagram to increase your chances of winning.
2026-04-23 14:28:49  DEBUG     Batch 4/20 — 10 pair(s)
2026-04-23 14:28:57  DEBUG     +916346419772    SUCCESS   Thanks for participating! 1 image submitted successfully.
Follow us on Instagram to increase your chances of winning.
2026-04-23 14:29:05  DEBUG     +916801067457    SUCCESS   Thanks for participating! 1 image submitted successfully.
Follow us on Instagram to increase your chances of winning.
2026-04-23 14:29:14  DEBUG     +916819533983    SUCCESS   Thanks for participating! 1 image submitted successfully.
Follow us on Instagram to increase your chances of winning.
2026-04-23 14:29:25  DEBUG     +917912561495    SUCCESS   Thanks for participating! 1 image submitted successfully.
Follow us on Instagram to increase your chances of winning.
2026-04-23 14:29:32  DEBUG     +917383260946    SUCCESS   Thanks for participating! 1 image submitted successfully.
Follow us on Instagram to increase your chances of winning.
2026-04-23 14:29:40  DEBUG     +919845973219    SUCCESS   Thanks for participating! 1 image submitted successfully.
Follow us on Instagram to increase your chances of winning.
2026-04-23 14:29:49  DEBUG     +916465057085    SUCCESS   Thanks for participating! 1 image submitted successfully.
Follow us on Instagram to increase your chances of winning.
2026-04-23 14:29:56  DEBUG     +919187932102    SUCCESS   Thanks for participating! 1 image submitted successfully.
Follow us on Instagram to increase your chances of winning.
2026-04-23 14:30:06  DEBUG     +919896777900    SUCCESS   Thanks for participating! 1 image submitted successfully.
Follow us on Instagram to increase your chances of winning.
2026-04-23 14:30:17  DEBUG     +919634803640    SUCCESS   Thanks for participating! 1 image submitted successfully.
Follow us on Instagram to increase your chances of winning.
2026-04-23 14:30:17  DEBUG     Batch 5/20 — 10 pair(s)
2026-04-23 14:30:25  DEBUG     +918770314232    SUCCESS   Thanks for participating! 1 image submitted successfully.
Follow us on Instagram to increase your chances of winning.
2026-04-23 14:30:33  DEBUG     +916707941031    SUCCESS   Thanks for participating! 1 image submitted successfully.
Follow us on Instagram to increase your chances of winning.
2026-04-23 14:30:41  DEBUG     +919363077698    SUCCESS   Thanks for participating! 1 image submitted successfully.
Follow us on Instagram to increase your chances of winning.
2026-04-23 14:30:49  DEBUG     +919767233053    SUCCESS   Thanks for participating! 1 image submitted successfully.
Follow us on Instagram to increase your chances of winning.
2026-04-23 14:31:00  DEBUG     +919353505518    SUCCESS   Thanks for participating! 1 image submitted successfully.
Follow us on Instagram to increase your chances of winning.
2026-04-23 14:31:09  DEBUG     +918132974656    SUCCESS   Thanks for participating! 1 image submitted successfully.
Follow us on Instagram to increase your chances of winning.
2026-04-23 14:31:17  DEBUG     +916843133686    SUCCESS   Thanks for participating! 1 image submitted successfully.
Follow us on Instagram to increase your chances of winning.
2026-04-23 14:31:28  DEBUG     +919378907824    SUCCESS   Thanks for participating! 1 image submitted successfully.
Follow us on Instagram to increase your chances of winning.
2026-04-23 14:31:39  DEBUG     +916216735503    SUCCESS   Thanks for participating! 1 image submitted successfully.
Follow us on Instagram to increase your chances of winning.
2026-04-23 14:31:47  DEBUG     +919528271743    SUCCESS   Thanks for participating! 1 image submitted successfully.
Follow us on Instagram to increase your chances of winning.
2026-04-23 14:31:47  DEBUG     Batch 6/20 — 10 pair(s)
2026-04-23 14:31:58  DEBUG     +918168793457    SUCCESS   Thanks for participating! 1 image submitted successfully.
Follow us on Instagram to increase your chances of winning.
2026-04-23 14:32:08  DEBUG     +916388089318    SUCCESS   Thanks for participating! 1 image submitted successfully.
Follow us on Instagram to increase your chances of winning.
2026-04-23 14:32:16  DEBUG     +919441381307    SUCCESS   Thanks for participating! 1 image submitted successfully.
Follow us on Instagram to increase your chances of winning.
2026-04-23 14:32:27  DEBUG     +916477039501    SUCCESS   Thanks for participating! 1 image submitted successfully.
Follow us on Instagram to increase your chances of winning.
2026-04-23 14:32:35  DEBUG     +919477825375    SUCCESS   Thanks for participating! 1 image submitted successfully.
Follow us on Instagram to increase your chances of winning.
2026-04-23 14:32:43  DEBUG     +919913422546    SUCCESS   Thanks for participating! 1 image submitted successfully.
Follow us on Instagram to increase your chances of winning.
2026-04-23 14:32:51  DEBUG     +918090833722    SUCCESS   Thanks for participating! 1 image submitted successfully.
Follow us on Instagram to increase your chances of winning.
2026-04-23 14:32:59  DEBUG     +919611064715    SUCCESS   Thanks for participating! 1 image submitted successfully.
Follow us on Instagram to increase your chances of winning.
2026-04-23 14:33:09  DEBUG     +919805226635    SUCCESS   Thanks for participating! 1 image submitted successfully.
Follow us on Instagram to increase your chances of winning.
2026-04-23 14:33:20  DEBUG     +917040374751    SUCCESS   Thanks for participating! 1 image submitted successfully.
Follow us on Instagram to increase your chances of winning.
2026-04-23 14:33:20  DEBUG     Batch 7/20 — 10 pair(s)
2026-04-23 14:33:29  DEBUG     +918793092674    SUCCESS   Thanks for participating! 1 image submitted successfully.
Follow us on Instagram to increase your chances of winning.
2026-04-23 14:33:37  DEBUG     +918995654674    SUCCESS   Thanks for participating! 1 image submitted successfully.
Follow us on Instagram to increase your chances of winning.
2026-04-23 14:33:45  DEBUG     +918310181128    SUCCESS   Thanks for participating! 1 image submitted successfully.
Follow us on Instagram to increase your chances of winning.
2026-04-23 14:33:57  DEBUG     +916661857603    SUCCESS   Thanks for participating! 1 image submitted successfully.
Follow us on Instagram to increase your chances of winning.
2026-04-23 14:34:05  DEBUG     +916982670589    SUCCESS   Thanks for participating! 1 image submitted successfully.
Follow us on Instagram to increase your chances of winning.
2026-04-23 14:34:13  DEBUG     +917127833285    SUCCESS   Thanks for participating! 1 image submitted successfully.
Follow us on Instagram to increase your chances of winning.
2026-04-23 14:34:22  DEBUG     +917355334349    SUCCESS   Thanks for participating! 1 image submitted successfully.
Follow us on Instagram to increase your chances of winning.
2026-04-23 14:34:31  DEBUG     +917008226670    SUCCESS   Thanks for participating! 1 image submitted successfully.
Follow us on Instagram to increase your chances of winning.
2026-04-23 14:34:40  DEBUG     +919426278516    SUCCESS   Thanks for participating! 1 image submitted successfully.
Follow us on Instagram to increase your chances of winning.
2026-04-23 14:34:51  DEBUG     +917462958902    SUCCESS   Thanks for participating! 1 image submitted successfully.
Follow us on Instagram to increase your chances of winning.
2026-04-23 14:34:51  DEBUG     Batch 8/20 — 10 pair(s)
2026-04-23 14:35:02  DEBUG     +917234308883    SUCCESS   Thanks for participating! 1 image submitted successfully.
Follow us on Instagram to increase your chances of winning.
2026-04-23 14:35:12  DEBUG     +916433070240    SUCCESS   Thanks for participating! 1 image submitted successfully.
Follow us on Instagram to increase your chances of winning.
2026-04-23 14:35:23  DEBUG     +916311828480    SUCCESS   Thanks for participating! 1 image submitted successfully.
Follow us on Instagram to increase your chances of winning.
2026-04-23 14:35:31  DEBUG     +919725417899    SUCCESS   Thanks for participating! 1 image submitted successfully.
Follow us on Instagram to increase your chances of winning.
2026-04-23 14:35:39  DEBUG     +918653968748    SUCCESS   Thanks for participating! 1 image submitted successfully.
Follow us on Instagram to increase your chances of winning.
2026-04-23 14:35:50  DEBUG     +916724703691    SUCCESS   Thanks for participating! 1 image submitted successfully.
Follow us on Instagram to increase your chances of winning.
2026-04-23 14:36:01  DEBUG     +917578310952    SUCCESS   Thanks for participating! 1 image submitted successfully.
Follow us on Instagram to increase your chances of winning.
2026-04-23 14:36:08  DEBUG     +918024616518    SUCCESS   Thanks for participating! 1 image submitted successfully.
Follow us on Instagram to increase your chances of winning.
2026-04-23 14:36:18  DEBUG     +916199493171    SUCCESS   Thanks for participating! 1 image submitted successfully.
Follow us on Instagram to increase your chances of winning.
2026-04-23 14:36:28  DEBUG     +916970063722    SUCCESS   Thanks for participating! 1 image submitted successfully.
Follow us on Instagram to increase your chances of winning.
2026-04-23 14:36:28  DEBUG     Batch 9/20 — 10 pair(s)
2026-04-23 14:36:36  DEBUG     +919259252298    SUCCESS   Thanks for participating! 1 image submitted successfully.
Follow us on Instagram to increase your chances of winning.
2026-04-23 14:36:45  DEBUG     +918776024393    SUCCESS   Thanks for participating! 1 image submitted successfully.
Follow us on Instagram to increase your chances of winning.
2026-04-23 14:36:53  DEBUG     +916670242699    SUCCESS   Thanks for participating! 1 image submitted successfully.
Follow us on Instagram to increase your chances of winning.
2026-04-23 14:37:00  DEBUG     +916288773935    SUCCESS   Thanks for participating! 1 image submitted successfully.
Follow us on Instagram to increase your chances of winning.
2026-04-23 14:37:07  DEBUG     +919643706640    SUCCESS   Thanks for participating! 1 image submitted successfully.
Follow us on Instagram to increase your chances of winning.
2026-04-23 14:37:18  DEBUG     +918010752709    SUCCESS   Thanks for participating! 1 image submitted successfully.
Follow us on Instagram to increase your chances of winning.
2026-04-23 14:37:26  DEBUG     +919776915246    SUCCESS   Thanks for participating! 1 image submitted successfully.
Follow us on Instagram to increase your chances of winning.
2026-04-23 14:37:36  DEBUG     +917304219540    SUCCESS   Thanks for participating! 1 image submitted successfully.
Follow us on Instagram to increase your chances of winning.
2026-04-23 14:37:43  DEBUG     +918734399461    SUCCESS   Thanks for participating! 1 image submitted successfully.
Follow us on Instagram to increase your chances of winning.
2026-04-23 14:37:51  DEBUG     +916004595537    SUCCESS   Thanks for participating! 1 image submitted successfully.
Follow us on Instagram to increase your chances of winning.
2026-04-23 14:37:51  DEBUG     Batch 10/20 — 10 pair(s)
2026-04-23 14:37:58  DEBUG     +919792281936    SUCCESS   Thanks for participating! 1 image submitted successfully.
Follow us on Instagram to increase your chances of winning.
2026-04-23 14:38:07  DEBUG     +918571868504    SUCCESS   Thanks for participating! 1 image submitted successfully.
Follow us on Instagram to increase your chances of winning.
2026-04-23 14:38:14  DEBUG     +918633177296    SUCCESS   Thanks for participating! 1 image submitted successfully.
Follow us on Instagram to increase your chances of winning.
2026-04-23 14:38:23  DEBUG     +918090717716    SUCCESS   Thanks for participating! 1 image submitted successfully.
Follow us on Instagram to increase your chances of winning.
2026-04-23 14:38:31  DEBUG     +917516668535    SUCCESS   Thanks for participating! 1 image submitted successfully.
Follow us on Instagram to increase your chances of winning.
2026-04-23 14:38:38  DEBUG     +917040556960    SUCCESS   Thanks for participating! 1 image submitted successfully.
Follow us on Instagram to increase your chances of winning.
2026-04-23 14:38:49  DEBUG     +919287902906    SUCCESS   Thanks for participating! 1 image submitted successfully.
Follow us on Instagram to increase your chances of winning.
2026-04-23 14:39:02  DEBUG     +918130306369    SUCCESS   Thanks for participating! 1 image submitted successfully.
Follow us on Instagram to increase your chances of winning.
2026-04-23 14:39:12  DEBUG     +916495971440    SUCCESS   Thanks for participating! 1 image submitted successfully.
Follow us on Instagram to increase your chances of winning.
2026-04-23 14:39:22  DEBUG     +918712232836    SUCCESS   Thanks for participating! 1 image submitted successfully.
Follow us on Instagram to increase your chances of winning.
2026-04-23 14:39:22  DEBUG     Batch 11/20 — 10 pair(s)
2026-04-23 14:39:30  DEBUG     +916850314894    SUCCESS   Thanks for participating! 1 image submitted successfully.
Follow us on Instagram to increase your chances of winning.
2026-04-23 14:39:39  DEBUG     +917091193184    SUCCESS   Thanks for participating! 1 image submitted successfully.
Follow us on Instagram to increase your chances of winning.
2026-04-23 14:39:46  DEBUG     +918205285020    SUCCESS   Thanks for participating! 1 image submitted successfully.
Follow us on Instagram to increase your chances of winning.
2026-04-23 14:39:53  DEBUG     +916226509089    SUCCESS   Thanks for participating! 1 image submitted successfully.
Follow us on Instagram to increase your chances of winning.
2026-04-23 14:39:56  DEBUG     +917402127959    FAILED    Navigation error: Page.goto: net::ERR_NETWORK_IO_SUSPENDED at https://greendotball.com/?utm_source=ViralFission&utm_medium=VF95
Call log:
navigating to "https://greendotball.com/?utm_source=ViralFission&utm_medium=VF95", waiting until "domcontentloaded"

2026-04-23 18:36:29  DEBUG     +919352653791    FAILED    Navigation error: Page.goto: net::ERR_INTERNET_DISCONNECTED at https://greendotball.com/?utm_source=ViralFission&utm_medium=VF95
Call log:
navigating to "https://greendotball.com/?utm_source=ViralFission&utm_medium=VF95", waiting until "domcontentloaded"

2026-04-23 18:36:31  DEBUG     +919188654248    FAILED    Navigation error: Page.goto: net::ERR_INTERNET_DISCONNECTED at https://greendotball.com/?utm_source=ViralFission&utm_medium=VF95
Call log:
navigating to "https://greendotball.com/?utm_source=ViralFission&utm_medium=VF95", waiting until "domcontentloaded"

2026-04-23 18:36:42  DEBUG     +919194314399    SUCCESS   Thanks for participating! 1 image submitted successfully.
Follow us on Instagram to increase your chances of winning.
2026-04-23 18:36:50  DEBUG     +916426280387    SUCCESS   Thanks for participating! 1 image submitted successfully.
Follow us on Instagram to increase your chances of winning.
2026-04-23 18:36:58  DEBUG     +919141875426    SUCCESS   Thanks for participating! 1 image submitted successfully.
Follow us on Instagram to increase your chances of winning.
2026-04-23 18:36:58  DEBUG     Batch 12/20 — 10 pair(s)
2026-04-24 00:26:01  DEBUG     +917904997596    FAILED    Navigation error: Page.goto: net::ERR_INTERNET_DISCONNECTED at https://greendotball.com/?utm_source=ViralFission&utm_medium=VF95
Call log:
navigating to "https://greendotball.com/?utm_source=ViralFission&utm_medium=VF95", waiting until "domcontentloaded"

2026-04-24 00:26:05  DEBUG     +917785637452    FAILED    Navigation error: Page.goto: net::ERR_INTERNET_DISCONNECTED at https://greendotball.com/?utm_source=ViralFission&utm_medium=VF95
Call log:
navigating to "https://greendotball.com/?utm_source=ViralFission&utm_medium=VF95", waiting until "domcontentloaded"

2026-04-24 00:26:20  DEBUG     +918124711070    SUCCESS   Thanks for participating! 1 image submitted successfully.
Follow us on Instagram to increase your chances of winning.
2026-04-24 00:26:29  DEBUG     +919486382385    SUCCESS   Thanks for participating! 1 image submitted successfully.
Follow us on Instagram to increase your chances of winning.
2026-04-24 11:04:30  DEBUG     +918930334076    FAILED    Navigation error: Page.goto: net::ERR_INTERNET_DISCONNECTED at https://greendotball.com/?utm_source=ViralFission&utm_medium=VF95
Call log:
navigating to "https://greendotball.com/?utm_source=ViralFission&utm_medium=VF95", waiting until "domcontentloaded"

2026-04-24 11:04:33  DEBUG     +916564036276    FAILED    Navigation error: Page.goto: net::ERR_INTERNET_DISCONNECTED at https://greendotball.com/?utm_source=ViralFission&utm_medium=VF95
Call log:
navigating to "https://greendotball.com/?utm_source=ViralFission&utm_medium=VF95", waiting until "domcontentloaded"

2026-04-24 11:04:54  DEBUG     +916221727762    SUCCESS   Thanks for participating! 1 image submitted successfully.
Follow us on Instagram to increase your chances of winning.
2026-04-24 11:05:03  DEBUG     +918636547406    SUCCESS   Thanks for participating! 1 image submitted successfully.
Follow us on Instagram to increase your chances of winning.
2026-04-24 11:05:13  DEBUG     +916208479363    SUCCESS   Thanks for participating! 1 image submitted successfully.
Follow us on Instagram to increase your chances of winning.
2026-04-24 11:05:20  DEBUG     +916553142935    SUCCESS   Thanks for participating! 1 image submitted successfully.
Follow us on Instagram to increase your chances of winning.
2026-04-24 11:05:20  DEBUG     Batch 13/20 — 10 pair(s)
2026-04-24 11:05:22  DEBUG     +918238011099    FAILED    Navigation error: Page.goto: net::ERR_INTERNET_DISCONNECTED at https://greendotball.com/?utm_source=ViralFission&utm_medium=VF95
Call log:
navigating to "https://greendotball.com/?utm_source=ViralFission&utm_medium=VF95", waiting until "domcontentloaded"

2026-04-24 11:07:26  DEBUG     +918963602719    FAILED    Navigation error: Page.goto: net::ERR_INTERNET_DISCONNECTED at https://greendotball.com/?utm_source=ViralFission&utm_medium=VF95
Call log:
navigating to "https://greendotball.com/?utm_source=ViralFission&utm_medium=VF95", waiting until "domcontentloaded"

2026-04-24 11:07:42  DEBUG     +919982764281    SUCCESS   Thanks for participating! 1 image submitted successfully.
Follow us on Instagram to increase your chances of winning.
2026-04-24 11:07:50  DEBUG     +917030469289    SUCCESS   Thanks for participating! 1 image submitted successfully.
Follow us on Instagram to increase your chances of winning.
2026-04-24 11:08:01  DEBUG     +919197661728    SUCCESS   Thanks for participating! 1 image submitted successfully.
Follow us on Instagram to increase your chances of winning.
2026-04-24 11:08:09  DEBUG     +916226558544    SUCCESS   Thanks for participating! 1 image submitted successfully.
Follow us on Instagram to increase your chances of winning.
2026-04-24 11:08:17  DEBUG     +918146158787    SUCCESS   Thanks for participating! 1 image submitted successfully.
Follow us on Instagram to increase your chances of winning.
2026-04-24 11:08:25  DEBUG     +918915581030    SUCCESS   Thanks for participating! 1 image submitted successfully.
Follow us on Instagram to increase your chances of winning.
2026-04-24 11:08:33  DEBUG     +917295485527    SUCCESS   Thanks for participating! 1 image submitted successfully.
Follow us on Instagram to increase your chances of winning.
2026-04-24 11:08:43  DEBUG     +916215732152    SUCCESS   Thanks for participating! 1 image submitted successfully.
Follow us on Instagram to increase your chances of winning.
2026-04-24 11:08:43  DEBUG     Batch 14/20 — 10 pair(s)
2026-04-24 11:08:54  DEBUG     +919156269346    SUCCESS   Thanks for participating! 1 image submitted successfully.
Follow us on Instagram to increase your chances of winning.
2026-04-24 11:09:02  DEBUG     +919743195360    SUCCESS   Thanks for participating! 1 image submitted successfully.
Follow us on Instagram to increase your chances of winning.
2026-04-24 11:09:10  DEBUG     +917966007618    SUCCESS   Thanks for participating! 1 image submitted successfully.
Follow us on Instagram to increase your chances of winning.
2026-04-24 11:09:18  DEBUG     +919794980598    SUCCESS   Thanks for participating! 1 image submitted successfully.
Follow us on Instagram to increase your chances of winning.
2026-04-24 11:09:26  DEBUG     +919797281342    SUCCESS   Thanks for participating! 1 image submitted successfully.
Follow us on Instagram to increase your chances of winning.
2026-04-24 11:09:34  DEBUG     +916179299614    SUCCESS   Thanks for participating! 1 image submitted successfully.
Follow us on Instagram to increase your chances of winning.
2026-04-24 11:09:43  DEBUG     +918195673526    SUCCESS   Thanks for participating! 1 image submitted successfully.
Follow us on Instagram to increase your chances of winning.
2026-04-24 11:09:52  DEBUG     +916554751270    SUCCESS   Thanks for participating! 1 image submitted successfully.
Follow us on Instagram to increase your chances of winning.
2026-04-24 11:10:01  DEBUG     +918384070548    SUCCESS   Thanks for participating! 1 image submitted successfully.
Follow us on Instagram to increase your chances of winning.
2026-04-24 11:10:11  DEBUG     +918003043640    SUCCESS   Thanks for participating! 1 image submitted successfully.
Follow us on Instagram to increase your chances of winning.
2026-04-24 11:10:11  DEBUG     Batch 15/20 — 10 pair(s)
2026-04-24 11:10:19  DEBUG     +919594742144    SUCCESS   Thanks for participating! 1 image submitted successfully.
Follow us on Instagram to increase your chances of winning.
2026-04-24 11:10:28  DEBUG     +918932131761    SUCCESS   Thanks for participating! 1 image submitted successfully.
Follow us on Instagram to increase your chances of winning.
2026-04-24 11:10:36  DEBUG     +918863656939    SUCCESS   Thanks for participating! 1 image submitted successfully.
Follow us on Instagram to increase your chances of winning.
2026-04-24 11:10:48  DEBUG     +917040162379    SUCCESS   Thanks for participating! 1 image submitted successfully.
Follow us on Instagram to increase your chances of winning.
2026-04-24 11:10:56  DEBUG     +917762137742    SUCCESS   Thanks for participating! 1 image submitted successfully.
Follow us on Instagram to increase your chances of winning.
2026-04-24 11:11:04  DEBUG     +918035236318    SUCCESS   Thanks for participating! 1 image submitted successfully.
Follow us on Instagram to increase your chances of winning.
2026-04-24 11:11:12  DEBUG     +917958288820    SUCCESS   Thanks for participating! 1 image submitted successfully.
Follow us on Instagram to increase your chances of winning.
2026-04-24 11:11:24  DEBUG     +918484634741    SUCCESS   Thanks for participating! 1 image submitted successfully.
Follow us on Instagram to increase your chances of winning.
2026-04-24 11:11:33  DEBUG     +916137706588    SUCCESS   Thanks for participating! 1 image submitted successfully.
Follow us on Instagram to increase your chances of winning.
2026-04-24 11:11:45  DEBUG     +916779093202    SUCCESS   Thanks for participating! 1 image submitted successfully.
Follow us on Instagram to increase your chances of winning.
2026-04-24 11:11:45  DEBUG     Batch 16/20 — 10 pair(s)
2026-04-24 11:11:53  DEBUG     +916118438415    SUCCESS   Thanks for participating! 1 image submitted successfully.
Follow us on Instagram to increase your chances of winning.
2026-04-24 11:12:03  DEBUG     +919436524264    SUCCESS   Thanks for participating! 1 image submitted successfully.
Follow us on Instagram to increase your chances of winning.
2026-04-24 11:12:12  DEBUG     +919422347030    SUCCESS   Thanks for participating! 1 image submitted successfully.
Follow us on Instagram to increase your chances of winning.
2026-04-24 11:12:20  DEBUG     +918556220887    SUCCESS   Thanks for participating! 1 image submitted successfully.
Follow us on Instagram to increase your chances of winning.
2026-04-24 11:12:33  DEBUG     +917546749297    SUCCESS   Thanks for participating! 1 image submitted successfully.
Follow us on Instagram to increase your chances of winning.
2026-04-24 11:12:42  DEBUG     +917199566714    SUCCESS   Thanks for participating! 1 image submitted successfully.
Follow us on Instagram to increase your chances of winning.
2026-04-24 11:12:57  DEBUG     +919472909510    SUCCESS   Thanks for participating! 1 image submitted successfully.
Follow us on Instagram to increase your chances of winning.
2026-04-24 11:13:05  DEBUG     +918389514735    SUCCESS   Thanks for participating! 1 image submitted successfully.
Follow us on Instagram to increase your chances of winning.
2026-04-24 11:13:17  DEBUG     +916274369423    SUCCESS   Thanks for participating! 1 image submitted successfully.
Follow us on Instagram to increase your chances of winning.
2026-04-24 11:13:24  DEBUG     +918783355964    SUCCESS   Thanks for participating! 1 image submitted successfully.
Follow us on Instagram to increase your chances of winning.
2026-04-24 11:13:24  DEBUG     Batch 17/20 — 10 pair(s)
2026-04-24 11:13:32  DEBUG     +918197379636    SUCCESS   Thanks for participating! 1 image submitted successfully.
Follow us on Instagram to increase your chances of winning.
2026-04-24 11:13:40  DEBUG     +919642871228    SUCCESS   Thanks for participating! 1 image submitted successfully.
Follow us on Instagram to increase your chances of winning.
2026-04-24 11:13:48  DEBUG     +916085544456    SUCCESS   Thanks for participating! 1 image submitted successfully.
Follow us on Instagram to increase your chances of winning.
2026-04-24 11:13:56  DEBUG     +916713072041    SUCCESS   Thanks for participating! 1 image submitted successfully.
Follow us on Instagram to increase your chances of winning.
2026-04-24 11:14:04  DEBUG     +919122747613    SUCCESS   Thanks for participating! 1 image submitted successfully.
Follow us on Instagram to increase your chances of winning.
2026-04-24 11:14:12  DEBUG     +918840187032    SUCCESS   Thanks for participating! 1 image submitted successfully.
Follow us on Instagram to increase your chances of winning.
2026-04-24 11:14:20  DEBUG     +918394101820    SUCCESS   Thanks for participating! 1 image submitted successfully.
Follow us on Instagram to increase your chances of winning.
2026-04-24 11:14:29  DEBUG     +919521996672    SUCCESS   Thanks for participating! 1 image submitted successfully.
Follow us on Instagram to increase your chances of winning.
2026-04-24 11:14:36  DEBUG     +916013414042    SUCCESS   Thanks for participating! 1 image submitted successfully.
Follow us on Instagram to increase your chances of winning.
2026-04-24 11:14:45  DEBUG     +919315031553    SUCCESS   Thanks for participating! 1 image submitted successfully.
Follow us on Instagram to increase your chances of winning.
2026-04-24 11:14:45  DEBUG     Batch 18/20 — 10 pair(s)
2026-04-24 11:14:56  DEBUG     +918330853668    SUCCESS   Thanks for participating! 1 image submitted successfully.
Follow us on Instagram to increase your chances of winning.
2026-04-24 11:15:03  DEBUG     +919688383654    SUCCESS   Thanks for participating! 1 image submitted successfully.
Follow us on Instagram to increase your chances of winning.
2026-04-24 11:15:11  DEBUG     +918665190332    SUCCESS   Thanks for participating! 1 image submitted successfully.
Follow us on Instagram to increase your chances of winning.
2026-04-24 11:15:21  DEBUG     +916459944093    SUCCESS   Thanks for participating! 1 image submitted successfully.
Follow us on Instagram to increase your chances of winning.
2026-04-24 11:15:32  DEBUG     +918970421043    SUCCESS   Thanks for participating! 1 image submitted successfully.
Follow us on Instagram to increase your chances of winning.
2026-04-24 11:15:40  DEBUG     +918801630430    SUCCESS   Thanks for participating! 1 image submitted successfully.
Follow us on Instagram to increase your chances of winning.
2026-04-24 11:15:48  DEBUG     +919656832172    SUCCESS   Thanks for participating! 1 image submitted successfully.
Follow us on Instagram to increase your chances of winning.
2026-04-24 11:15:59  DEBUG     +916333448158    SUCCESS   Thanks for participating! 1 image submitted successfully.
Follow us on Instagram to increase your chances of winning.
2026-04-24 11:16:07  DEBUG     +916553210293    SUCCESS   Thanks for participating! 1 image submitted successfully.
Follow us on Instagram to increase your chances of winning.
2026-04-24 11:16:16  DEBUG     +919740382723    SUCCESS   Thanks for participating! 1 image submitted successfully.
Follow us on Instagram to increase your chances of winning.
2026-04-24 11:16:16  DEBUG     Batch 19/20 — 10 pair(s)
2026-04-24 11:16:24  DEBUG     +917321313921    SUCCESS   Thanks for participating! 1 image submitted successfully.
Follow us on Instagram to increase your chances of winning.
2026-04-24 11:16:33  DEBUG     +919955256348    SUCCESS   Thanks for participating! 1 image submitted successfully.
Follow us on Instagram to increase your chances of winning.
2026-04-24 11:16:44  DEBUG     +916785959677    SUCCESS   Thanks for participating! 1 image submitted successfully.
Follow us on Instagram to increase your chances of winning.
2026-04-24 11:16:52  DEBUG     +918292593880    SUCCESS   Thanks for participating! 1 image submitted successfully.
Follow us on Instagram to increase your chances of winning.
2026-04-24 11:17:00  DEBUG     +917926703322    SUCCESS   Thanks for participating! 1 image submitted successfully.
Follow us on Instagram to increase your chances of winning.
2026-04-24 11:17:08  DEBUG     +917800045477    SUCCESS   Thanks for participating! 1 image submitted successfully.
Follow us on Instagram to increase your chances of winning.
2026-04-24 11:17:16  DEBUG     +916813818633    SUCCESS   Thanks for participating! 1 image submitted successfully.
Follow us on Instagram to increase your chances of winning.
2026-04-24 11:17:28  DEBUG     +919151841780    SUCCESS   Thanks for participating! 1 image submitted successfully.
Follow us on Instagram to increase your chances of winning.
2026-04-24 11:17:36  DEBUG     +919583681031    SUCCESS   Thanks for participating! 1 image submitted successfully.
Follow us on Instagram to increase your chances of winning.
2026-04-24 11:17:44  DEBUG     +916766475990    SUCCESS   Thanks for participating! 1 image submitted successfully.
Follow us on Instagram to increase your chances of winning.
2026-04-24 11:17:44  DEBUG     Batch 20/20 — 10 pair(s)
2026-04-24 11:17:52  DEBUG     +917765702738    SUCCESS   Thanks for participating! 1 image submitted successfully.
Follow us on Instagram to increase your chances of winning.
2026-04-24 11:18:02  DEBUG     +918600245749    SUCCESS   Thanks for participating! 1 image submitted successfully.
Follow us on Instagram to increase your chances of winning.
2026-04-24 11:18:10  DEBUG     +916076868081    SUCCESS   Thanks for participating! 1 image submitted successfully.
Follow us on Instagram to increase your chances of winning.
2026-04-24 11:18:18  DEBUG     +918323672781    SUCCESS   Thanks for participating! 1 image submitted successfully.
Follow us on Instagram to increase your chances of winning.
2026-04-24 11:18:26  DEBUG     +919734351003    SUCCESS   Thanks for participating! 1 image submitted successfully.
Follow us on Instagram to increase your chances of winning.
2026-04-24 11:18:38  DEBUG     +916770829509    SUCCESS   Thanks for participating! 1 image submitted successfully.
Follow us on Instagram to increase your chances of winning.
2026-04-24 11:18:46  DEBUG     +919961738337    SUCCESS   Thanks for participating! 1 image submitted successfully.
Follow us on Instagram to increase your chances of winning.
2026-04-24 11:18:55  DEBUG     +917746703137    SUCCESS   Thanks for participating! 1 image submitted successfully.
Follow us on Instagram to increase your chances of winning.
2026-04-24 11:19:04  DEBUG     +918945934375    SUCCESS   Thanks for participating! 1 image submitted successfully.
Follow us on Instagram to increase your chances of winning.
2026-04-24 11:19:12  DEBUG     +918798532110    SUCCESS   Thanks for participating! 1 image submitted successfully.
Follow us on Instagram to increase your chances of winning.
2026-04-24 11:19:12  INFO      Exporting results…
2026-04-24 11:19:12  INFO      Successful numbers → /home/amaan/green-automation/successful_numbers.csv
2026-04-24 11:19:12  INFO      Failed numbers     → /home/amaan/green-automation/failed_numbers.csv
2026-04-24 11:19:12  INFO      Run complete — attempted=4666  success=4358  failed=308
2026-04-24 11:19:12  INFO      Cleaning up images folder…
2026-04-24 11:19:12  INFO      Images folder removed.
2026-04-24 11:19:12  INFO      Run finished.
2026-04-24 12:52:29  INFO      Run started — count=250  batch_size=10  dry_run=False  resume=True
2026-04-24 12:52:29  INFO      --resume: no exhausted numbers found, nothing to skip
2026-04-24 12:52:29  INFO      Generating phone numbers…
2026-04-24 12:52:29  INFO      Generated 250 phone number(s) (0 skipped via --resume)
2026-04-24 12:52:29  INFO      Generating 250 image(s)…
2026-04-24 12:52:38  INFO      Images written to: /home/amaan/green-automation/images
2026-04-24 12:52:38  INFO      Starting live registrations in batches of 10…
2026-04-24 12:52:38  DEBUG     Batch 1/25 — 10 pair(s)
2026-04-24 12:52:50  DEBUG     +917077611986    SUCCESS   Thanks for participating! 1 image submitted successfully.
Follow us on Instagram to increase your chances of winning.
2026-04-24 12:52:58  DEBUG     +917631062031    SUCCESS   Thanks for participating! 1 image submitted successfully.
Follow us on Instagram to increase your chances of winning.
2026-04-24 12:53:06  DEBUG     +919919423020    SUCCESS   Thanks for participating! 1 image submitted successfully.
Follow us on Instagram to increase your chances of winning.
2026-04-24 12:53:13  DEBUG     +916289894036    SUCCESS   Thanks for participating! 1 image submitted successfully.
Follow us on Instagram to increase your chances of winning.
2026-04-24 12:53:21  DEBUG     +916093266921    SUCCESS   Thanks for participating! 1 image submitted successfully.
Follow us on Instagram to increase your chances of winning.
2026-04-24 12:53:32  DEBUG     +919838938175    SUCCESS   Thanks for participating! 1 image submitted successfully.
Follow us on Instagram to increase your chances of winning.
2026-04-24 12:53:39  DEBUG     +917128642557    SUCCESS   Thanks for participating! 1 image submitted successfully.
Follow us on Instagram to increase your chances of winning.
2026-04-24 12:53:47  DEBUG     +916985507610    SUCCESS   Thanks for participating! 1 image submitted successfully.
Follow us on Instagram to increase your chances of winning.
2026-04-24 12:54:01  DEBUG     +918184672593    SUCCESS   Thanks for participating! 1 image submitted successfully.
Follow us on Instagram to increase your chances of winning.
2026-04-24 12:54:13  DEBUG     +917702384057    SUCCESS   Thanks for participating! 1 image submitted successfully.
Follow us on Instagram to increase your chances of winning.
2026-04-24 12:54:13  DEBUG     Batch 2/25 — 10 pair(s)
2026-04-24 12:54:21  DEBUG     +919181078893    SUCCESS   Thanks for participating! 1 image submitted successfully.
Follow us on Instagram to increase your chances of winning.
2026-04-24 12:54:31  DEBUG     +919289072355    SUCCESS   Thanks for participating! 1 image submitted successfully.
Follow us on Instagram to increase your chances of winning.
2026-04-24 12:54:43  DEBUG     +916607733451    SUCCESS   Thanks for participating! 1 image submitted successfully.
Follow us on Instagram to increase your chances of winning.
2026-04-24 12:54:54  DEBUG     +919748885470    SUCCESS   Thanks for participating! 1 image submitted successfully.
Follow us on Instagram to increase your chances of winning.
2026-04-24 12:55:02  DEBUG     +919842796499    SUCCESS   Thanks for participating! 1 image submitted successfully.
Follow us on Instagram to increase your chances of winning.
2026-04-24 12:55:09  DEBUG     +917327869657    SUCCESS   Thanks for participating! 1 image submitted successfully.
Follow us on Instagram to increase your chances of winning.
2026-04-24 12:55:17  DEBUG     +917723708841    SUCCESS   Thanks for participating! 1 image submitted successfully.
Follow us on Instagram to increase your chances of winning.
